term_name,url
アイコン,https://www.fe-siken.com/keyword/7/7-1/#84b393b47fd7e168bcc3488901192f295d525000
ユーザーインタフェース技術,https://www.fe-siken.com/keyword/7/7-1
アイディアソン,https://www.fe-siken.com/keyword/20/20-1/#2f99a01549c518d2082074598298ffec0b6a89fe
技術開発戦略の立案,https://www.fe-siken.com/keyword/20/20-1
相手固定接続,https://www.fe-siken.com/keyword/10/10-5/#40db4c0dfe0142f8131a37d0874625fddd624cd5
ネットワーク応用,https://www.fe-siken.com/keyword/10/10-5
アイトラッキングデバイス,https://www.fe-siken.com/keyword/3/3-5/#b01dcf021864980fc298cbd1cec55e7fe03bc48c
入出力装置,https://www.fe-siken.com/keyword/3/3-5
アウトソーシング,https://www.fe-siken.com/keyword/19/19-1/#a7b18adce08e0674492c7fc82540fcb9ae82cad8
経営戦略手法,https://www.fe-siken.com/keyword/19/19-1
アウトソーシングサービス,https://www.fe-siken.com/keyword/17/17-3/#030e41252beb9f7c79d08ee92056b3f5e7bb1530
ソリューションビジネス,https://www.fe-siken.com/keyword/17/17-3
アウトソーシングの利用,https://www.fe-siken.com/keyword/15/15-2/#29b15077960b0915852f7f62036a08700aeb4a28
サービスマネジメントシステムの計画及び運用,https://www.fe-siken.com/keyword/15/15-2
アウトプットの管理,https://www.fe-siken.com/keyword/15/15-4/#9f1655b81573a3a2c22e84d10c56de8f0aa8054e
サービスの運用,https://www.fe-siken.com/keyword/15/15-4
アカウンタビリティ,https://www.fe-siken.com/keyword/5/5-1/#90b0f0255f156d8ee9f4de7aef6a8d8a1c7a4504
オペレーティングシステム,https://www.fe-siken.com/keyword/5/5-1
アカウントアグリゲーション,https://www.fe-siken.com/keyword/21/21-3/#74c0141f107a0171d07ce297ddeda2af4bd0d707
e-ビジネス,https://www.fe-siken.com/keyword/21/21-3
アカウント管理,https://www.fe-siken.com/keyword/11/11-2/#a4647248db8949c3f6ffda94777215177711c5ef
情報セキュリティ管理,https://www.fe-siken.com/keyword/11/11-2
アーキテクチャ,https://www.fe-siken.com/keyword/12/12-2/#a67e9f5d800b93118f3fe9694b776659531e4ce9
設計,https://www.fe-siken.com/keyword/12/12-2
アキュムレーター,https://www.fe-siken.com/keyword/3/3-1/#39886efbb86548045fecc30552eafff371a4d026
プロセッサ,https://www.fe-siken.com/keyword/3/3-1
アクセシビリティ,https://www.fe-siken.com/keyword/7/7-1/#114e181bfbc61cd6780a5b9fddfe68ae8b67f029
アクセス管理,https://www.fe-siken.com/keyword/11/11-1/#3c64b0b44e3e7de6fcab079808b95ab28ae6cc84
情報セキュリティ,https://www.fe-siken.com/keyword/11/11-1
アクセス権,https://www.fe-siken.com/keyword/9/9-3/#8c9da5858f2de49cc81163a84b352348dc950079
データ操作,https://www.fe-siken.com/keyword/9/9-3
アクセス権管理,https://www.fe-siken.com/keyword/13/13-3/#c69f973cf429ff43dc9e4820b7b8238065a0e016
開発環境管理,https://www.fe-siken.com/keyword/13/13-3
アクセス権の誤設定,https://www.fe-siken.com/keyword/11/11-1/#048d646243d5150862a86e3fd287dc397c705eb6
アクセス権の設定,https://www.fe-siken.com/keyword/11/11-4/#9823e966472ea48e9da3474d465b60bab9663e66
情報セキュリティ対策,https://www.fe-siken.com/keyword/11/11-4
アクセス制御,https://www.fe-siken.com/keyword/11/11-4/#444634dcfc8e58d16be0d4b5883b2f98305362a0
アクセス制御機能,https://www.fe-siken.com/keyword/23/23-2/#3e639e4faf3a768967c18902e733e445b50d94da
セキュリティ関連法規,https://www.fe-siken.com/keyword/23/23-2
アクチュエーター,https://www.fe-siken.com/keyword/1/1-5/#bb67a7121f1bc59c9bc024a5afbaada18e94a0d8
計測・制御に関する理論,https://www.fe-siken.com/keyword/1/1-5
アクティビティ,https://www.fe-siken.com/keyword/12/12-1/#404108e35929f77272202ffa440f4d7b2cab58a7
システム要件定義・ソフトウェア要件定義,https://www.fe-siken.com/keyword/12/12-1
アクティビティ図,https://www.fe-siken.com/keyword/2/2-5/#ff9352033fd143265ebf1d599ba450f5cc531f81
その他の言語,https://www.fe-siken.com/keyword/2/2-5
アクティブ-アクティブ構成,https://www.fe-siken.com/keyword/4/4-1/#0998d9c9678bae68e7e82600a10cdffc11eefba7
システムの構成,https://www.fe-siken.com/keyword/4/4-1
アクティブ-スタンバイ構成,https://www.fe-siken.com/keyword/4/4-1/#e2c4ee7018ca58d48ec6e62d4dcfd39c6f9512b1
アクティブモード,https://www.fe-siken.com/keyword/10/10-5/#0229b4b6492930532f305a66b33f0977dbdfb9cc
アクティベーション,https://www.fe-siken.com/keyword/13/13-2/#4eda2472d248c363906ca155d13e02ae96ec23c4
知的財産適用管理,https://www.fe-siken.com/keyword/13/13-2
アグリゲーションサービス,https://www.fe-siken.com/keyword/21/21-3/#3f6530cd9842c22e6161c05b8fc763461aaaceff
アコーディオン,https://www.fe-siken.com/keyword/7/7-1/#6294db2c16881ed602500db005344d99f0abc056
アサーション,https://www.fe-siken.com/keyword/12/12-3/#15232dcbe9f1a7ae6fee63b4d0d68cea693ff7b8
実装・構築,https://www.fe-siken.com/keyword/12/12-3
アサーションチェッカ,https://www.fe-siken.com/keyword/5/5-4/#eb735669da8eb531c7773308039b2c1b123a4e7a
開発ツール,https://www.fe-siken.com/keyword/5/5-4
アサンプションマップ,https://www.fe-siken.com/keyword/19/19-2/#a95901438ccf3964f3c6c65e4c31e3b24dfbd41a
マーケティング,https://www.fe-siken.com/keyword/19/19-2
アジャイル,https://www.fe-siken.com/keyword/13/13-1/#f27ef97b352e3972e6713ee5895c3730308d8bea
開発プロセス・手法,https://www.fe-siken.com/keyword/13/13-1
アジャイルソフトウェア開発宣言,https://www.fe-siken.com/keyword/13/13-1/#abc9d8b43c3fb1614e0525cbc3b060841f71f971
アジャイルソフトウェアの12の原則,https://www.fe-siken.com/keyword/13/13-1/#f7474e2bb8f4a0697cd0c3bb59685ff6f58e0f58
アセンブラ,https://www.fe-siken.com/keyword/5/5-4/#8661e28d04f383ba5512c3b213aa7c83f6399ffe
アソシエーション分析,https://www.fe-siken.com/keyword/22/22-2/#d099766fdf3e879d262e37b0342d0170dd07b3a7
業務分析・データ利活用,https://www.fe-siken.com/keyword/22/22-2
アダプティブラーニング,https://www.fe-siken.com/keyword/22/22-1/#139c52e78680403b71bb4200933bcaae7cb0f40d
経営・組織論,https://www.fe-siken.com/keyword/22/22-1
圧縮率,https://www.fe-siken.com/keyword/8/8-1/#34e5764b69303e77a1747c88da54f71210137b3d
マルチメディア技術,https://www.fe-siken.com/keyword/8/8-1
アップロード,https://www.fe-siken.com/keyword/10/10-5/#ad467ff1f0fc425289f64f3bfe1974f89d26af2d
圧力センサー,https://www.fe-siken.com/keyword/1/1-5/#7449bce90197da82c35b1914c0c75b9a6d887b19
アドレスクラス,https://www.fe-siken.com/keyword/10/10-1/#d657e68c4987ec07321563dc839ba082b548cea7
ネットワーク方式,https://www.fe-siken.com/keyword/10/10-1
アドレス修飾,https://www.fe-siken.com/keyword/3/3-1/#2e18991f55a70ca7c7597387f5410e523466d69e
アドレス選択機構,https://www.fe-siken.com/keyword/3/3-2/#ca75178cda860e3db3bc9d77cca5ceea9d5cf764
メモリ,https://www.fe-siken.com/keyword/3/3-2
アドレスバス,https://www.fe-siken.com/keyword/3/3-3/#5232c59e255a2da6a1e9adec571d3ff8d6dc2472
バス,https://www.fe-siken.com/keyword/3/3-3
アナログ,https://www.fe-siken.com/keyword/3/3-4/#6a155555b7daabb0b9f2754eb9ea232e9dc3587e
入出力デバイス,https://www.fe-siken.com/keyword/3/3-4
アニュアルレポート,https://www.fe-siken.com/keyword/22/22-1/#90b08bf51042d50bae81c016edf6b3a0cba242ab
アノテーション,https://www.fe-siken.com/keyword/22/22-2/#ed60dad05863e3c9d4407a6aff5e9bff8e3fd6b9
アフィリエイト,https://www.fe-siken.com/keyword/19/19-2/#842ecfea6c5c8d8e61c942f3807805e6a518992e
アプリケーション層,https://www.fe-siken.com/keyword/10/10-2/#bf4117680548000d6fa55c01a4e82facbd01aa68
データ通信と制御,https://www.fe-siken.com/keyword/10/10-2
アプリケーションソフトウェア審査,https://www.fe-siken.com/keyword/13/13-1/#e7375c6b4050a4e45888b2a8178c4460235f7c9f
アプリケーションソフトウェア配布,https://www.fe-siken.com/keyword/13/13-1/#e04d4ce89de7067c5903ab6de02f16f8483f7bbc
アプリケーションプログラム間連携ソフトウェア,https://www.fe-siken.com/keyword/5/5-2/#5f2a77700942ed2b348542bb2a290a7c1b1816ca
ミドルウェア,https://www.fe-siken.com/keyword/5/5-2
あふれ域,https://www.fe-siken.com/keyword/5/5-3/#dfff462f996419d7267d87f02ae5b3978133dafa
ファイルシステム,https://www.fe-siken.com/keyword/5/5-3
アムダールの法則,https://www.fe-siken.com/keyword/3/3-1/#95f3349be4e7f7139080dd3b40948da458b82fa1
アライアンス,https://www.fe-siken.com/keyword/19/19-1/#47fe6be1ce55a8a2e2c2be73ede2eae59a6d5b4e
アーラン,https://www.fe-siken.com/keyword/10/10-1/#a1854da18db993af113c81e86dc68947c961833f
アルゴリズム,https://www.fe-siken.com/keyword/12/12-3/#72e3a51eec2b826437ea9055cae6d6fcba7e592e
アルゴリズムのバイアス,https://www.fe-siken.com/keyword/21/21-1/#6e03a417804eb68460b349d373d80eb9129917ef
ビジネスシステム,https://www.fe-siken.com/keyword/21/21-1
アローダイアグラム,https://www.fe-siken.com/keyword/14/14-6/#d297b44c5a28472d252d7f27a04d01e2a65486e8
プロジェクトの時間,https://www.fe-siken.com/keyword/14/14-6
アローダイアグラム法,https://www.fe-siken.com/keyword/22/22-2/#e945ac7db1d65eedd13cf8c0b12c1477fd49c208
アンケート,https://www.fe-siken.com/keyword/18/18-2/#88fea27db064b36d04a5d0dd96464fec82080df2
要件定義,https://www.fe-siken.com/keyword/18/18-2
アンケート調査,https://www.fe-siken.com/keyword/22/22-2/#55562d40d81a9f1a5631adaf017183150a78f239
暗号資産,https://www.fe-siken.com/keyword/21/21-3/#dfeb312ab516dc6e229474f95288559d3de4b32b
安全管理措置,https://www.fe-siken.com/keyword/23/23-2/#948ed9a33c37bbc74075f0442e3905440f082994
安全在庫,https://www.fe-siken.com/keyword/22/22-2/#9b2cd9b5278d340e9ad6c4ca066bb90df697af4f
安全性,https://www.fe-siken.com/keyword/5/5-5/#5373c1f19fd811ffba3bafbff1fabd1146c0458c
オープンソースソフトウェア,https://www.fe-siken.com/keyword/5/5-5
安全性指標,https://www.fe-siken.com/keyword/22/22-3/#714789f0a1e140d8ecb42fe0ea17a4d6f53ca4f0
会計・財務,https://www.fe-siken.com/keyword/22/22-3
アンダーフロー,https://www.fe-siken.com/keyword/1/1-1/#d8ca7149c3b7cd3b4e72ebf8803c551df20ceacf
離散数学,https://www.fe-siken.com/keyword/1/1-1
委員会設置会社,https://www.fe-siken.com/keyword/23/23-4/#39114a80434b34f4dd1ff1bbefa580ceb2b3c179
その他の法律・ガイドライン・技術者倫理,https://www.fe-siken.com/keyword/23/23-4
育児・介護休業法,https://www.fe-siken.com/keyword/23/23-3/#86b227b9d91ea29e4360e51e8727c51434fd8734
労働関連・取引関連法規,https://www.fe-siken.com/keyword/23/23-3
移行,https://www.fe-siken.com/keyword/15/15-2/#3141ee0cc062bb0662a7182195d9b73acbae9eb2
移行計画,https://www.fe-siken.com/keyword/15/15-2/#63358db42be8371a99811f0ba964fa648686f7e8
移行計画の文書化と検証,https://www.fe-siken.com/keyword/12/12-6/#296cb1308348396f4f5c93b0048657b9b834dd80
保守・廃棄,https://www.fe-siken.com/keyword/12/12-6
移行結果の検証,https://www.fe-siken.com/keyword/12/12-6/#5169a9eef0a84b6064937a1f3d235fdd4b7d3824
移行の通知,https://www.fe-siken.com/keyword/15/15-2/#5ec6f5b6fdc44cf94fa601d378922efa83fd42fd
移行判断,https://www.fe-siken.com/keyword/15/15-2/#c2b8c710c66725f022abadd9121b1c576175a1ea
移行評価,https://www.fe-siken.com/keyword/12/12-6/#6c5bf2222876cafc26dad1b0c079777e056744e5
移行要件,https://www.fe-siken.com/keyword/12/12-1/#984f994fc328e3ce9998fd22a208f94360250ba1
移行リハーサル,https://www.fe-siken.com/keyword/15/15-2/#50d5ea421adea658080fbfb11f4670e9cd0a1b5c
意匠,https://www.fe-siken.com/keyword/23/23-1/#a2d6eadbd68adf25bd9107e3371cc886aa05e504
知的財産権,https://www.fe-siken.com/keyword/23/23-1
意匠権,https://www.fe-siken.com/keyword/23/23-1/#73f4ad0625595913dfec7ed6c168bc2d4f4b33e7
移植性,https://www.fe-siken.com/keyword/12/12-2/#77f880fad76211a969c4a2f6482492bac824089c
委託研究,https://www.fe-siken.com/keyword/20/20-1/#970714ad30a42af360ef8e55c5c8c6a1cf188228
委託事業者,https://www.fe-siken.com/keyword/23/23-3/#f72d5c70e5d9549753cfae891c8bb520cc2f98eb
一意性制約,https://www.fe-siken.com/keyword/9/9-2/#be0fc6c6cabe24958a8c67b29e217e0457ba1b0a
データベース設計,https://www.fe-siken.com/keyword/9/9-2
一次サポート,https://www.fe-siken.com/keyword/15/15-4/#5134973f011f96a79559a5a1d430be805dcc5f23
一事実一箇所,https://www.fe-siken.com/keyword/12/12-2/#15524a32bc4ea48e5df9f4cc64bbfa791483420f
一貫性,https://www.fe-siken.com/keyword/13/13-4/#cde751bbee316db340df7309112f4a98e9556928
構成管理・変更管理,https://www.fe-siken.com/keyword/13/13-4
一般競争入札,https://www.fe-siken.com/keyword/18/18-3/#cdb6bca834788a3ff9d7ebd803cc77c2413ad72a
調達計画・実施,https://www.fe-siken.com/keyword/18/18-3
一般データ保護規則,https://www.fe-siken.com/keyword/23/23-2/#564a44d70856682f7683ae791eec26c98ade549a
移動体通信事業者,https://www.fe-siken.com/keyword/10/10-5/#1f7b0a817ec090abb3a7fcbcc07e6d2428a16300
移動平均,https://www.fe-siken.com/keyword/22/22-2/#a069bb2e8b5e6df82d6810cf655f6039bafbcf9d
移動平均法,https://www.fe-siken.com/keyword/22/22-2/#e088a62801ac9a0f4a73e801e25d81c267f0eb2b
イニシャルコスト,https://www.fe-siken.com/keyword/4/4-2/#8982bf336e47c831a6bc5d44439c05f3270b1f65
システムの評価指標,https://www.fe-siken.com/keyword/4/4-2
イノベーション,https://www.fe-siken.com/keyword/19/19-1/#8b0402caf91d604cccf79e818423e99dd7a8f493
イベント,https://www.fe-siken.com/keyword/21/21-4/#e18b1ea15d9c1dddf7fad47d3ea1043ca30184e6
民生機器,https://www.fe-siken.com/keyword/21/21-4
意味解析,https://www.fe-siken.com/keyword/2/2-2/#4708b5301c7043a05c4287539db9dbd19fea2b35
アルゴリズム,https://www.fe-siken.com/keyword/2/2-2
イミュータブルバックアップ,https://www.fe-siken.com/keyword/11/11-4/#0ad8c7a99b41f6285e97658861d4a64f1739e0c6
医療機器,https://www.fe-siken.com/keyword/21/21-5/#5298dac5d983fd4d21487b5db6892d16407f7ef0
産業機器,https://www.fe-siken.com/keyword/21/21-5
医療情報システム,https://www.fe-siken.com/keyword/21/21-1/#def18af47052457c53915ee2b4bf4f9bd7d042c5
色の3原色,https://www.fe-siken.com/keyword/8/8-2/#255eec02ee5bce5adb902e4220c4a9cc7cb344ca
マルチメディア応用,https://www.fe-siken.com/keyword/8/8-2
インクジェットプリンター,https://www.fe-siken.com/keyword/3/3-5/#d4f89a21111e89425c7bbebac9a25ed59be93c68
インシデント,https://www.fe-siken.com/keyword/15/15-2/#a7835a67928c1acc3caa128e7bdc87e5636bd2d1
インシデント管理,https://www.fe-siken.com/keyword/15/15-2/#09d4b0a23032d853e4a181148e9625145ed898eb
因子分析,https://www.fe-siken.com/keyword/1/1-2/#d23576fcbbe7e80659bbc2c93433515ce9093a38
応用数学,https://www.fe-siken.com/keyword/1/1-2
因数分解,https://www.fe-siken.com/keyword/1/1-2/#c05f1e9a2dfeb08a3dd125f210b4f7d111f594fb
インスタンス,https://www.fe-siken.com/keyword/12/12-2/#de3dcb4ec65fc2b62d6948458036ef7f2ecab413
インストール計画の作成,https://www.fe-siken.com/keyword/12/12-5/#33e0628a47d654cfeaf9dcd01e2ecf6caee7ad9a
導入・受入れ支援,https://www.fe-siken.com/keyword/12/12-5
インスペクション,https://www.fe-siken.com/keyword/12/12-2/#3a5b4178f602250db6a99d3f30abfd249fbb5636
インスペクター,https://www.fe-siken.com/keyword/5/5-4/#75c6a4d1f1210cc3ad60e4afa5da3412487151b5
インターネット広告,https://www.fe-siken.com/keyword/19/19-2/#69760be1a909cbab74621b557b02699983f42849
インターネットサービスプロバイダ,https://www.fe-siken.com/keyword/10/10-1/#7bc6d21b02cd34f1abe8910fdb7dc532c4796835
インターネットバンキング,https://www.fe-siken.com/keyword/21/21-3/#6a3325fc71edc1a7ae315ffea12f04e53b99240e
インターネットビジネス,https://www.fe-siken.com/keyword/21/21-3/#6c558bea6b416e879dac804387bb0e3d2936e74e
インタビュー,https://www.fe-siken.com/keyword/18/18-2/#073eafeb0c953c9bd861dc999b12001a7878d043
インタフェース仕様,https://www.fe-siken.com/keyword/12/12-2/#d1fcc2e59af84431d24dc97549a9946baa41266a
インタフェース設計,https://www.fe-siken.com/keyword/12/12-1/#18e4b26bec64b8bc3bbebc789d6004b853f228fc
インタフェース設計基準,https://www.fe-siken.com/keyword/12/12-2/#622fd530dfda392440772bcd741f535e58e09703
インタフェースファイル,https://www.fe-siken.com/keyword/12/12-1/#1927431250d60770451dad3cc4fcd4cff600639a
インタプリタ,https://www.fe-siken.com/keyword/5/5-4/#2110e78e7e6691ce5fedc88a2131f3b7a7b85921
インタラクションの原則,https://www.fe-siken.com/keyword/7/7-1/#181ecd969ebabca09819b659a3a5aef74c64c144
インタラクティブシステム,https://www.fe-siken.com/keyword/7/7-1/#706938f515888d0385489738063083da14951e5b
インタラクティブ性,https://www.fe-siken.com/keyword/8/8-1/#ee33097953d75d84a436639f7abed63304922a95
インタレースモード,https://www.fe-siken.com/keyword/3/3-5/#7c2317b828d0539e0bf04a55b5e2401f298c2328
インデックス数,https://www.fe-siken.com/keyword/9/9-4/#428cc33c014c133d4f9e974129119dc4539ef8bd
トランザクション処理,https://www.fe-siken.com/keyword/9/9-4
インデックスレジスタ,https://www.fe-siken.com/keyword/3/3-1/#889d938eff92a52f2d13891fd1826be2fbcf9b3b
インデンテーション,https://www.fe-siken.com/keyword/12/12-3/#31b63772478fe2fb8324c3215bdd0a909d1d4abf
インパクトプリンター,https://www.fe-siken.com/keyword/3/3-5/#861c788b634c21a7f06d626a81df395c21b3cfa8
インフォグラフィック,https://www.fe-siken.com/keyword/7/7-2/#fda5d3a75c7cb006fd222a796a87db3cdae9c71a
UX/UIデザイン,https://www.fe-siken.com/keyword/7/7-2
インメモリデータベース,https://www.fe-siken.com/keyword/9/9-1/#67ed243ce11741d24ce255de05231b37e12cbdf0
データベース方式,https://www.fe-siken.com/keyword/9/9-1
引用,https://www.fe-siken.com/keyword/23/23-1/#23c0e102a0ae1ce0d113b5541fb080146541e238
ウィンドウ,https://www.fe-siken.com/keyword/7/7-1/#01c2dcd21e1c7ec9a3b7aa2500e67c81feb2fc55
ウェアラブルコンピュータ,https://www.fe-siken.com/keyword/21/21-4/#a1f90cc9bbb35bee0a313ab163269c964d58714a
ウェアレベリング,https://www.fe-siken.com/keyword/3/3-2/#a466131afb6e2f4a4b607c20408a145c9c91ba37
ウェルビーイング,https://www.fe-siken.com/keyword/22/22-1/#4bdab09232c27678e7f74e8d0289285e0135976e
ウォークスルー,https://www.fe-siken.com/keyword/12/12-2/#4565bc7d0fe4c86f4847ff4016d2a3323bccc73e
ウォーターフォールモデル,https://www.fe-siken.com/keyword/13/13-1/#8f551d278aff9ef3ee8c28e24a9a1ea488092153
ウォームサイト,https://www.fe-siken.com/keyword/4/4-1/#24b4df6211037e3a1fa9248b7f7d05798aed3517
ウォームスタート,https://www.fe-siken.com/keyword/9/9-4/#f2436e8256496bb43f25ebe1045bd6160bf63d7c
ウォームスタンバイ,https://www.fe-siken.com/keyword/15/15-2/#2a58bcbebdee49e3485521f29b2b20448d634972
受入れ基準,https://www.fe-siken.com/keyword/12/12-5/#f25cfc909247bc9988794bd253de76ea376254d2
受入れ試験環境,https://www.fe-siken.com/keyword/15/15-2/#1ab22b26e2dfa5ce751f79f179e853481d1daac5
受入れ体制,https://www.fe-siken.com/keyword/12/12-5/#043e64c7a48abd69ce2bb0ab1df4dc2a6e15d08a
受入れ手順,https://www.fe-siken.com/keyword/12/12-5/#40fe9406087855de9f3cbc929bb64786e099533c
受入れテスト,https://www.fe-siken.com/keyword/12/12-5/#49dab3d92deb8fe86a3b8b28d0bf04b5e6bb398e
請負契約,https://www.fe-siken.com/keyword/18/18-3/#902bdce9859bc9b5db07ffe5bda963b0b583dbdd
打切り誤差,https://www.fe-siken.com/keyword/1/1-2/#fc47e248dd593a71d91dce754e6448420003e2e2
埋込みSQL,https://www.fe-siken.com/keyword/9/9-3/#407eedeb8e504e675cb37f484ef6a6b3a744b553
運用,https://www.fe-siken.com/keyword/11/11-2/#6f217ebecd571bce72aa492c2a4a2d2b065bb2b4
運用オペレーション,https://www.fe-siken.com/keyword/15/15-4/#a8a32c467170cc5f4708fd12f098f18333e753c3
運用及び保守の実現可能性,https://www.fe-siken.com/keyword/12/12-3/#fa359f8c95f8bef3b4f83a1f7171a2c7c87d9290
運用管理,https://www.fe-siken.com/keyword/5/5-1/#701b80e1ade991bbdc71db1ac9f213e3c0a5caae
運用管理ツール,https://www.fe-siken.com/keyword/5/5-2/#7ebb1ecc2bf9141ca2f0606bf127b827e52e3439
運用規程,https://www.fe-siken.com/keyword/12/12-5/#654ad5503652cdd9ff2d274478f6ed3046ba4ab8
運用サービス基準,https://www.fe-siken.com/keyword/15/15-2/#84f948e81325685766f663e89d52b41b800cc95a
運用支援ツール,https://www.fe-siken.com/keyword/15/15-4/#d8f5b71aa4b04dbe7925a6c429ffbf5af59da8c1
運用シナリオ,https://www.fe-siken.com/keyword/12/12-1/#28dd3985dc7064ab00a5850a77a4ce99ba47a1d6
運用性,https://www.fe-siken.com/keyword/12/12-2/#398ef12c67d52094962161345cb7f93d1938374f
運用操作テスト,https://www.fe-siken.com/keyword/12/12-5/#43d893359a5b1064a366d860507117c4620dd227
運用テスト,https://www.fe-siken.com/keyword/15/15-2/#8e70b0516b8e3054646fc678ce14fa53d33d39b1
運用の資源管理,https://www.fe-siken.com/keyword/15/15-4/#18bac8d1f895642749c43b05c2fc3e92d9d6c741
運用引継ぎ,https://www.fe-siken.com/keyword/15/15-2/#7eb43d7d1aaf286525626281e7845d483f990344
運用要件,https://www.fe-siken.com/keyword/12/12-1/#cdab6da007569eff583c5cc4f95a8e57f3f97925
影響,https://www.fe-siken.com/keyword/15/15-2/#ed65777930c5a6aa3225b01b61501b0715e13500
営業外損益,https://www.fe-siken.com/keyword/22/22-3/#37817f8208c6087a671771f0078d931c6e8bd67b
営業支援システム,https://www.fe-siken.com/keyword/9/9-5/#0bf8b95df289741be9b51fcfff3be625553312a8
データベース応用,https://www.fe-siken.com/keyword/9/9-5
営業秘密,https://www.fe-siken.com/keyword/23/23-1/#1c7c6855d16dc5804140244203f1cea6742bf067
衛星通信サービス,https://www.fe-siken.com/keyword/10/10-5/#93729ddc31787a24e1f56dd58133525d68052282
衛生理論,https://www.fe-siken.com/keyword/22/22-1/#4fb2bfa0151523b91e520a246d61b2113b35663c
エイリアス,https://www.fe-siken.com/keyword/5/5-3/#b49d17b43280b022d4e275e0da815f606348fa2e
液晶ディスプレイ,https://www.fe-siken.com/keyword/3/3-5/#1785090f589be594d80a48b0a2509ea156bab630
エキスパートシステム,https://www.fe-siken.com/keyword/1/1-3/#0b44dc6951a728cc2a11d9aad524d314e48d7637
情報に関する理論,https://www.fe-siken.com/keyword/1/1-3
エコシステム,https://www.fe-siken.com/keyword/19/19-1/#810ae1263259461d968505be813011f3464037d3
エコーチェンバー,https://www.fe-siken.com/keyword/23/23-4/#a3b7eb58e00812187ff77ffe29c7bb7336359c96
エシカルハッカー,https://www.fe-siken.com/keyword/11/11-2/#365ec4228c82802bdf78a9032091a904b6496dc1
エスカレーション,https://www.fe-siken.com/keyword/15/15-2/#5bd41563373eaabe7e4616940f69bc7aa49717c2
枝,https://www.fe-siken.com/keyword/2/2-1/#14baba4cf87a87637bd84365fb286c5b66cb07c7
データ構造,https://www.fe-siken.com/keyword/2/2-1
得た教訓の収集,https://www.fe-siken.com/keyword/14/14-2/#71decb20d7df30e2b31c55367087638edd398596
プロジェクトの統合,https://www.fe-siken.com/keyword/14/14-2
得た教訓文書,https://www.fe-siken.com/keyword/14/14-2/#aa9a61c0ac95bffa9c038ebde017e9954a3747c6
エッジAI,https://www.fe-siken.com/keyword/21/21-4/#2e903c5cc7f1a6fbebfaabd9ed38ed7ad4f241b5
エッジコンピューティング,https://www.fe-siken.com/keyword/4/4-1/#e8c2c8a21e57c9a3939a1b5f25d40473de8e7a2c
エピック,https://www.fe-siken.com/keyword/12/12-1/#ed48c7c84761111bc15bb2a06064b54c0ea62530
エミュレーター,https://www.fe-siken.com/keyword/5/5-4/#1e846c764ac0d8eecac3437e4090614a2273b337
エラー,https://www.fe-siken.com/keyword/11/11-1/#ec6399d678a4958ac46e019919ea108e0910d4e2
エラー埋込法,https://www.fe-siken.com/keyword/12/12-3/#2769521101690c292171249aa1132c7ef7c4bc99
演繹推論,https://www.fe-siken.com/keyword/1/1-3/#a8387d9f893c1d79c0b991cebedc6086a6f94d09
遠隔バックアップ,https://www.fe-siken.com/keyword/11/11-4/#c681c2aa44c11712a285a380d14d7241190aa751
遠隔保守,https://www.fe-siken.com/keyword/12/12-6/#8354e9a0038504b5f122020ac0f1b347b7809d56
エンタープライズサーチ,https://www.fe-siken.com/keyword/17/17-1/#8345716f6196a4901377f98c21fa5bf04efdab7f
情報システム戦略,https://www.fe-siken.com/keyword/17/17-1
エンティティ,https://www.fe-siken.com/keyword/9/9-2/#7eadaaf0ddccf51a9e08d396f393298426835bae
エンパワーメント,https://www.fe-siken.com/keyword/22/22-1/#5a284a222d1d94e33718845a510c562db1a24759
応対マニュアル,https://www.fe-siken.com/keyword/15/15-4/#3b808592dbce63a02b20634fe6fe871fdfdd51c3
応答時間,https://www.fe-siken.com/keyword/15/15-1/#312f7e3616113fe95781fefc22fde4e50cea16f2
サービスマネジメント,https://www.fe-siken.com/keyword/15/15-1
応答特性,https://www.fe-siken.com/keyword/1/1-5/#80d3428b37b7220a39d8ae7130e20884192b7839
オーサリング環境,https://www.fe-siken.com/keyword/8/8-1/#e358a83b794b37993bb23a6e008f113efbeec6ed
オーディット機能,https://www.fe-siken.com/keyword/5/5-1/#5c4a9154d05a90a4c9518ff9cbe5695fb341e695
オートインデント,https://www.fe-siken.com/keyword/12/12-3/#5a5924e5b1c2fc5dc8eb8012ba9f99118ea14471
オートマトン,https://www.fe-siken.com/keyword/1/1-3/#9a13c510a8738425fa054146975b9ef5c4bead69
オーバーフロー,https://www.fe-siken.com/keyword/1/1-1/#ca31e96a6ecd7b0988c27ec889d79003b61b5ddf
オーバーライド,https://www.fe-siken.com/keyword/2/2-3/#4f802cee1f6200b3ee13daec1c8f2fc8f0b60983
プログラミング,https://www.fe-siken.com/keyword/2/2-3
オーバーレイネットワーク,https://www.fe-siken.com/keyword/10/10-1/#ac2e312492e28a697d3952eb21fc8957335d85ff
オーバーレイ方式,https://www.fe-siken.com/keyword/5/5-1/#d451a436411c7c1427e905f43acd5d8077a336ad
オーバーロード,https://www.fe-siken.com/keyword/2/2-3/#26fbaecb6a560f051b1920e7ed080f10d1ce9a4d
オブジェクト指向言語,https://www.fe-siken.com/keyword/1/1-3/#b3f6b793dfde55b997df0762ebab8953dd6e847a
オブジェクト指向プログラミング,https://www.fe-siken.com/keyword/2/2-3/#1a75484447a5952d1a50a04e904c85a115b9ace3
オブジェクト図,https://www.fe-siken.com/keyword/2/2-5/#dca90477dc0969170e5a9c33fee5c87108a15b0f
オブジェクトライブラリ,https://www.fe-siken.com/keyword/5/5-2/#eec45c1d0e3a6cc357173ab5c5bea5caf3d6d068
オフショア,https://www.fe-siken.com/keyword/17/17-2/#0ddb0c687646528af156ca9826408ff8ee8aed62
業務プロセス,https://www.fe-siken.com/keyword/17/17-2
オプトアウト,https://www.fe-siken.com/keyword/23/23-2/#8c9a90e6aa2cc9a21ffc36748a9af7d11948fd28
オプトイン,https://www.fe-siken.com/keyword/23/23-2/#418ab5e0e5a89421f58d2800e0c081b8d1aca809
オプトインメール広告,https://www.fe-siken.com/keyword/19/19-2/#7ae4d9aca107cdec8111a22c19671ef4d7a83f30
オフバランス,https://www.fe-siken.com/keyword/22/22-3/#b9ba19c0b0d4dfabcc2e6d3fcc8e0ce6ae8c3d4f
オープンイノベーション,https://www.fe-siken.com/keyword/20/20-1/#12664fc7a0984b60d2f5810b2486368313bc6262
オープンOS,https://www.fe-siken.com/keyword/5/5-1/#8ed798b00c6b20e24f3b62f8e4488a33e592cd39
オープンソースライブラリ,https://www.fe-siken.com/keyword/5/5-5/#ae4f90107f504bb5b521388a11b1bbbb007721bb
オープンデータ,https://www.fe-siken.com/keyword/22/22-2/#55ae3a196b2e98ffd3262744d91097ce89321860
オープンリゾルバの悪用,https://www.fe-siken.com/keyword/11/11-1/#70061b40ee5fa5799ec39aaadd8dcb15edcb9ce3
オープンループ,https://www.fe-siken.com/keyword/1/1-5/#171de45ced5584651f956be5217ec212211eff36
オープンループ制御,https://www.fe-siken.com/keyword/6/6-1/#e01f422abd8ea79f2412944a6633de046851b29d
ハードウェア,https://www.fe-siken.com/keyword/6/6-1
オペレーショナルリスク,https://www.fe-siken.com/keyword/11/11-2/#6aa902c5c014cd10abdcda150da781c746d14020
オムニチャネル,https://www.fe-siken.com/keyword/19/19-2/#66c306b07b4063db47235e7b7bf18f8ca240cdf5
折れ線グラフ,https://www.fe-siken.com/keyword/22/22-2/#d1fc02143399fb0b3a1421f8e276a1309dd2b09f
オンサイト保守,https://www.fe-siken.com/keyword/12/12-6/#c43912a63c32924b1bac906e139f62bb7ff99e91
音声出力装置,https://www.fe-siken.com/keyword/3/3-5/#70fc6c17cec8596e8fa8334212e356eace83b186
音声入力装置,https://www.fe-siken.com/keyword/3/3-5/#1f9611d60ca106163f26ce873d12a9015d52e52b
音声認識,https://www.fe-siken.com/keyword/7/7-1/#dc461b06e850bda2dfd0e325046abaac92a2b596
温度センサー,https://www.fe-siken.com/keyword/1/1-5/#2d0745cd1823897c8bb7473cd5fa352fab3df538
オンプレミス,https://www.fe-siken.com/keyword/17/17-3/#6864bf39e961d91d7c5d6e7851bfb9b97e3c0c1d
オンラインショッピング,https://www.fe-siken.com/keyword/21/21-3/#0c7d6e827403a7adf0918d73b94b9e4c0e901e43
オンラインモール,https://www.fe-siken.com/keyword/21/21-3/#226baa294f85578d8c86fe11d48babc543261840
回帰テスト,https://www.fe-siken.com/keyword/12/12-4/#0b246a64308ee47d4ec31a0f762ab044365812fa
統合・テスト,https://www.fe-siken.com/keyword/12/12-4
回帰分析,https://www.fe-siken.com/keyword/1/1-2/#77a6852112a029e3317c8ebef7af081381bf7eca
会計監査,https://www.fe-siken.com/keyword/16/16-1/#c7b51ff5cc12b2c510dea77c47dfb4bb31dd5792
システム監査,https://www.fe-siken.com/keyword/16/16-1
会計基準,https://www.fe-siken.com/keyword/22/22-3/#1ec081881e6c7cc92e14104b8ce3aad3739553cf
会計業務,https://www.fe-siken.com/keyword/15/15-2/#d3c4af5bcc63074172f1321a4d91e5b4d80867cc
会計・経理・財務システム,https://www.fe-siken.com/keyword/21/21-1/#6d4de32ac6371f64e74e3431d559d2fac2d0113b
解決目標時間,https://www.fe-siken.com/keyword/15/15-2/#e530b0cdca0f311ab0f09cb22b223253ad1e33f6
外国為替及び外国貿易法,https://www.fe-siken.com/keyword/23/23-4/#980071f04284ab3e5f27693e70726c5ec55eea94
改ざん,https://www.fe-siken.com/keyword/11/11-1/#961223690999e3f939d620f1209f8147a74e387e
開始タグ,https://www.fe-siken.com/keyword/2/2-5/#daedc61ad1de5c30101147146b6b6934339ea524
会社法,https://www.fe-siken.com/keyword/16/16-2/#30bd861c9f2e1e785239ca616806b6a3c38cc9d1
内部統制,https://www.fe-siken.com/keyword/16/16-2
階乗,https://www.fe-siken.com/keyword/1/1-2/#ac5f3c174284f91f530155d6113556c4ed3fd549
改善,https://www.fe-siken.com/keyword/11/11-2/#f59bd9e46edb8783a06be482eaa328e4ea9e7ab5
改善計画,https://www.fe-siken.com/keyword/16/16-1/#d766fc6a9853549136e9f3e14769013ab64a3ec2
回線交換,https://www.fe-siken.com/keyword/10/10-2/#72dcb7d1305e1d2d05c6999e190ed971ae017107
回線交換サービス,https://www.fe-siken.com/keyword/10/10-5/#ee4e639ea24384e152b5c2eba4f20eb3f842e809
回線交換網,https://www.fe-siken.com/keyword/10/10-1/#bed522c40d017bc8368d7d91d52c9957e6275ace
改善作業,https://www.fe-siken.com/keyword/12/12-5/#8e7574f290564c2fb12508c3be0ad621b0a08d04
回線接続装置,https://www.fe-siken.com/keyword/10/10-2/#23a6ed8eaa40f516908041f94bffe26f08ce9526
改善提案,https://www.fe-siken.com/keyword/16/16-1/#52ded2ecaf607803a37102c73024235c972c8166
改善提案のフォローアップ,https://www.fe-siken.com/keyword/16/16-1/#5ff61ba5f518d959f7dce39fb1490474944f9adf
回線容量,https://www.fe-siken.com/keyword/10/10-1/#7f03ff0a6051c73c129a0badd233a73085e23943
階層,https://www.fe-siken.com/keyword/12/12-2/#2c8f1caf965c985a622d813afc9e30e82d46f6c5
階層型組織,https://www.fe-siken.com/keyword/22/22-1/#5c8a929b12b86c2b247a0a2c006b04c08f3c5e10
階層構造化,https://www.fe-siken.com/keyword/13/13-1/#fd40804440719fce460ef9847fe7e581bcccda86
階層モデル,https://www.fe-siken.com/keyword/9/9-1/#d2ceee4d150f0264a7eb91c68e390160776cd09c
概念スキーマ,https://www.fe-siken.com/keyword/9/9-1/#1b96c111963a88c68071e571072ac5c970a7254c
概念データモデル,https://www.fe-siken.com/keyword/9/9-2/#411a9c85dd47b83bbd9cae77bcda3614990d83d7
開発投資対効果,https://www.fe-siken.com/keyword/18/18-1/#169fbc58a3889bdedd2d47c6083d9397cc1dac0d
システム化計画,https://www.fe-siken.com/keyword/18/18-1
開発の生産性,https://www.fe-siken.com/keyword/12/12-2/#a83bec4dc0c55f0d5292e5119d163796d50356b6
開発プロセスからの保守に必要な成果物の引継ぎ,https://www.fe-siken.com/keyword/12/12-6/#4c581b806646595917b1afbbf2318921f5400ac9
回避策,https://www.fe-siken.com/keyword/15/15-2/#90b88b68fb0139542b5b757137877c224ef3f354
外部委託やクラウドサービスの利用時における情報セキュリティ,https://www.fe-siken.com/keyword/11/11-2/#02bb5d0fb8464bb176f292007b55c10dcdf46d3a
外部一貫性,https://www.fe-siken.com/keyword/12/12-3/#b50d0948d34a64e2e44a49dbd360e3e5f28b3f4d
外部監査,https://www.fe-siken.com/keyword/16/16-1/#29f21d21ffa60952e80a8fd60365c761269d0427
外部キー,https://www.fe-siken.com/keyword/9/9-2/#dcb1aaae098af39f1a17cbea31a8906758b7d73a
外部供給者,https://www.fe-siken.com/keyword/15/15-2/#60098531184383fef60b079cf5d462e5d59d58fe
回復力,https://www.fe-siken.com/keyword/15/15-2/#8390143a5cadd0a488fa90fd50c376b041d092ed
外部サービス利用のリスク,https://www.fe-siken.com/keyword/11/11-2/#7ba0b346d9313f099535b20883271969ece7a919
外部スキーマ,https://www.fe-siken.com/keyword/9/9-1/#d764b0078667097fc6aab06d73579a7e309586cd
外部バス,https://www.fe-siken.com/keyword/3/3-3/#0bcf5f3967948d18667178be73abd0dbe9789da9
外部割込み,https://www.fe-siken.com/keyword/3/3-1/#cb17c16e63f06c5c103138880c502083279c4682
改良保守,https://www.fe-siken.com/keyword/12/12-6/#1e120b0f3b1eb681f82b2b56aff7078785929ea5
回路設計,https://www.fe-siken.com/keyword/6/6-1/#7e8ce8093740e80a6422399de5ef89b441ccfbbd
回路配置利用権,https://www.fe-siken.com/keyword/23/23-1/#e7c51efdd9994057f22985f6b54e0c8d450b2978
会話型SQL,https://www.fe-siken.com/keyword/9/9-3/#4c1d4380b58738c6cf3cdf3bb9653354cd52e173
カオスエンジニアリング,https://www.fe-siken.com/keyword/13/13-1/#af78c0f4466cb753068918d4c8bac7f27591ccd4
過学習,https://www.fe-siken.com/keyword/1/1-3/#d520251b8d93a1f116e1af708776fff73cc531c4
係り受け解析,https://www.fe-siken.com/keyword/2/2-2/#20ecb9b0f106884fa510494fd35a2a24da53fdf9
書換型,https://www.fe-siken.com/keyword/3/3-2/#53f0fcbfb2d2dfcf3d5279823eccd6698fe1109e
鍵管理,https://www.fe-siken.com/keyword/11/11-1/#a3c9c6c79b6518860fbd89341e84f7c563ee2a52
可逆圧縮,https://www.fe-siken.com/keyword/8/8-1/#d4510401495b410b0ef2bdfe2b8911a4ce3d945b
拡散モデル,https://www.fe-siken.com/keyword/1/1-3/#d3f7db2d8e5670a4c4cbbaeb8b8a611ed7be2685
学習データ,https://www.fe-siken.com/keyword/1/1-3/#6c3d3f5b6a770f2009196f637768802143ab1e6b
学習マネジメントシステム,https://www.fe-siken.com/keyword/17/17-4/#036916b7b58976e568c4463bb3cb7a827672ab6c
システム活用促進・評価,https://www.fe-siken.com/keyword/17/17-4
確証バイアス,https://www.fe-siken.com/keyword/22/22-2/#52c63bb34e760bf95f60774f5c23b5f1c65a6a30
各妥当性確認テストを実施するための環境条件,https://www.fe-siken.com/keyword/12/12-5/#4e1a082a414d47ea053aa86f12b07f377028b3b3
拡張バス,https://www.fe-siken.com/keyword/3/3-3/#deed73279b93c0b4f08d6b9878f6979467869724
過失,https://www.fe-siken.com/keyword/11/11-1/#eacc60deef794a02bdcfa407eef951a322827402
仮数部,https://www.fe-siken.com/keyword/1/1-1/#75263d8d06f8eef2b564b27ba238371856d38915
カスケード接続,https://www.fe-siken.com/keyword/3/3-4/#da07c9924c9d0d3860eccfd750e540e0e260d7f1
カスタマイズ,https://www.fe-siken.com/keyword/13/13-1/#237dc04fb527e261b94486c106319262ab3296e1
カスタマージャーニーマップ,https://www.fe-siken.com/keyword/19/19-2/#b83ca8b04fb5e92e853560cf2e851abb96c26660
仮説検定,https://www.fe-siken.com/keyword/1/1-2/#b5cdb78d923726f7e6d0d62873b7357d579b8de7
仮説思考,https://www.fe-siken.com/keyword/22/22-1/#8b58ca1bf5022b9dc1586eacb9128c9bff191d1d
仮想移動体通信事業者,https://www.fe-siken.com/keyword/10/10-5/#72cbed6cc1e0598db120bf471147e0c0bb2bc30f
仮想化,https://www.fe-siken.com/keyword/4/4-1/#4a117acecfd862f394b12f99c68fcb1e46a521b8
仮想環境,https://www.fe-siken.com/keyword/12/12-5/#2a3a7f1cb1312b5b8d78fb98e71f256778608b6f
仮想環境の運用管理,https://www.fe-siken.com/keyword/15/15-4/#26e00852bf1ce0618bfd75af037df944b97eb4d6
仮想記憶,https://www.fe-siken.com/keyword/5/5-1/#c767273d48553c5ccf20ab7f7c874b873930b2ac
画像認識,https://www.fe-siken.com/keyword/7/7-1/#f4befaf1ad70737034e75b4bda6d2cf4c3f4303e
加速度センサー,https://www.fe-siken.com/keyword/1/1-5/#ab9478c07845774f879268c4756bda1e03f21fb4
カーソル,https://www.fe-siken.com/keyword/9/9-3/#f146b5dba62d1cd2453bb49b80e3528da5debef8
課題定義,https://www.fe-siken.com/keyword/18/18-2/#40ed4d59fdaf39269e4c6b6656aa84c7a9d69720
価値創出の三要素,https://www.fe-siken.com/keyword/20/20-1/#e3802719bee75cd3645228e391e3762a0ea815b1
活性化関数,https://www.fe-siken.com/keyword/1/1-3/#a2baa30d63f51971e1cb76e0239c0f4d10fc72e2
活動期間の見積り,https://www.fe-siken.com/keyword/14/14-6/#d460464ac593e91c5e1042d184ba4e2af87f6f6e
活動順序,https://www.fe-siken.com/keyword/14/14-6/#79895d27262c46c0a4a73fe4e4dbf64c8724f8c3
活動所用期間見積り,https://www.fe-siken.com/keyword/14/14-6/#329bee538c1f91ade5d7d7256c22acbe691c4c06
活動の順序付け,https://www.fe-siken.com/keyword/14/14-6/#fc64f657880680987487eafdce6058f86bf03895
活動の定義,https://www.fe-siken.com/keyword/14/14-4/#9dfcf96d253fd734a19e78fd91f7744d6c88ab4b
プロジェクトのスコープ,https://www.fe-siken.com/keyword/14/14-4
活動リスト,https://www.fe-siken.com/keyword/14/14-4/#0ebd15fd251eb37881632d565607a649307a21c7
カーディナリティ,https://www.fe-siken.com/keyword/9/9-2/#0d5fe45d9007847ce22f8df097947aff097bf2e0
稼働環境,https://www.fe-siken.com/keyword/15/15-2/#95fd23161be7fc6de7c6bef959bada91c383f061
稼働分析,https://www.fe-siken.com/keyword/22/22-2/#26b2b98fe385898c38dfa86bd33e3a9b6b25b1fc
稼働率,https://www.fe-siken.com/keyword/4/4-2/#8710894d0febfedf0ceae7745d4ce97651b815b4
カニバリゼーション,https://www.fe-siken.com/keyword/19/19-2/#3bd6e4554a586db695570a7be525ec22aa6ea1ad
カーネルモード,https://www.fe-siken.com/keyword/5/5-1/#28929d2150d4ac9db66356a855334e4a84d6d794
カバリングインデックス,https://www.fe-siken.com/keyword/9/9-4/#1db41ae9d22d1e1f7fb4891959b3266134e2e3fd
株式会社,https://www.fe-siken.com/keyword/22/22-1/#a8bb7f5d2232b0efde57aee9ba4f59364e5c164f
株式公開,https://www.fe-siken.com/keyword/22/22-1/#3b90c65750e61aafda6aea25af9a192c5fca7f2f
カプセル化,https://www.fe-siken.com/keyword/12/12-2/#88a7a9f39bebeb6adce08659bef8c3dd878e5ed9
株主資本,https://www.fe-siken.com/keyword/22/22-3/#24ac0286ff70990aa8e0aacb1292f6d7876babc9
株主総会,https://www.fe-siken.com/keyword/23/23-4/#22a75829531413e6593b959ec79a35b449398752
ガーベジコレクション,https://www.fe-siken.com/keyword/5/5-1/#327858975305a03c6fd4fdff6f9b5f560e84ed9e
加法混色,https://www.fe-siken.com/keyword/8/8-2/#738e506c8e68d31cbbda2b394a7ce98b0faf59d0
加法定理,https://www.fe-siken.com/keyword/1/1-2/#5571ade2100b5d5397a4dc2892f92fb9acc27427
カーボントレーシング,https://www.fe-siken.com/keyword/22/22-1/#4ab7a25804b182cd09a5167838734fdbb5c8f10a
カーボンニュートラル,https://www.fe-siken.com/keyword/22/22-1/#a909ca6beb6298c38e8e3b71b1c02e8b0c671197
カーボンフットプリント,https://www.fe-siken.com/keyword/22/22-1/#609f26bd479c3a2d7d16919a8e8cf422e004ef7b
仮名加工情報,https://www.fe-siken.com/keyword/23/23-2/#6ed46db0fd78c283f6e720a0056fa98da677438f
画面構成,https://www.fe-siken.com/keyword/7/7-2/#4e14ff7ed64ab48198538b6b28f577c38d183c04
画面設計,https://www.fe-siken.com/keyword/12/12-1/#4ac6b812ec57d8cf8196ffcc71ffa1cc39aeeeb6
可用性,https://www.fe-siken.com/keyword/11/11-1/#11b0f73018f32fca5ad43364a5aadae89d7a1c70
カルーセル,https://www.fe-siken.com/keyword/7/7-2/#dba42488aea91fd79abf0be49afc47ef8d666b14
カレントディレクトリ,https://www.fe-siken.com/keyword/5/5-3/#22deef46c34f05e65c19d0550288c5b08a80407d
環境側面,https://www.fe-siken.com/keyword/15/15-5/#74a2230b214eb80bf7a0dcadc57a84fc122459c9
ファシリティマネジメント,https://www.fe-siken.com/keyword/15/15-5
関係,https://www.fe-siken.com/keyword/9/9-1/#0e08943ff402505077f8cf76d1026b1cd4108d50
関係演算,https://www.fe-siken.com/keyword/9/9-3/#982a07384d007a82ca6b35967a97f68eb6b47946
関係者全員への移行計画などの通知,https://www.fe-siken.com/keyword/12/12-6/#daa28e03eded54b22a4350bdd3c762c490e5b665
関係者全員への移行の通知,https://www.fe-siken.com/keyword/12/12-6/#ea5d15dcedd93516e60ac9b55978846599b0d8c4
関係者全員への廃棄の通知,https://www.fe-siken.com/keyword/12/12-6/#096cf6cbb11f8e57e7540454749fa43b0f8ec131
関係スキーマ,https://www.fe-siken.com/keyword/9/9-1/#84e2dc19cb2bc2a2c046b5728f1720a3b4132461
関係代数,https://www.fe-siken.com/keyword/9/9-3/#910363d06278148978421225ae3ee410dac9cd90
関係モデル,https://www.fe-siken.com/keyword/9/9-1/#42efddb414072d62de3122313236ac86ddbdd226
監査,https://www.fe-siken.com/keyword/12/12-4/#a17c328ba59cc1c77315bcf4f2d1bf19d30713c1
監査証拠の入手と評価,https://www.fe-siken.com/keyword/16/16-1/#f126d7fbda81e6b3db083e95d5976efc47dbba69
監査調書の作成と保管,https://www.fe-siken.com/keyword/16/16-1/#dd8d0bcecbddbe88459e0e500381ecddffa926b6
観察法,https://www.fe-siken.com/keyword/19/19-2/#3274f5bfccb188499560465e4be50f19faacb97c
監査手続の適用,https://www.fe-siken.com/keyword/16/16-1/#503be6e55e5ab7712bdd26036902db15cba7444d
監査人の倫理,https://www.fe-siken.com/keyword/16/16-1/#e8369a89ac2e5d1daf663bed19a676efb06734e3
監査の結論の形成,https://www.fe-siken.com/keyword/16/16-1/#2159e000da05b148e1bac85ebaecf9de124be256
監査の独立性と客観性の保持,https://www.fe-siken.com/keyword/16/16-1/#731d3a7b1197a12dceced7974778d5b8a6a3f4f3
監査報告書の作成と報告,https://www.fe-siken.com/keyword/16/16-1/#b6419e0db0cf1371bbc14015558cbeaa15567a0c
監査役,https://www.fe-siken.com/keyword/23/23-4/#77090b336fa2bc6123d43c00ad661ff7d74f6dcc
監視,https://www.fe-siken.com/keyword/11/11-2/#f8bdad4cf2621bf083a5c532fe0a7b05d84bea08
監視カメラ,https://www.fe-siken.com/keyword/11/11-4/#77b13a1fd9181a3e657ca38a04690d468c5d77f6
患者モニタリング装置,https://www.fe-siken.com/keyword/21/21-5/#e954a2103a6ba17c0ebf314251d4d8c6972c4e9c
環状リスト,https://www.fe-siken.com/keyword/2/2-1/#d636802027b61990c2cb03fd68262418f71a9b12
間接コスト,https://www.fe-siken.com/keyword/4/4-2/#0cc94893b1ceca880c8c9baabbaedb846dd36818
完全化保守,https://www.fe-siken.com/keyword/12/12-6/#6570ae06e2820601777e9609d31736663b37059b
完全関数従属,https://www.fe-siken.com/keyword/9/9-2/#fa4babec91d3657326b55ae5856586c867ef8ee5
完全性,https://www.fe-siken.com/keyword/11/11-1/#c549774635f7aaace41821a26addf7cdcea9f312
完全2分木,https://www.fe-siken.com/keyword/2/2-1/#13357f3d1eb098284f734bbb9479fb12a7c026c0
ガントチャート,https://www.fe-siken.com/keyword/14/14-6/#2c0c090c2fc442a9ed0ba540d952dd89b87d8e37
カンパニー制組織,https://www.fe-siken.com/keyword/22/22-1/#e9a016751cb7bc297583610dbebd66b97fdd67dd
官民データ,https://www.fe-siken.com/keyword/23/23-4/#e9da0c17b5f5fae64d1464c1115d3996eb8df3f9
管理策タイプ,https://www.fe-siken.com/keyword/11/11-2/#26877fa598f09c5fefd179ebb5cd50ef5da1b6e6
管理指標,https://www.fe-siken.com/keyword/15/15-2/#3dd1a9e222186224ea66de030e52501e07a7b81c
管理者権限,https://www.fe-siken.com/keyword/5/5-1/#e68a63a7285af13aa6001dfaa738b910f3f41cf1
管理図,https://www.fe-siken.com/keyword/22/22-2/#91d1218b5c0fbf6aeb5623fc434de866c7f23533
管理のプロセス群,https://www.fe-siken.com/keyword/14/14-1/#89bd3f85182659abe2c72c455249105760474ea6
プロジェクトマネジメント,https://www.fe-siken.com/keyword/14/14-1
管理プロセス,https://www.fe-siken.com/keyword/17/17-1/#c16fd9eaac6612b4c3edcb210900d0a7808bae7a
管理目的,https://www.fe-siken.com/keyword/11/11-2/#964ca5537f663618cf8f419eeb69b39eabe38795
関連,https://www.fe-siken.com/keyword/12/12-2/#8d7f26378160306a5e99d4c843a53f54cc1d328c
偽,https://www.fe-siken.com/keyword/1/1-1/#4b45afa79ce3314d74e88ab0c7121f37919384d0
記憶媒体の管理,https://www.fe-siken.com/keyword/11/11-4/#6851154e361d88567cd696858a290f32fea13897
記憶部,https://www.fe-siken.com/keyword/3/3-2/#bba3b05fc6de7f8e8e67083b249055d843ec9b02
機械学習,https://www.fe-siken.com/keyword/1/1-3/#11118ea9a37b3385c6fd23918895770c1a3914cd
機会損失,https://www.fe-siken.com/keyword/22/22-3/#91213ccc7093ddfafbe98092b026e6f4d5bf895b
機械の稼働ログデータ,https://www.fe-siken.com/keyword/22/22-2/#b28079f0084b1ab5a185ab422072b386b47d569c
企画競争入札,https://www.fe-siken.com/keyword/18/18-3/#01de6ff33d93d24f33a6479c7b5d5438cac8ea2d
基幹系システム,https://www.fe-siken.com/keyword/17/17-1/#ae65fe0bacbc7d5274d3c861f3daca1162eebb40
棄却域,https://www.fe-siken.com/keyword/1/1-2/#a7b5d0d0d70f900399c8c18fa21839b424d4390a
企業の社会的責任,https://www.fe-siken.com/keyword/22/22-1/#2f52ad203567a90db0db5a35f23c091255eceefc
企業理念,https://www.fe-siken.com/keyword/19/19-1/#8acc2720bf152fae6b2cf961df0af0574a7dd9de
企業倫理,https://www.fe-siken.com/keyword/23/23-4/#71e5fb71d7a0594fb4988c3e160c116d95d91b0c
木構造,https://www.fe-siken.com/keyword/2/2-1/#1c650f62d0790f09497878e07847cf2616d27cbb
擬似コード,https://www.fe-siken.com/keyword/12/12-2/#69da06be1404db9b2d5dc30c11a6dc42b189e213
擬似相関,https://www.fe-siken.com/keyword/1/1-2/#926302a90cceddd564202e6b6c5d60e711601526
技術開発拠点計画,https://www.fe-siken.com/keyword/20/20-2/#d055cd02eba9b1d3b2c3fc78e9e382c5a48af120
技術開発計画,https://www.fe-siken.com/keyword/20/20-2
技術開発投資計画,https://www.fe-siken.com/keyword/20/20-2/#a0b5126f725d1ac49963fe5cc0d0009f66d016f9
技術獲得,https://www.fe-siken.com/keyword/20/20-1/#b92e2c25d64b03984bb9d49afe2f2ecb26b4c1ce
技術供与,https://www.fe-siken.com/keyword/20/20-1/#788e8a36e244d7a6dda02d4b0ea0e0eae1fc36c9
技術研究,https://www.fe-siken.com/keyword/20/20-1/#ee000181e411bee5f13519e724a0988cdf330df4
技術者の社会的責任,https://www.fe-siken.com/keyword/23/23-4/#b2628ee052129f1c89e43ddfb22cd67a5d83831f
技術者の倫理綱領,https://www.fe-siken.com/keyword/23/23-4/#4a1b83c6f0c2b0e10e78bcba1a4fa2b0244d8e6a
技術提携,https://www.fe-siken.com/keyword/20/20-1/#16f30643377adfd535200b9bc869e7ddd46dcc7f
技術的管理策,https://www.fe-siken.com/keyword/11/11-2/#df178140a36b8e1ccd1488a507e5f902465d9c4d
技術のSカーブ,https://www.fe-siken.com/keyword/20/20-1/#c94cdda556c63603019924f2ce3c931de23be795
技術ロードマップ,https://www.fe-siken.com/keyword/20/20-2/#0ab24d1434129ffdccc8130114a301fcb02356a2
基数,https://www.fe-siken.com/keyword/1/1-1/#080e485aa926c263a31f2a686a57d184a38e7f1a
季節調整,https://www.fe-siken.com/keyword/22/22-2/#858f530464b5c7b32d197710c75264fefa4fcd3a
偽装請負,https://www.fe-siken.com/keyword/23/23-3/#a42adea1149333a5afe61a04e7c07323f9a0bb53
規則更新の規程,https://www.fe-siken.com/keyword/11/11-2/#6c2a3b7bd16c9ac1de609f6e37433d2e2b36a40a
危殆化,https://www.fe-siken.com/keyword/11/11-1/#90fc68ae730c2e82496264b38be7d17603ab4ddd
既知の誤り,https://www.fe-siken.com/keyword/15/15-2/#b6c47bb8e333bb41d07575229112c7e70ca8ec2f
規程の承認手続,https://www.fe-siken.com/keyword/11/11-2/#d20d4fe767b23cbf75c4c4b07bfaf330ead45456
帰納推論,https://www.fe-siken.com/keyword/1/1-3/#80f40cd47c79f7c651a1605f463372ccc0439e6f
機能追加,https://www.fe-siken.com/keyword/12/12-6/#1dbcc6246f7193c9af3f6bdc5684dc282a955b48
機能適合性,https://www.fe-siken.com/keyword/12/12-2/#f2673ee7bbd9800d7d5dc0c5e7cb818f2cb54d69
機能テスト,https://www.fe-siken.com/keyword/12/12-4/#acbab28ce69f36721534ed0e8372a65f356f74d2
機能要件,https://www.fe-siken.com/keyword/12/12-1/#68a24c8a79f6abc4757635f9609fe05014f9099a
キーバリュー型データベース,https://www.fe-siken.com/keyword/9/9-1/#80d5030002919c3fa848a16bd3972fc4fe32038b
基盤モデル,https://www.fe-siken.com/keyword/1/1-3/#71b1bb556a4104cee29e7f13d97270c62cafb62f
キーボード,https://www.fe-siken.com/keyword/3/3-5/#7ddbd7cde32ab7a88430829d93f1f524be17b2b9
規模の経済,https://www.fe-siken.com/keyword/19/19-1/#63b1dc36a2f2706b64c02c37448ba4340901a1e1
基本取引規約,https://www.fe-siken.com/keyword/21/21-3/#027649b00cffd0f71e89157eb93a44a309593b0d
基本理念,https://www.fe-siken.com/keyword/23/23-2/#1a7ec6d95281d106e854a9bdb87ea87e940c6d06
機密性,https://www.fe-siken.com/keyword/11/11-1/#3d760e24e7f9ec61e8387834d06d4f1f39654013
逆行列,https://www.fe-siken.com/keyword/1/1-2/#35ae148f06c74d09a81dd7af597435da1913ba1f
逆ポーランド表記法,https://www.fe-siken.com/keyword/1/1-3/#3aa3a6771d58316462c21dedb9fe20247ae51a37
キャズム,https://www.fe-siken.com/keyword/20/20-1/#42433ea62c72daf9051dcd090dc644dc351b59a4
キャッシュフロー経営,https://www.fe-siken.com/keyword/22/22-3/#080fc6f3fce8f59db55552481964aeb4d26932cb
キャッシュマネジメント,https://www.fe-siken.com/keyword/22/22-3/#83bfedba082ac71aa24dcb1c190012290143ab15
キャッシュメモリ,https://www.fe-siken.com/keyword/3/3-2/#a8b32c4be8aaddac54635362c9415b9b203af68e
キャッシュレス決済,https://www.fe-siken.com/keyword/21/21-3/#3d765b5e012b64d2f04814b20e3a3638b97a534f
ギャップ分析,https://www.fe-siken.com/keyword/15/15-3/#99c24185eef759ef6e85e1840b2ddb4db3479e40
パフォーマンス評価及び改善,https://www.fe-siken.com/keyword/15/15-3
キャパシティ,https://www.fe-siken.com/keyword/15/15-2/#37b977e7e4269581d515f256392dc5c8214448c3
キャパシティ管理,https://www.fe-siken.com/keyword/15/15-2/#f3ee27d7583faaadf4fb2061f264abd6785c3a5b
キャパシティ計画,https://www.fe-siken.com/keyword/15/15-2/#1c09e85531e6e6b2136d1e44f4cc0336f49b31ca
キャパシティプランニング,https://www.fe-siken.com/keyword/4/4-2/#4cfa6c322fb47e8ec4fb110467712445c08326b4
キャラクター同期,https://www.fe-siken.com/keyword/1/1-4/#f59e1ef72878be21e43f530c4dfd04fb3391fdc5
通信に関する理論,https://www.fe-siken.com/keyword/1/1-4
キャリアアグリゲーション,https://www.fe-siken.com/keyword/10/10-5/#f0bb7660742cf485647c7a400ba112a345ee4f29
キュー,https://www.fe-siken.com/keyword/2/2-1/#ff12ae0e624bbf0a3197b8c9e2cfbb825903c021
旧環境関連データの保持と安全性確保,https://www.fe-siken.com/keyword/12/12-6/#af26555a87018f67269c6e3d0096f5ae664606de
脅威,https://www.fe-siken.com/keyword/11/11-1/#3f16561068c36d69791b10139fc5ce737bcebf45
教育,https://www.fe-siken.com/keyword/12/12-1/#6747c881f535bc4cc2bc832a9206897fa8a24547
教育機関,https://www.fe-siken.com/keyword/23/23-1/#865852b0138f48ddba3412a3fcfe2255c30679cf
教育訓練システム,https://www.fe-siken.com/keyword/12/12-5/#5309df9f2d46a827608b531bbf6953410f2c84b7
教育訓練資料,https://www.fe-siken.com/keyword/12/12-5/#6bd4f7013553772ca3b1df37ee90f6d2c3b66011
強化学習,https://www.fe-siken.com/keyword/1/1-3/#ca41f00ab072a4a8920974e633b7f7b87dfe6ddd
共起キーワード,https://www.fe-siken.com/keyword/22/22-2/#db6d4ecc6a765c43c8b3d61f8ab1f6f97a15086d
供給者管理,https://www.fe-siken.com/keyword/15/15-2/#8217b4c8098e93c473d80d5fda9078039ff6eb16
供給者として行動する顧客,https://www.fe-siken.com/keyword/15/15-2/#76351964887c49e44fd8e7d10d34621b324ad4b4
供給者の選定,https://www.fe-siken.com/keyword/14/14-10/#4673c6fb4a550386f727c2b7ad5c00230c603fca
プロジェクトの調達,https://www.fe-siken.com/keyword/14/14-10
競合分析,https://www.fe-siken.com/keyword/19/19-3/#932d79f5eee423dee84d73cceed5c7ab4f75bc61
ビジネス戦略と目標・評価,https://www.fe-siken.com/keyword/19/19-3
教師あり学習,https://www.fe-siken.com/keyword/1/1-3/#1d9f175de023d760f2294a81b590646b41b8ff0f
教師なし学習,https://www.fe-siken.com/keyword/1/1-3/#b1dc3300b15ad76374c49d98131ea817979b6042
行政手続に係るオンライン利用の原則化,https://www.fe-siken.com/keyword/23/23-4/#398c6c5a653aed75e8ffe98cc67e32bb86081398
競争優位,https://www.fe-siken.com/keyword/19/19-1/#df1ae24ad323892dd86ed212dba771e7576446b9
共通鍵暗号方式,https://www.fe-siken.com/keyword/11/11-1/#536768235a4fc42c6c5b8f43caeea657eee959eb
共通機能分割,https://www.fe-siken.com/keyword/12/12-2/#b67b5b8cbee19dffb156302156d2b6b6ea1f16cb
共通言語基盤,https://www.fe-siken.com/keyword/2/2-4/#3b4fd8d9912e17e3c8ca320ba17381f8e2d45b61
プログラム言語,https://www.fe-siken.com/keyword/2/2-4
共同研究,https://www.fe-siken.com/keyword/20/20-1/#bcecb943a5c7f8a0b817dd2136fe64048752cb2e
共同レビュー,https://www.fe-siken.com/keyword/12/12-2/#f946721b847b2fd62cb14107682b67bcd40cb4fa
業務運用規約,https://www.fe-siken.com/keyword/21/21-3/#dfe30f96907f31f99f7c663debc03664d8fed709
業務運用マニュアル,https://www.fe-siken.com/keyword/15/15-4/#4119b3ea747425813d37effb362147d022fc1c23
業務及びシステムの移行,https://www.fe-siken.com/keyword/15/15-2/#d6832fd91cb1b9bbb146163ed69fdfd04e504c48
業務監査,https://www.fe-siken.com/keyword/16/16-1/#6c7599a790883b8c16c153565f0bc427a997bf35
業務システム提案,https://www.fe-siken.com/keyword/17/17-3/#a722635f336a1ced01ad0fcced0dfaaefb1a4e2b
業務説明書,https://www.fe-siken.com/keyword/17/17-1/#5eee2769e32c3ab52d30e82b7b8732b1f01cadcd
業務パッケージ,https://www.fe-siken.com/keyword/17/17-3/#097c8f69fba3428d14578a9281d56e524becd673
業務プロセスの明確化,https://www.fe-siken.com/keyword/16/16-2/#a994acdafaadc691c686f0acb5b5b0e98ffe1b86
業務別パッケージ,https://www.fe-siken.com/keyword/21/21-1/#bc861e250a1494099dd0914e84007810f8f4a591
業務マニュアル,https://www.fe-siken.com/keyword/17/17-4/#39dbe4be5b018e2ef03e7c02b58bcf92a43e6ea3
業務モデリング,https://www.fe-siken.com/keyword/12/12-1/#a7efb40afc532cd70cf66a12f414e20489aa7b0d
業務モデル,https://www.fe-siken.com/keyword/17/17-1/#4ce07eeb1bc773562897f2268fa0a1db661e9ea7
業務・システム最適化,https://www.fe-siken.com/keyword/17/17-1/#8c16886754b11b83f096944cbd15e159fb151e8f
共有ロック,https://www.fe-siken.com/keyword/9/9-4/#1e7f98d6ca419bcef379d73ca1bc92d55659b599
行列,https://www.fe-siken.com/keyword/1/1-2/#185e8f94cb9afa15fb67bb3373e6924cf8a9967d
許可リスト,https://www.fe-siken.com/keyword/11/11-4/#1e8f712119e202d179d2f0d882464e790724d6ce
局所変数,https://www.fe-siken.com/keyword/2/2-3/#4bc18aad0da82f7e151b41a00ad52727102b3216
拒否リスト,https://www.fe-siken.com/keyword/11/11-4/#ad4f6a419f8e7a46ee4f17006f272f38172337da
キーロガー,https://www.fe-siken.com/keyword/11/11-1/#10e88148c4f4c57e72e33c7ba8d50ed17fdb2f27
記録,https://www.fe-siken.com/keyword/10/10-4/#fe7cf6418c2e11dc0bd5c47ca4bf5d7fb518af36
ネットワーク管理,https://www.fe-siken.com/keyword/10/10-4
緊急時対応計画,https://www.fe-siken.com/keyword/11/11-2/#5fd6b3f7a7e1d8120798a3ac8d0b73daddfd9726
緊急事態の区分,https://www.fe-siken.com/keyword/11/11-2/#15e9b61c28ad6d9978813408a180bd8321e3931d
緊急速報,https://www.fe-siken.com/keyword/21/21-1/#e5ed5ae238405c353b393ca0f76c5b02dbc30b13
緊急度,https://www.fe-siken.com/keyword/15/15-2/#d741a7c91c80a6eb2acb9b0cbdb3510e803afbc6
金銭奪取,https://www.fe-siken.com/keyword/11/11-1/#d246e3f8975b680616ce45e0a9c0b5fd0b0c1aaf
金融商品取引法,https://www.fe-siken.com/keyword/16/16-2/#403750730ae7b41a825b4cab3b83d398617da6f0
金融情報システム,https://www.fe-siken.com/keyword/21/21-1/#2ea0249d66f34e4e25feaa16c1433c2b631a306f
金融取引,https://www.fe-siken.com/keyword/21/21-3/#6741f1554d8a9e3bc4d9ab967074d5f4ea263895
クイックソート,https://www.fe-siken.com/keyword/2/2-2/#0e552cbb70b18e0a2553e6519e21cf4ec0c64e96
空気圧シリンダ,https://www.fe-siken.com/keyword/1/1-5/#c20286c468541fd7f05d0de0efa76ed71eb467c0
空調設備,https://www.fe-siken.com/keyword/15/15-5/#860058382fe67c248a8a7a670806ae21ae318ff3
問合せ,https://www.fe-siken.com/keyword/9/9-3/#3a34c044abe3e12eb8f2a6a6bb4663b0defb977d
苦情,https://www.fe-siken.com/keyword/15/15-2/#30874e5e6778053dae40ea8aa54fd073e8bcfcbd
国・地方公共団体・事業者が自ら保有する官民データの活用の推進,https://www.fe-siken.com/keyword/23/23-4/#43c41df52056474215954680cc8d88f966d1eda3
区分コード,https://www.fe-siken.com/keyword/7/7-2/#240449c07a0851dccf7b34f3231b3c102a1ff60a
組合せ回路,https://www.fe-siken.com/keyword/3/3-1/#13f5df7d8371a3c47a39d0b49adf9bd9c2990650
組合せチェック,https://www.fe-siken.com/keyword/7/7-2/#392b36b5cd39268bde203d734a8d164b7a5bb984
組込みOS,https://www.fe-siken.com/keyword/21/21-4/#fbf5094fbeacd39fa239e2a88e838d5a797ac05d
組み込み型金融,https://www.fe-siken.com/keyword/21/21-3/#903dacb3e0866009791a5a449489e63605ec472d
クライアント,https://www.fe-siken.com/keyword/4/4-1/#fad6cc96bb580fa1d450cca9ff4e8bb9e69eb05c
クライアントサーバシステム,https://www.fe-siken.com/keyword/12/12-2/#c590abf73f07cf5c139fb6c8bc4299895c6fd680
クライアントサーバ処理,https://www.fe-siken.com/keyword/4/4-1/#0c656f815410fa391723e1a63ac719aa3d5a894b
クライアント証明書,https://www.fe-siken.com/keyword/11/11-1/#8c956e00ad2a89d57e526e7d485d9e3b41e868b6
クラウドコンピューティング,https://www.fe-siken.com/keyword/4/4-1/#bc750103a2e5332c41aa7a76f385677e1cf0835c
クラウドコンピューティング用OS,https://www.fe-siken.com/keyword/5/5-1/#d4b8c00c2d928342de8a2810324188c1628c8974
クラウドサービス,https://www.fe-siken.com/keyword/17/17-3/#7fc1430652217fe649d4f19958b1b1e65a065453
クラウドサービスの責任共有モデル,https://www.fe-siken.com/keyword/11/11-2/#731788442883cef3be2e92eb1bc70a9239456020
クラウドサービスのセキュリティ,https://www.fe-siken.com/keyword/11/11-4/#331bcbeb2cf6525e02fd31ac524501e596ba2e38
クラウド情報セキュリティ管理基準,https://www.fe-siken.com/keyword/16/16-1/#fad31fa379d3c590238bff629a386c5cb54ab291
クラウドソーシング,https://www.fe-siken.com/keyword/21/21-3/#263d389f5f6758d92505e0b37943687b8e998eb5
クラウドネイティブ,https://www.fe-siken.com/keyword/17/17-3/#249b991fcc9b348d7910df4d72c1442aefd0a9a6
クラウドバイデフォルト,https://www.fe-siken.com/keyword/17/17-3/#e95888d40e9a9c123fdc9ce8b923079d9cc1dd99
クラウドファンディング,https://www.fe-siken.com/keyword/19/19-1/#4960a14a7ad6875a2a6eef12087718412875edd0
クラス,https://www.fe-siken.com/keyword/12/12-2/#8b27332ee07f76ea4db44d6a7bdcdcf813427e3a
クラス図,https://www.fe-siken.com/keyword/2/2-5/#7f175eeec447d8a5eea7cd2cab1ef4fff68934a2
クラスタ,https://www.fe-siken.com/keyword/3/3-1/#24b8e361fa69b1e8c23a13349373a4a8c5fcc8e9
クラスタ化インデックス,https://www.fe-siken.com/keyword/9/9-4/#dd05be75fb36ccfd8a2c2e90b1bb793b3efeec5b
クラスタ分析法,https://www.fe-siken.com/keyword/22/22-2/#42ad199ea083efdaa095d4ef90fb15a48509ee81
クラスライブラリ,https://www.fe-siken.com/keyword/5/5-2/#5cf210b8d1bf296894a71ce34a709f2ab0d74f2e
クラッキング,https://www.fe-siken.com/keyword/11/11-1/#d852903f8d3c8fcf3e07a4ca6ad1bc0a1c2bb48c
クラッキング対策,https://www.fe-siken.com/keyword/11/11-4/#177a80bb97734675599056e53d52c82cdce66f56
クラッシング,https://www.fe-siken.com/keyword/14/14-6/#e1b82cf038e02ac0029a5a7e94dd38fce849d265
グラフ型のデータモデル,https://www.fe-siken.com/keyword/9/9-1/#41ca18de1360d053689f198aba408ad475acf6cf
グラフデータベース,https://www.fe-siken.com/keyword/9/9-1/#de609f2b043f62272b864fec9b590940dc011430
グラフ理論,https://www.fe-siken.com/keyword/1/1-2/#9a15b78e3ca2e04d932aab4250b73620b077775a
クリアスクリーン,https://www.fe-siken.com/keyword/11/11-4/#aa95025ade4e242a2235017de33519d52e89dc22
クリアデスク,https://www.fe-siken.com/keyword/11/11-4/#b4f760b9e7e5edbe9575d18cbbedd4eebd09ba2a
繰返し,https://www.fe-siken.com/keyword/12/12-2/#1071fe0ec5293264c3e4cda9fbfcc4df9defa1dd
繰返し処理,https://www.fe-siken.com/keyword/2/2-3/#4b5141054bb7c96f4e9f01e80a4edb3c5e0fc8d6
クリックジャッキング,https://www.fe-siken.com/keyword/11/11-1/#31d2ba4fc882106b033d13354301bab48a38f0e9
グリッドコンピューティング,https://www.fe-siken.com/keyword/4/4-1/#e1bb268824f401be000bedca5db3265ea54e6527
クリティカルパス,https://www.fe-siken.com/keyword/22/22-2/#5b4fba9f3fad13722d0ef3aab4e676f51e844858
繰延資産,https://www.fe-siken.com/keyword/22/22-3/#fdd38ddafb558b4a789aca9c651b6f81f528ca60
グリーンIT,https://www.fe-siken.com/keyword/15/15-5/#deb3a2fa49a6d68ada62fe38b61cfc451c99eca3
クリーンアーキテクチャ,https://www.fe-siken.com/keyword/12/12-2/#c040736fe890c366eca177db022c64f2207ac227
グリーントランスフォーメーション,https://www.fe-siken.com/keyword/22/22-1/#f129b5285b9fd0e85c15d22dd95b0a2345062faa
グループウェア,https://www.fe-siken.com/keyword/21/21-1/#93f3fddfd83b60211f5c87cff066ba37c24b6a3e
グループ経営,https://www.fe-siken.com/keyword/19/19-1/#b511569a11bb7a6f1042e23c868129d0002999cb
クロスコンパイラ,https://www.fe-siken.com/keyword/5/5-4/#b9798a171448418310154d089190aa2f07519859
クロスサイトスクリプティング,https://www.fe-siken.com/keyword/11/11-1/#3a31a2b607981f7cc76cf3f7731ab3c1c81844de
クロスサイトスクリプティング対策,https://www.fe-siken.com/keyword/11/11-5/#0c3b9cd54945c53d61ba528b52bbab2ea75510d8
セキュリティ実装技術,https://www.fe-siken.com/keyword/11/11-5
クロスサイトリクエストフォージェリ,https://www.fe-siken.com/keyword/11/11-1/#9d54cb31156f07b77d2f2ab5b26432ec8204a559
クロス集計表,https://www.fe-siken.com/keyword/22/22-2/#c15bae6c8b2deeb1b8ecfc0f70ebe0596bb18c58
クロスセクションデータ,https://www.fe-siken.com/keyword/22/22-2/#694042b1a2400e236858846668417be301a01297
クローズドループ制御,https://www.fe-siken.com/keyword/6/6-1/#515831f91f1ab8b29af1a81051700dcc48a82182
クロスブラウザ,https://www.fe-siken.com/keyword/7/7-2/#1843b041bb28ffb4f2b6b55c0536522cd7b60b0a
クロスメディアマーケティング,https://www.fe-siken.com/keyword/19/19-2/#74236cac1322258f1537f64c51e7df392e30fba4
クロック周波数,https://www.fe-siken.com/keyword/3/3-1/#61d1e6bd342547171591793e36d40addb63e8a46
グローバルIPアドレス,https://www.fe-siken.com/keyword/10/10-1/#65c3fbbf8683a72fc0ff33f6f738835fe37345dc
訓練,https://www.fe-siken.com/keyword/12/12-1/#2e3bd7c719ba5151226276ed001571e691bf789e
経営資源の最適配分,https://www.fe-siken.com/keyword/20/20-2/#8d62e83b1030a166cd6ce80fcaeb11accbad8728
経営目標,https://www.fe-siken.com/keyword/22/22-1/#e20cd40aaa075bb873c940abbfb7ad195ed42857
計画,https://www.fe-siken.com/keyword/11/11-2/#6ef064b3bbf133a441def173636a1db773fc68ce
計画及び手続の作成,https://www.fe-siken.com/keyword/12/12-6/#9ad1de8441630e0686a25f60120ce0bf7d3e6db7
計画のプロセス群,https://www.fe-siken.com/keyword/14/14-1/#6298453b3f76eef853a0a9d94a0d821a849fe936
経験曲線,https://www.fe-siken.com/keyword/19/19-1/#cb41cba58c53ca669f82566381339acf7825713e
傾向情報,https://www.fe-siken.com/keyword/15/15-3/#c903d5e9d7d553c0071bb537bf5b11bda6a8906c
経済性計算,https://www.fe-siken.com/keyword/22/22-3/#049baf6d5a2048abeeab3a99114dd7b1b441bccd
形式言語,https://www.fe-siken.com/keyword/1/1-3/#35d43ee7357c73062b471ed1b1fbb2a3bd0c22d5
継承,https://www.fe-siken.com/keyword/12/12-2/#fedd3c3a6d8efec6420e96f99cf8c8306e23b359
継続的インテグレーション,https://www.fe-siken.com/keyword/13/13-1/#82443663e5a69d6355161d600aa988dc3bd25a10
継続的改善,https://www.fe-siken.com/keyword/15/15-3/#7e253c5bd322fb8de91fc6f29cd5e5517809e271
継続的デプロイ,https://www.fe-siken.com/keyword/13/13-1/#d523bf3a5a3db4510a190aeb46cda5ce13bf5269
継続的デリバリー,https://www.fe-siken.com/keyword/13/13-1/#338b547bebc677a724057c0b152fb5351033be53
形態素解析,https://www.fe-siken.com/keyword/2/2-2/#a3ceae2b3f3b999d1ccab659a947f59a283b9f78
携帯端末,https://www.fe-siken.com/keyword/3/3-1/#d1551c4dd5636e8e97b2b626f680948a4876b1c3
携帯端末のセキュリティ,https://www.fe-siken.com/keyword/11/11-4/#c6b57ea790232e664259ac1596456715816f2583
系統図法,https://www.fe-siken.com/keyword/22/22-2/#f5295be99f077bda71249c2726fd3af1b2f90b52
景品表示法,https://www.fe-siken.com/keyword/23/23-3/#4fa1abf88dae7e85d997c7aec02118425c547f0e
契約,https://www.fe-siken.com/keyword/15/15-2/#deff13211c9fdee02e8a6c1fa1551df06f3c5034
契約書又は注文書,https://www.fe-siken.com/keyword/14/14-10/#51146e95b8f53d58f981202703f97a4bbbc03b58
ケーススタディ,https://www.fe-siken.com/keyword/22/22-1/#da2a726aa8ca60161d696d9a2b1eb9494bbc4508
ゲスト,https://www.fe-siken.com/keyword/5/5-1/#896be4bc37e17d9fff0b76d251131dc0f67f14f5
桁落ち,https://www.fe-siken.com/keyword/1/1-1/#4071e11ca340d80a2fff76061dfd8326e5a2953e
桁別コード,https://www.fe-siken.com/keyword/7/7-2/#dc89ae7ff647d12d479cf5c0ac9c6207d2af913f
欠陥,https://www.fe-siken.com/keyword/12/12-3/#31c79914a923cf543badb69d1965fb60578d275a
欠陥修正,https://www.fe-siken.com/keyword/12/12-5/#2f06a523096be57b709671ef78b9fdefa43668e7
決算短信,https://www.fe-siken.com/keyword/22/22-3/#2178e31e4e9ea14bdaf5f0dfe802f9aea7ff6d01
決定木,https://www.fe-siken.com/keyword/1/1-3/#14ac744db64420ca4776b3be45c5230f9947eedb
決定表,https://www.fe-siken.com/keyword/12/12-1/#1c4c74d86be0f3747235be4427fdddd7ca52d30f
月額固定料金,https://www.fe-siken.com/keyword/10/10-1/#f6fc58a0284755e3cc6292e0ebc3bbb9ca323173
ゲートウェイ,https://www.fe-siken.com/keyword/10/10-2/#b610eb6e62e6838b268a289e149c0cc540be701e
ゲーミフィケーション,https://www.fe-siken.com/keyword/17/17-4/#1468de5cd07566be85a04d1802d319fdbf6956ce
原因結果グラフ法,https://www.fe-siken.com/keyword/12/12-3/#6100486019c98ce5c6081b6c15933bea08203dee
検疫ネットワーク,https://www.fe-siken.com/keyword/11/11-4/#21dab142aabc47c79e526ad4e957156313638c49
限界値分析法,https://www.fe-siken.com/keyword/12/12-3/#0f39c091c48febe98b9f0ac518e709ea5f5c1d74
言語モデル,https://www.fe-siken.com/keyword/1/1-3/#bbd2d31b02bef9961185bee85672c533f5fd377c
検索,https://www.fe-siken.com/keyword/13/13-3/#33d3427e6e8b2e9eaa031f042cc1019693a4f0db
検索手法,https://www.fe-siken.com/keyword/5/5-3/#136d21b356ae34131c0630f8747101e42e75a8e5
検査制約,https://www.fe-siken.com/keyword/9/9-3/#1f4876f4de1e9877cf290d25301b6cf4c260a9b5
検査報告書,https://www.fe-siken.com/keyword/14/14-9/#4aafa1fcd5dc2fc491b4a978290933c976939708
プロジェクトの品質,https://www.fe-siken.com/keyword/14/14-9
原始プログラム,https://www.fe-siken.com/keyword/5/5-4/#430b1fde3ceb0d0add150862d1abac5cdf5a4725
検収,https://www.fe-siken.com/keyword/12/12-5/#13ab34c6fb2345d944b7b262b8214559d0ef42bc
検収基準,https://www.fe-siken.com/keyword/12/12-5/#b9603a70b79619e0aa50fda835e52a629831ea44
検出力,https://www.fe-siken.com/keyword/1/1-2/#b69c8982562cd7c603fbd9332a282a6854f48e27
検証データ,https://www.fe-siken.com/keyword/1/1-3/#381b737dbc4dad68bdc45b969f3ac7ade988913b
現状分析,https://www.fe-siken.com/keyword/18/18-2/#b5ec3d5295bb7640db90ae5b239fc02d3dcf4849
減法混色,https://www.fe-siken.com/keyword/8/8-2/#a161afcf74fa7d9eed86da97f68fea5e5fe3d380
コア技術,https://www.fe-siken.com/keyword/20/20-1/#9d6471a5b386a11ef4034b4638739e4552d62974
コアコンピタンス,https://www.fe-siken.com/keyword/19/19-1/#deb50bfc5ad9697b54977cf049eee9eeb1a77efe
故意,https://www.fe-siken.com/keyword/11/11-1/#6c528bb3ce7223ea81be71da41cba11b44b6229e
故意犯,https://www.fe-siken.com/keyword/11/11-1/#4bd7a8717fb1cf256cfb2ea4e4e2fffc648ccc2c
ゴーイングコンサーン,https://www.fe-siken.com/keyword/22/22-1/#fa80839587f95bf2b46e47439e5d715ed5f1e4f5
考案,https://www.fe-siken.com/keyword/23/23-1/#647f4972ceaf940792751c3d03ad119f3da8475d
広域Ethernet,https://www.fe-siken.com/keyword/10/10-5/#4203ab9008f4d2041e49ba62d5750cf5e1a60a14
公益通報者保護法,https://www.fe-siken.com/keyword/23/23-3/#037dc0b49234df4e1367ed3c7c1b15f3ef5027b0
公開鍵暗号方式,https://www.fe-siken.com/keyword/11/11-1/#68caf4eb8a17ea58ca12f10ba3f6d1c0dbad7599
光学センサー,https://www.fe-siken.com/keyword/1/1-5/#af0b0737e7a4aa1a3d263c51fc3474ee8302b7e5
交換方式,https://www.fe-siken.com/keyword/10/10-2/#658af835422307f5f71fd280fb21413232ca8dfe
公共情報システム,https://www.fe-siken.com/keyword/21/21-1/#5255c9200c9729ece0eafd7d586ddb45297ceda9
航空法,https://www.fe-siken.com/keyword/23/23-4/#a5ba1b9cff0c61fe324e9f9f9f00184d53dfc7d6
後行順,https://www.fe-siken.com/keyword/2/2-1/#a350bcb3a8d8bc8019329559961030a20402bac4
交差検証,https://www.fe-siken.com/keyword/1/1-3/#aa45cdd2587c6f0f432a0f99cc0bbacc3e6d93e7
講習会,https://www.fe-siken.com/keyword/17/17-4/#ee34d178a727a055b0cffd46e90bc1b9b265f66d
公衆回線,https://www.fe-siken.com/keyword/10/10-2/#81bb4163fe4f533a1e404439b83697fc4786dee6
更新履歴管理,https://www.fe-siken.com/keyword/13/13-3/#39b8d49fb49a4fb574400c71c96abbba34ba7888
構成管理,https://www.fe-siken.com/keyword/15/15-2/#a41dced3fd863867aab8a2bdff6c8760b3cae0c0
構成管理計画,https://www.fe-siken.com/keyword/13/13-4/#4317c2768792f6c15c625c227b6d44a92abf53aa
合成コード,https://www.fe-siken.com/keyword/7/7-2/#28585424622af059c0f85e0227b560438a843e49
構成情報,https://www.fe-siken.com/keyword/15/15-2/#4b7215b13dc404749a4784c84564461a33d4b221
構成品目,https://www.fe-siken.com/keyword/13/13-3/#3daf7223908adaffa5dc9b3fca9659466a06d5bb
構造化,https://www.fe-siken.com/keyword/12/12-2/#763205d731cf87e47774fcec8cf634ac3d997f06
構造型,https://www.fe-siken.com/keyword/2/2-3/#cb24544334a7da2c4efee9df4888f827ea5a40a1
構造型データベース,https://www.fe-siken.com/keyword/9/9-1/#fb34d359b4e98ecf8783643efcd9c9ec3868f4ee
構造化チャート,https://www.fe-siken.com/keyword/13/13-1/#7ed9e0f187b0f55a45bd8aaf84e6428561e44d3c
構造化データ,https://www.fe-siken.com/keyword/9/9-5/#8e0ac448126bb691f7c1933dbbb5a072b708cfb3
構造化プログラミング,https://www.fe-siken.com/keyword/12/12-3/#e842ef5491aafab115e9ffd1b876fe8c323c9f80
構築,https://www.fe-siken.com/keyword/15/15-2/#7e012160dbc04894119acadea1443801deca96c4
構築ツール,https://www.fe-siken.com/keyword/5/5-4/#285b87393ecf224af3b75ff989fac60387a7e85b
行動的特徴,https://www.fe-siken.com/keyword/11/11-1/#5af629425ba0af9f57cc9fcf5cb9fc5bddbc0081
高度情報通信ネットワークの利用及び情報通信技術を用いた情報の活用,https://www.fe-siken.com/keyword/23/23-4/#dfcbf101baf11a8dd21e01066773fdf90e12ff4a
高年齢者雇用安定法,https://www.fe-siken.com/keyword/23/23-3/#088eec46585934028c1fc53dc16a8dd9b5e5ad3f
勾配消失問題,https://www.fe-siken.com/keyword/1/1-3/#bc8b8b9847252a2099ec3c16b5a99086155a7e5a
構文解析,https://www.fe-siken.com/keyword/2/2-2/#afd71d91c6ac46cd3433b363bb7b7aae0933872a
交絡バイアス,https://www.fe-siken.com/keyword/22/22-2/#848ac908bb2763151665f4d9b3b069164a385242
効率性,https://www.fe-siken.com/keyword/12/12-2/#07ccb26087d50c6b1bef2c7e87ee3caf43b2da9e
小型無人機等飛行禁止法,https://www.fe-siken.com/keyword/23/23-4/#e70adfa05cd935371d8ea8d6e946c4f918f7d472
互換性,https://www.fe-siken.com/keyword/12/12-2/#35eb9545133c91c828a25940f1bf008927918eb0
顧客,https://www.fe-siken.com/keyword/15/15-1/#cd7d1ed5d62496f9283e35e9f298d3e4ce0951b3
顧客関係,https://www.fe-siken.com/keyword/15/15-2/#ed6c3dcc63fba999f7f942b50d36a630331971c5
顧客管理,https://www.fe-siken.com/keyword/21/21-1/#c8bd1a0ce4a3fdf3ec408878b29e4a63b7f4b7b4
顧客満足,https://www.fe-siken.com/keyword/15/15-2/#6ea1b4a7e64980b589f075ba37cc2c32ba51357e
顧客ロイヤルティ,https://www.fe-siken.com/keyword/19/19-2/#dd47afa90e99cc751999c7cc69377eba7d6b3af9
国際通信サービス,https://www.fe-siken.com/keyword/10/10-5/#1d319b3f8e57f9c5decf3b9cd6f62586541c4489
国際認証,https://www.fe-siken.com/keyword/23/23-5/#d3f2065e39da75317d27c3af8aa77e937fdc2996
標準化関連,https://www.fe-siken.com/keyword/23/23-5
国勢調査,https://www.fe-siken.com/keyword/22/22-2/#cc33aef21f99db0f88eb2255d06191b0377ed3fc
故障,https://www.fe-siken.com/keyword/11/11-1/#5e3fe540b9de1923c75f36b2723ce738e7d69649
故障率曲線,https://www.fe-siken.com/keyword/22/22-2/#37999c2e77e7092a144582c56f78f83e4120307f
個人情報取扱事業者,https://www.fe-siken.com/keyword/23/23-2/#174b670376ca89ca411814929ecfc99a52d579e7
個人情報保護委員会,https://www.fe-siken.com/keyword/23/23-2/#44ff066376fcd3ab38acdf2c090c5c825fc17ad1
個人情報保護に関するガイドライン,https://www.fe-siken.com/keyword/23/23-2/#a22ace75c790f9afc0e6e3933b39e9ae2cffac68
コスト管理,https://www.fe-siken.com/keyword/14/14-1/#cf98c94d3389c5ba01a6c36b76621c7d9de70a96
コストの管理,https://www.fe-siken.com/keyword/14/14-7/#ed5d37da343d7e70186d329c0cac711f5d21c638
プロジェクトのコスト,https://www.fe-siken.com/keyword/14/14-7
コストの対象群,https://www.fe-siken.com/keyword/14/14-1/#024bd99891b688202e7dba2781424db35ad310eb
コストの見積り,https://www.fe-siken.com/keyword/14/14-7/#26532d2019b9857cfca837047ecb11bd0af95648
コストプラス法,https://www.fe-siken.com/keyword/19/19-2/#2961bd555c6cbe2a814c1e44b1f2b872e019fea1
コストベースライン,https://www.fe-siken.com/keyword/14/14-7/#78363a7e92a502556cf483e83787d5f08ed9674c
コスト要因,https://www.fe-siken.com/keyword/11/11-2/#f3de3e773f8bbe50c0feb3673b86a8de3234b0cb
コストリーダーシップ戦略,https://www.fe-siken.com/keyword/19/19-1/#192789783280099a70e15feb8465934917bf4d1b
誤操作,https://www.fe-siken.com/keyword/11/11-1/#446aa767c401164ba1c023d209a074ef3e87e1d7
コーチング,https://www.fe-siken.com/keyword/22/22-1/#75f96d0f82be0df533899ab058fc26e058e960ed
国家サイバー統括室,https://www.fe-siken.com/keyword/11/11-2/#efb56245a97481d37acf274bd096ebb652c28be3
国家戦略特別区域法,https://www.fe-siken.com/keyword/22/22-1/#ae0521686111dae55fabee75694a8a32dce54a21
コーディング,https://www.fe-siken.com/keyword/12/12-3/#8f8ebf457939b592cf4caae8cba48283a976a991
コーディング標準,https://www.fe-siken.com/keyword/2/2-3/#676752e4dd5cd5c2dd4797e004d661491af80653
コーディング方法及び作業標準の適切性,https://www.fe-siken.com/keyword/12/12-3/#3a2d84066c617d2798938e42776c6aa27f221c46
固定資産,https://www.fe-siken.com/keyword/22/22-3/#c2fec2f10aed6ed738ca972a8a5bd12ff5da159b
固定小数点数,https://www.fe-siken.com/keyword/1/1-1/#94dbe4142a4c2fad6cd2b07af4aff6bbdc9fd247
固定負債,https://www.fe-siken.com/keyword/22/22-3/#59a5de4fc91203e41e88989cc26593bb57b70a2f
コードインスペクション,https://www.fe-siken.com/keyword/12/12-3/#7f6f1a0bfe52e248aad1c4ca5961ae650ebfa21a
コードオーディター,https://www.fe-siken.com/keyword/12/12-3/#5b43b33f1072a2ac787e982c7d4cf5cd73f2ba70
コード補完,https://www.fe-siken.com/keyword/12/12-3/#92b6931960a6e799e9e8316a0ed3fc412c1b1a93
コードレビュー,https://www.fe-siken.com/keyword/12/12-2/#e16aed99c35add7c4adc77e541cb13134139459b
コネクション方式,https://www.fe-siken.com/keyword/10/10-2/#0d2bc546e7a428530006e13108e803af29ab9798
コネクションレス方式,https://www.fe-siken.com/keyword/10/10-2/#1adc6429b168bdf3a8cb7fac8cc79ac33e4556c4
コネクテッドカー,https://www.fe-siken.com/keyword/21/21-5/#1fd949fb457022e155581fe3315596eb0914fe7b
コピーガード,https://www.fe-siken.com/keyword/13/13-2/#49cd87b161dae120b703d9d39558e311747cb54c
コピープロテクト外し,https://www.fe-siken.com/keyword/23/23-1/#958bb45c5d8247de4dd7a6321b796a2a4e08c366
誤謬,https://www.fe-siken.com/keyword/11/11-1/#0957801cf6c133e82747f574bbab0f25e8408652
コピーレフト,https://www.fe-siken.com/keyword/5/5-5/#c40ceaef9c8c55371d6cb9d24935633c9ec35bcd
個別システム化計画,https://www.fe-siken.com/keyword/18/18-1/#13b731f7a27dbf45dcda525218b68d3af5df2d78
コーポレートアイデンティティ,https://www.fe-siken.com/keyword/22/22-1/#3903b55475491a8885a0968e4ec21f454b4cbff9
コーポレートガバナンス,https://www.fe-siken.com/keyword/16/16-2/#b093e9217e50b70e02fdf697ce11f7e176ff6425
コーポレートガバナンス・コード,https://www.fe-siken.com/keyword/22/22-1/#ab12de57b4a53965f3f36a9db8a6d30323b76200
コーポレートトランスフォーメーション,https://www.fe-siken.com/keyword/22/22-1/#61c0097cf9da278247edea957cc61f5388c155a9
コーポレートブランド,https://www.fe-siken.com/keyword/22/22-1/#7d3e69593a552dc879358d0a1ab19840395c3cb5
コマンドインタプリタ,https://www.fe-siken.com/keyword/5/5-2/#781568b1dcef500e4190fe6084dfffd70f0ba388
コマンド方式,https://www.fe-siken.com/keyword/9/9-3/#e4d66310e143a71bf20c3edb765c9f79842f8fbc
コミットメント制御,https://www.fe-siken.com/keyword/9/9-5/#06d49bc8db9d564ebf4f6acb8f647d3ae36f6fb6
コミュニケーション,https://www.fe-siken.com/keyword/14/14-1/#ed3a14b28341caabf71b1d6016b6b07f6f1533ef
コミュニケーション図,https://www.fe-siken.com/keyword/2/2-5/#14b9b7d27b0c77a62f00dfae1aebdc46e79e8183
コミュニケーションチャネル,https://www.fe-siken.com/keyword/14/14-11/#93ef815606f0a7582bf3dc19f1def3123c90c840
プロジェクトのコミュニケーション,https://www.fe-siken.com/keyword/14/14-11
コミュニケーションの計画,https://www.fe-siken.com/keyword/14/14-11/#eb03c3f7eb8bff52e1a36c295968def478682a0f
コミュニケーションの対象群,https://www.fe-siken.com/keyword/14/14-1/#305a625a76dd5e80f0b0c0876bdffa6607b54f8a
コミュニケーションのマネジメント,https://www.fe-siken.com/keyword/14/14-11/#4feac4f44857aa3315f0487ee473d50c5487e0e1
コモディティ化,https://www.fe-siken.com/keyword/19/19-2/#a053ec426250ab193af28feebab6fd4689625c38
固有値,https://www.fe-siken.com/keyword/1/1-2/#233e27181669198210bd1de4fd608514f80d8e21
固有ベクトル,https://www.fe-siken.com/keyword/1/1-2/#e4fa75519dbb446f2daa425ab98afa087d9defc8
雇用契約,https://www.fe-siken.com/keyword/23/23-3/#f177929d5dd6cfa76492ddd74f9f6e940a96950c
呼量,https://www.fe-siken.com/keyword/10/10-1/#d0dc612d8a73877518da99e4c8ff90e4c89b9077
コールグラフ,https://www.fe-siken.com/keyword/13/13-1/#023cdaf069cd3bffbb053fc9b7a69e335c88e0ac
コールセンター,https://www.fe-siken.com/keyword/15/15-4/#95d331d3615612686d6cde05060d160c32da88da
コールドサイト,https://www.fe-siken.com/keyword/4/4-1/#05d9b674e40fb28c799145a4867fdbfd205e6034
コールドスタート,https://www.fe-siken.com/keyword/9/9-4/#7018e5022429b98e19d0d70f7acd737ef980b6f0
コールドスタンバイ,https://www.fe-siken.com/keyword/15/15-2/#9a05ce1d97404fa1c4873cae157b80d26687fd4d
コンカレントエンジニアリング,https://www.fe-siken.com/keyword/20/20-2/#4d62c20f6feb3e716f102fe0754e7bfb9d92201b
コンジョイント分析,https://www.fe-siken.com/keyword/19/19-2/#a2fdcc1ab0b50356e1b0492b57115bffbb33b34e
コンストラクタ,https://www.fe-siken.com/keyword/2/2-3/#42369d583ff0c7fd1763f2ad46ec8d95a27d9c21
コンセプトマップ,https://www.fe-siken.com/keyword/22/22-2/#6642251ab3501ad83ea5f61ddd1bb87083f114ac
コンテナセキュリティ,https://www.fe-siken.com/keyword/11/11-5/#ea911252015d80dc6aa9b24ab0423e30e652da74
コンテナフォーマット,https://www.fe-siken.com/keyword/8/8-1/#9bcc005b8db4db601e72eab1dcb0ec09e20aa6d3
コンテンション方式,https://www.fe-siken.com/keyword/10/10-2/#1c68b29e77945c4f26c32cf07e889e86909bcbf7
コンテンツフィルタリング,https://www.fe-siken.com/keyword/11/11-4/#a49fba892fcac25ac49a030bf8772994a674cae4
コントラスト,https://www.fe-siken.com/keyword/8/8-2/#c3185fafb671952054d1173cd5191432a34e2763
コントロール,https://www.fe-siken.com/keyword/16/16-1/#20dc27435f4a2427c9fb9f716c3c102590896049
コントロールバス,https://www.fe-siken.com/keyword/3/3-3/#f6dde30fca56c90cdfdfd318873f3802770c3f03
コンパイラ,https://www.fe-siken.com/keyword/5/5-1/#45121db500f5910e4a546264cdc288fd01e95547
コンパクション,https://www.fe-siken.com/keyword/5/5-1/#69909a3216a8b697406c8f2b7956570c9cf60a35
コンバージョン率,https://www.fe-siken.com/keyword/19/19-2/#9956c373b4b7b4613997e523e18e5faf34ea35c8
コンピテンシー,https://www.fe-siken.com/keyword/14/14-1/#747a3b86a8abcca55d30ae343bccc38559661c19
コンピュータウイルス,https://www.fe-siken.com/keyword/11/11-1/#716b8a0823b05b175e396d66d3a9cf8e078b6786
コンピュータウイルス対策基準,https://www.fe-siken.com/keyword/11/11-2/#33f03c1d239e3e483737d62737e1f3018869b196
コンピュータウイルス届出制度,https://www.fe-siken.com/keyword/11/11-2/#45cec6284ffb910dab50ca5691efb6b71e91f0dd
コンピュータ周辺／OA機器,https://www.fe-siken.com/keyword/21/21-4/#93099a34455818ad49d460899e13c9031bebe683
コンピュータの五大装置,https://www.fe-siken.com/keyword/3/3-1/#10609fa56e630c9fc06617cd480da8c72c88bf35
コンピュータ不正アクセス対策基準,https://www.fe-siken.com/keyword/11/11-2/#c487f2ba74f285f0354a0392961441fa92cc042a
コンピュータ不正アクセス届出制度,https://www.fe-siken.com/keyword/11/11-2/#374512b559fa0acf6821a22423e5e51df1d35b27
コンプライアンス,https://www.fe-siken.com/keyword/16/16-2/#061140526dc74bda8a99380691d62814a1f74743
コンポジット構造図,https://www.fe-siken.com/keyword/2/2-5/#7009f065f0e6bf1cd3c5171e3018588306edcbd4
コンポーネント,https://www.fe-siken.com/keyword/5/5-2/#3d1e1e5b6f92585a538a4ce86f5b4e8b552c4b02
コンポーネントウェア,https://www.fe-siken.com/keyword/12/12-2/#5d752097dd85a3a3a661010bf7e613f9636fc9ef
コンポーネント図,https://www.fe-siken.com/keyword/2/2-5/#19a7732fd178b8b0a13143264e5d6e6bd1937a77
根本原因,https://www.fe-siken.com/keyword/15/15-2/#9029fbb5110a73a85c60afbe84f7fe15f0ee9bdd
災害,https://www.fe-siken.com/keyword/11/11-1/#f06ce4de54f650340799690786cd0e1f87e78885
災害復旧,https://www.fe-siken.com/keyword/11/11-2/#40ea06ca4b6815c61f4440c36ccc574cb0f7fd41
再帰性,https://www.fe-siken.com/keyword/2/2-2/#db4ded9305b23310f87949e016aa840507641c4f
再帰戦略,https://www.fe-siken.com/keyword/12/12-4/#3504b262042ba1e69e43e94125a3d675a99c3399
再帰的アルゴリズム,https://www.fe-siken.com/keyword/2/2-2/#073ad0c02b2fbd832e571df2b1437616873d27a7
サイクロマティック複雑度,https://www.fe-siken.com/keyword/12/12-3/#4dac921c91362cec8607a4e37af09b5c0469adea
再構成,https://www.fe-siken.com/keyword/5/5-1/#d6c1fb1eb57f58d08eca984037a96532cb0382c1
在庫管理,https://www.fe-siken.com/keyword/21/21-1/#72f1157c39fcf3c37978dd2ad8751ec11327150c
財産損失,https://www.fe-siken.com/keyword/11/11-2/#f54785767792855eb92c3495563ad0e710388498
最小権限の原則,https://www.fe-siken.com/keyword/11/11-2/#29645fce86ec6c660b53e630797f8749e9273e33
最小二乗法,https://www.fe-siken.com/keyword/22/22-2/#4aa637f354f6308d4ec1ffab699193056fa42945
サイジング,https://www.fe-siken.com/keyword/4/4-2/#8f80f1be95b395e56c7b62051a07d1cbb165b5b2
在宅勤務,https://www.fe-siken.com/keyword/22/22-1/#796fca7f06d412548164b63b2408c20181d00e1c
最短経路探索,https://www.fe-siken.com/keyword/2/2-2/#70d2fbbc4f78bce854b81a2c834590abb46db5ef
最適化,https://www.fe-siken.com/keyword/22/22-2/#c75022a7c67d2c146778ede963d5430c07ea501c
最適化問題,https://www.fe-siken.com/keyword/1/1-2/#ac78e8863edab2df969fdb1c290c589d920562f4
サイドチャネル攻撃,https://www.fe-siken.com/keyword/11/11-1/#e4fa4e684a7152e6a3175b8431dfd095c6a52a3d
サイト内検索機能,https://www.fe-siken.com/keyword/7/7-2/#5a682192dbe31c47ed4489127bad59d6e6de95f2
サイトライセンス契約,https://www.fe-siken.com/keyword/23/23-3/#d554e0e0de3acd3035e21b35f1bafe3005b19090
サイバーキルチェーン,https://www.fe-siken.com/keyword/11/11-1/#584db64d8b2405a6c0bcc8a4451dc47b613f00cc
サイバー攻撃,https://www.fe-siken.com/keyword/11/11-1/#54bc6dce5b9369889d636d5c4e6a369b672680b1
サイバーセキュリティ,https://www.fe-siken.com/keyword/23/23-2/#50c645dbd87f5b26a0a437a37d02c087622b87d3
サイバーセキュリティ概念,https://www.fe-siken.com/keyword/11/11-2/#a85c0c26230ea07a4ed3a3c63707f10f0028d67c
サイバーセキュリティ協議会,https://www.fe-siken.com/keyword/23/23-2/#8b8a864cb6cef8f026031f104b46a1b7ec30969b
サイバーセキュリティ経営ガイドライン,https://www.fe-siken.com/keyword/11/11-2/#0bc0200be99978eaac8c6fee7d00b32839ff5145
サイバーセキュリティ戦略,https://www.fe-siken.com/keyword/23/23-2/#a54d363aaba8f74534f2938750ce6b979d17f31c
サイバーセキュリティ戦略本部,https://www.fe-siken.com/keyword/11/11-2/#d6894ceb88658f34eb84a952af6c123842c42aa2
サイバーセキュリティの確保,https://www.fe-siken.com/keyword/23/23-4/#7a594289610cd238cbe8f8ad554510019f76c231
サイバーセキュリティフレームワーク,https://www.fe-siken.com/keyword/11/11-2/#c545112c02fe633384f57c6e49e8b38b89a576bd
サイバーテロリズム,https://www.fe-siken.com/keyword/11/11-1/#b9eb36e4a44e281a7b9ddc18194b6590c42e5bcb
サイバーフィジカルシステム,https://www.fe-siken.com/keyword/21/21-1/#be906ed0313965c266e3563cb615a8a2de4d636a
最頻値,https://www.fe-siken.com/keyword/1/1-2/#c77c050fcba9f32d4d50e82034a0194139299bb8
差異分析,https://www.fe-siken.com/keyword/17/17-1/#40861530f7a3f0819f67094a84498171ff735b97
財務管理,https://www.fe-siken.com/keyword/15/15-2/#f4aa27b73e8923f6e1904baf667d8d03874ebda0
財務指標,https://www.fe-siken.com/keyword/22/22-3/#bee4a0704240eaaf6a006359b032854a8562890e
財務諸表,https://www.fe-siken.com/keyword/22/22-3/#94ac66ffb3fd80a4e8cda356dda6ccd0f74e13af
財務・資産・人事・情報管理,https://www.fe-siken.com/keyword/22/22-1/#24fa70adf80be70be60854f7437027da6e53587b
最尤推定,https://www.fe-siken.com/keyword/1/1-2/#5c50ab053aee0837c9de667deb420613d4f666b5
裁量労働制,https://www.fe-siken.com/keyword/23/23-3/#ec1851d8c72e8804aed6ce167e77d9f276b8c8d5
再利用,https://www.fe-siken.com/keyword/12/12-2/#25f697b0096d9beeec10133a7eb91f855d79d8df
再利用性,https://www.fe-siken.com/keyword/12/12-2/#0e87b91c8dc1cdb037973550135ae940c806e0d2
先入先出法,https://www.fe-siken.com/keyword/22/22-3/#4c8c3835c962a0d76a518d88241dd99c059e23e2
詐欺犯,https://www.fe-siken.com/keyword/11/11-1/#216c47c7efbe3ee5f54406df520e36c4b5fb25fd
サーキュラーエコノミー,https://www.fe-siken.com/keyword/19/19-1/#77efc8e66940ce59448a086228bff9322ba627b5
作業計画立案,https://www.fe-siken.com/keyword/14/14-1/#9410fe470476f9754ca02bbf7634c747cc48cd2d
作業時間分析法,https://www.fe-siken.com/keyword/22/22-2/#d9988e9e153479660d002cc2864583f2ea060bb3
作業分析,https://www.fe-siken.com/keyword/22/22-2/#34f37d6aa87742eadd3e52c2eba14c8e9c0e0f77
作業量見積り,https://www.fe-siken.com/keyword/14/14-1/#824bb3d19f9f864a73ad6eab89fa27fea0274b2f
削除権限,https://www.fe-siken.com/keyword/9/9-4/#18e7ac20718b266406b60edafe12de69cfd50e9d
ザックマンフレームワーク,https://www.fe-siken.com/keyword/17/17-1/#a1fd59008324be1647132e520c84d49cdfef136a
サテライトオフィス,https://www.fe-siken.com/keyword/22/22-1/#9d0531c628bbf44eaab9a6d5c3a287bc73dc4561
サーバ,https://www.fe-siken.com/keyword/3/3-1/#1500e341d0529661f0938901d2fffaa3e9258b6d
サーバサイドプログラミング,https://www.fe-siken.com/keyword/2/2-3/#696177098ebedb99860c3ef5e5e31547729dc873
サーバ証明書,https://www.fe-siken.com/keyword/11/11-1/#cf3e42ec9e2c3eaddeb1ab0553abdb2cd139048b
サーバレス,https://www.fe-siken.com/keyword/4/4-1/#593873f5ec816e837d5a00c8ef6c81badea2daf5
サーバレスアーキテクチャ,https://www.fe-siken.com/keyword/12/12-2/#b1f4978c90454c2e53052e7696e549623d4f0cd7
サービス,https://www.fe-siken.com/keyword/12/12-1/#2dd5ca6b6bfa8d891950b43c4766ae8d66e3eaf3
サービス受入れ基準,https://www.fe-siken.com/keyword/15/15-2/#a3f71d72dcb976b42a5dbe50c0717edcc7e84cc2
サービス及びサービスマネジメントシステムのパフォーマンス,https://www.fe-siken.com/keyword/15/15-1/#30468d7f8427f3b2da8e592003bee26db1da6b99
サービスカタログ,https://www.fe-siken.com/keyword/15/15-2/#b2690ab8113cd68088a51ae25136b6afd2e36158
サービス可用性,https://www.fe-siken.com/keyword/15/15-1/#4190356107ce202f7e1a5c58eda3d6671a80c3e5
サービス可用性管理,https://www.fe-siken.com/keyword/15/15-2/#6788caa693783a43db48c7a5a42a475fe69988c1
サービス記述,https://www.fe-siken.com/keyword/12/12-2/#32754066abd445dd5c0d9cbff7a15f0dc2ebc7a6
サービス継続計画,https://www.fe-siken.com/keyword/15/15-2/#0415751630ab1c0beefbed300df35724efa866ef
サービスコンポーネント,https://www.fe-siken.com/keyword/15/15-1/#2df7d376e8a1649bd766a6957c67c8a31847f00e
サービス時間,https://www.fe-siken.com/keyword/1/1-2/#80fe40a17e20f8d12ece2e4327f3b00296443889
サービス設計書,https://www.fe-siken.com/keyword/15/15-2/#1e208642549e41f992ff8c9b9635e9d7f85dacc6
サービス提供者,https://www.fe-siken.com/keyword/15/15-1/#c071216cca968b445852767c5aa21d3d96e9b112
サービスデスク,https://www.fe-siken.com/keyword/15/15-4/#68c6345c0e7b2118f99589f1b9bd883f71ba8d68
サービスの状態,https://www.fe-siken.com/keyword/15/15-2/#303e1b69a435771e779f9b5fada976ce363e4658
サービスの設計及び移行,https://www.fe-siken.com/keyword/15/15-2/#492369dafb6ed34a096f6dbdb94c241f292a7519
サービスの定義,https://www.fe-siken.com/keyword/12/12-1/#932a6a0db6f1501ea4762db98f70f113b83a3ed0
サービスの報告,https://www.fe-siken.com/keyword/15/15-3/#acb733fed667b8db5b4d4af2beea40913452cbc2
サービスの要求事項,https://www.fe-siken.com/keyword/15/15-1/#f3bd1272b5cb6e0fdea3f23d13b0717193e01949
サービスの予算業務及び会計業務,https://www.fe-siken.com/keyword/15/15-2/#0dcc9e0e71775f15d2d4faea4b957a04addfaa39
サービス品質,https://www.fe-siken.com/keyword/15/15-1/#978ef2491bc21f588a2d20e4849cb8b797dd9df6
サービスブループリント,https://www.fe-siken.com/keyword/19/19-2/#aff2843edc10a8b0bf4b8d78d70a8852a988810c
サービスプログラム,https://www.fe-siken.com/keyword/5/5-1/#6b14265b6fa029b7bd0413668b02e03503e7d286
サービスポートフォリオ,https://www.fe-siken.com/keyword/15/15-2/#27360788bcac1a726ba222ef68bceddf82698bb9
サービスマネジメント,https://www.fe-siken.com/keyword/15/15-1/#1e75a96ee95495d61e56a6eb5f569befed202952
サービスマネジメントシステム,https://www.fe-siken.com/keyword/15/15-1/#6a3783452572f467634a102c858cf88d7e29fdae
サービス満足度,https://www.fe-siken.com/keyword/15/15-2/#736ea0357cdcda57e79238a0dc742adcf4b08f7d
サービス要求,https://www.fe-siken.com/keyword/15/15-2/#c93b9a97d64b366a6224791e1c90dfcf99a701f1
サービス要求管理,https://www.fe-siken.com/keyword/15/15-2/#d3bf9393dee5d41a3c195c43483bef85f79d2f6c
サービスライフサイクル,https://www.fe-siken.com/keyword/15/15-1/#a119e79a12ab028c34910926d34a0df5277483e8
サービスレベル管理,https://www.fe-siken.com/keyword/15/15-2/#051f345039951773c150ff6c0343c3c262bb34c4
サービスレベル指標,https://www.fe-siken.com/keyword/15/15-2/#435d6b5f3167e4307108ae5fece1519bdd9cac14
サービスレベル目標,https://www.fe-siken.com/keyword/15/15-2/#37879689235bc297e60fb465bac161f027ed768e
サービス・パイプライン,https://www.fe-siken.com/keyword/15/15-2/#03d360d731d3fc1ea83e4c531c7143b561146438
サブクラス,https://www.fe-siken.com/keyword/12/12-2/#eda9a2ae3f509620ea0e4bf40ad05d778e6651a6
サブスクリプションモデル,https://www.fe-siken.com/keyword/19/19-2/#aa21c42db813fd8b19b681b1c0b64850418dbaa9
サブネットアドレス,https://www.fe-siken.com/keyword/10/10-3/#5d85a53e53bc27e47bd0d46c87d1a602ca3d9eb9
通信プロトコル,https://www.fe-siken.com/keyword/10/10-3
サブネットマスク,https://www.fe-siken.com/keyword/10/10-3/#c0ab749efa901b87b8859469651938583df977f2
サプライチェーンリスク,https://www.fe-siken.com/keyword/11/11-2/#88ae5287c4c2183a1c6ef9cb9201f25c62a11a7c
サーブリック,https://www.fe-siken.com/keyword/22/22-2/#94e372d17d340abf6f68cd1e1ca5e0049ad94ae2
サブルーチン,https://www.fe-siken.com/keyword/2/2-3/#dfeecc57db7521031c83d160b672f9ac816a2b5b
差分バックアップ,https://www.fe-siken.com/keyword/5/5-3/#f413662391485500df3e844017604fa8de049015
差別化戦略,https://www.fe-siken.com/keyword/19/19-1/#9da3aa92e467e8d2ff683bac57bf2b114e1675a5
サポートベクターマシン,https://www.fe-siken.com/keyword/1/1-3/#98d11609c43ce0a153121e4493e3915aa7ea6457
サーミスタ,https://www.fe-siken.com/keyword/1/1-5/#d0db401a6f320242e738ba642e1a969061b25ca9
参加型デザイン,https://www.fe-siken.com/keyword/19/19-2/#03ed14aaedaafa9c29e16f94acc0f46ca02272e0
三角関数,https://www.fe-siken.com/keyword/1/1-2/#9467fd16f8eebd92a1d0d68dec5fea6018c8cc5c
産学官連携,https://www.fe-siken.com/keyword/20/20-1/#552cdb8e93b4fcb38692ac4730b55afb9b9bee12
産業財産権,https://www.fe-siken.com/keyword/23/23-1/#993bc5a7d01ba50d3c50682270a564d17ee6e8d9
算術演算,https://www.fe-siken.com/keyword/2/2-3/#5485546911b256b8a774b8dab7e0940f023b240b
算術演算命令,https://www.fe-siken.com/keyword/3/3-1/#99bb467100257bfa0904a7e54b16bf8fb81999be
算術シフト,https://www.fe-siken.com/keyword/1/1-1/#93e058c860f41a3340a5c0c9a544787e58a3d64f
参照権限,https://www.fe-siken.com/keyword/9/9-4/#5c6bbb4f430d79d597e75adf472f54aec7d1b32e
参照情報,https://www.fe-siken.com/keyword/5/5-3/#4c64e89d6782f627b124bb320d8dee9dc48f211f
参照制約,https://www.fe-siken.com/keyword/9/9-3/#2c4369301ee73107e426bf0781a2becd3f5d60dc
三点見積り,https://www.fe-siken.com/keyword/14/14-6/#7975464252a7c28cdae2e84a47d282ebb94afbab
散布図,https://www.fe-siken.com/keyword/22/22-2/#5224b0d05579daf4f691280cb66bda97a93cdda8
散布図行列,https://www.fe-siken.com/keyword/22/22-2/#d13087f7057df0947c3017f645820f05c3e77f63
サンプリング,https://www.fe-siken.com/keyword/19/19-2/#ba291c7550e2ba6dfc7cb368cd6202f2df821d5e
残留リスク,https://www.fe-siken.com/keyword/11/11-2/#3e0fed37558ccc2cf22c45cd120cc2f9bd6f82aa
シェアウェア,https://www.fe-siken.com/keyword/23/23-3/#a34cbe2e6feae4c10472c5b8e3a7867f6024eb43
シェアードサービス,https://www.fe-siken.com/keyword/19/19-1/#5b9ccc0bf91ff8f61faf58b35bee5aa3d5f3d856
シェアリングエコノミー,https://www.fe-siken.com/keyword/21/21-3/#6b3bc87cbda3e40a75c1c9175155d3dc7637e51c
ジェスチャーインタフェース,https://www.fe-siken.com/keyword/7/7-1/#25ea24c5eeec7c89248d3207e8a8ce709a4643fb
ジェネレーター,https://www.fe-siken.com/keyword/5/5-4/#3ae07be4a826bce8ec5cec599dfd25f6df733675
シェープファイル,https://www.fe-siken.com/keyword/22/22-2/#2accd8ae14bba11b47cf773e3d68f82db7b20c58
シェルソート,https://www.fe-siken.com/keyword/2/2-2/#765c59e28c7470d53d10567addb06acc836f8024
ジオターゲティング広告,https://www.fe-siken.com/keyword/19/19-2/#457b43d1208b3556ca0a361b49accee9550e3248
死活監視,https://www.fe-siken.com/keyword/10/10-4/#0bb269f932610bec6377d405f137e47e1ce89f12
時間計算量,https://www.fe-siken.com/keyword/1/1-3/#79f071be6b68a4c275d7c27675812797614d54d6
時間の対象群,https://www.fe-siken.com/keyword/14/14-1/#e1a5deaaecedac619fa7b3b8a0277170bd5d125c
しきい値,https://www.fe-siken.com/keyword/15/15-2/#57ec125d4ec3f47a1225a3dda5274c25cd95c1e5
磁気カード読取装置,https://www.fe-siken.com/keyword/3/3-5/#985eac075159beb833663d42dcaee42fd79d5715
磁気センサー,https://www.fe-siken.com/keyword/1/1-5/#a43444dbca985ecc576e58df07912c7419f724f1
磁気テープ装置,https://www.fe-siken.com/keyword/3/3-5/#f11495848f8125678463201c2562b235d4d35013
指揮命令,https://www.fe-siken.com/keyword/23/23-3/#58336ca25a6c1815091bcea2f248af51886274f7
事業影響度分析,https://www.fe-siken.com/keyword/22/22-1/#78cc6863c0b073c50920d17772205f3e0bd8b1b9
事業関係管理,https://www.fe-siken.com/keyword/15/15-2/#333b3d9f716efe8e6aaaa4230061a3db75eee878
事業継続計画,https://www.fe-siken.com/keyword/15/15-2/#6b47ff10e52c8ff14db833614f6e236cddbadde5
事業部制組織,https://www.fe-siken.com/keyword/22/22-1/#ce6ad96db03330d37d7f4a0e5a0c34f982e37a62
事業報告,https://www.fe-siken.com/keyword/23/23-4/#c5d1d6815a7a2b3a58a333622c9c66e051f656ab
資金決済法,https://www.fe-siken.com/keyword/23/23-3/#c294e5c03319cfdd10c66d90c673caf1b7dd1c2b
シグニファイア,https://www.fe-siken.com/keyword/7/7-1/#a2f05b3381815cf59120043f535f414560c23402
時系列データ,https://www.fe-siken.com/keyword/22/22-2/#8e4958efe981b3b66bb324eef33351be3456f024
時系列分析,https://www.fe-siken.com/keyword/22/22-2/#b4ac670e8d565f5df3487f480370be8b9baf1349
資源,https://www.fe-siken.com/keyword/15/15-2/#bf1a5da9b449a538ab073bd5a6e57a48fdf2fc54
資源管理,https://www.fe-siken.com/keyword/13/13-3/#ed85f3661d82cc7246360b1fbdcdc591e8f99a23
試験機関,https://www.fe-siken.com/keyword/23/23-5/#cb22e1ab48a9610e3f14469d08c5a2de5232da8e
シーケンス図,https://www.fe-siken.com/keyword/2/2-5/#60131311466227a923302a2753b3cca0bfb3f4d8
シーケンス制御,https://www.fe-siken.com/keyword/6/6-1/#66474f721a418d2c42f7ed43ca4f701064ecd08e
資源の管理,https://www.fe-siken.com/keyword/14/14-5/#cc84442ad402405683a63759c6ce20f622ca2e92
プロジェクトの資源,https://www.fe-siken.com/keyword/14/14-5
資源の対象群,https://www.fe-siken.com/keyword/14/14-1/#dd4eb3b9edf00636e2b123a2ce7c7c36f111d0ea
資源の見積り,https://www.fe-siken.com/keyword/14/14-5/#2fc98210bd9a079c0f48b7118415afece919b875
試験問題,https://www.fe-siken.com/keyword/23/23-1/#1909d8eb273c426a0aa52e7f378a27bd13fdb4fc
資源要求事項,https://www.fe-siken.com/keyword/14/14-5/#21e457e512d66085d88514cb9671c03dc1a7bc66
事故,https://www.fe-siken.com/keyword/11/11-1/#04e819c2f3ef7de241cea46fa4df32b80b7a9246
自己教師あり学習,https://www.fe-siken.com/keyword/1/1-3/#b96cbe08b5996d8ee5c3a83602181bbfdd3aa0b9
自己資本比率,https://www.fe-siken.com/keyword/22/22-3/#380b394da9154ce050c4f5130ee33852667ee1f5
字下げ,https://www.fe-siken.com/keyword/2/2-3/#8195be2145231c670765b8400bdfa322b8082fec
資産管理,https://www.fe-siken.com/keyword/15/15-2/#aebb95f02a101987e4d3efc1e0953e3bfa5055b9
試算表,https://www.fe-siken.com/keyword/22/22-3/#595e6edcd839ed66c0bda0ee0d7773941903e92c
シェル,https://www.fe-siken.com/keyword/5/5-2/#8ed89b2f0a694a072da45c12a6ffeac2d73c52f6
市場調査,https://www.fe-siken.com/keyword/19/19-2/#c65b7c763bff4de144abd4d7c73a38e5704f2edb
市場テスト,https://www.fe-siken.com/keyword/19/19-2/#f24e35b270c2a05a4b4868b5e7f0bfe11aaa77a8
市場ニーズ,https://www.fe-siken.com/keyword/20/20-2/#a98696a0f86167f95c461f6673c2c321c7baf0e2
辞書攻撃,https://www.fe-siken.com/keyword/11/11-1/#3539465cf96acf123cfd05dce82f9dcd766e1ce3
指数部,https://www.fe-siken.com/keyword/1/1-1/#cfd57303d279341d1aa645783fd52f3dfcce8bbb
指数分布,https://www.fe-siken.com/keyword/1/1-2/#fcd91e195d7dc8b04950e291816f4d58758210bc
システムインテグレーション,https://www.fe-siken.com/keyword/17/17-3/#a81ea7d4973ba2358236136bf6b4e3d1920c410a
システム運用管理,https://www.fe-siken.com/keyword/15/15-4/#4253065c770aba61a7f78e4cd5e50bb829bfbbeb
システム運用部門,https://www.fe-siken.com/keyword/12/12-5/#f65204ad01a2fa5b3835118642b2bafe42e6092d
システム化構想の共有,https://www.fe-siken.com/keyword/18/18-1/#b5098f7be4b997adb3dec8e8fabf4a153170909c
システム監査,https://www.fe-siken.com/keyword/16/16-1/#15311538fbb7b41a08456735c1c350f2abfc661b
システム監査委託契約書,https://www.fe-siken.com/keyword/16/16-1/#fffd11ed048e35677805d63ab8d844b84963458e
システム監査計画,https://www.fe-siken.com/keyword/16/16-1/#7ac5bd40289e281c2caae269dd03967563287afa
システム監査上の判断尺度,https://www.fe-siken.com/keyword/16/16-1/#4500c3161f278368fa051aa7eb87244f2f20021a
システム監査に対するニーズの把握と品質の確保,https://www.fe-siken.com/keyword/16/16-1/#f8d5aee9beef059a0800794175bdfd7c305969e8
システム監査人の権限と責任,https://www.fe-siken.com/keyword/16/16-1/#d7fb3df619aeaed54dfa3dfc754a151b32ca5a80
システム監査報告書,https://www.fe-siken.com/keyword/16/16-1/#899a2067affb424415d461e80f7fc9687e4357e5
システム管理基準,https://www.fe-siken.com/keyword/17/17-1/#5b2e891b2bef0424f3d2975d24972c249d7f5650
システム機能仕様,https://www.fe-siken.com/keyword/12/12-1/#a7f1114dcddada0b2a6c10fbe387e619691ff1fb
システム構築・運用のための標準化方針及び品質方針,https://www.fe-siken.com/keyword/17/17-1/#15fb9757ea0a89e31be6980d3475172863a9f257
システム最適化手法,https://www.fe-siken.com/keyword/18/18-1/#be1a5c104351dd72c62ee7be65dd20cb9cde97ac
システムソフトウェア,https://www.fe-siken.com/keyword/5/5-1/#ab9f852fb43427d019ffccfff3c2d65d33d21e21
システム適用範囲,https://www.fe-siken.com/keyword/18/18-1/#f6c6ffad8b5dbce3dc0e7f72527de7c5f12494f6
システムデザイン,https://www.fe-siken.com/keyword/18/18-1/#ef414d6a7d7e53a60f78868bdf1cdfeec7bae738
システムの監視と操作,https://www.fe-siken.com/keyword/15/15-4/#f218629ba6d9c8a31895d4059c7c56d897b793b4
システムバス,https://www.fe-siken.com/keyword/3/3-3/#d17c8b9c456844102bb3944ee93f0d2cb5a14a71
システム要件,https://www.fe-siken.com/keyword/12/12-4/#cd15a7779499ef7ac7ae95cd5229bb8c0533b363
システムライフサイクル,https://www.fe-siken.com/keyword/17/17-4/#be51402b57dde9b11fc50097bec12bbca784ca3e
システム利用権,https://www.fe-siken.com/keyword/5/5-1/#4f047b53dc90756c62f14ca4e1b154acc0bb0ad2
システム利用文書,https://www.fe-siken.com/keyword/12/12-5/#e969400756a315392b594652e3e6b14f172cc3b0
施設管理,https://www.fe-siken.com/keyword/15/15-5/#d696ca10c9d8d24666509d54102b829c83132733
施設・設備の維持保全,https://www.fe-siken.com/keyword/15/15-5/#ac37fcca18bcde31d4c3317d78fff6a499d42d4e
事前学習,https://www.fe-siken.com/keyword/1/1-3/#601c3a06c3bff8c814384f09b49fc79554875823
自然言語インタフェース,https://www.fe-siken.com/keyword/7/7-1/#a7e0ed203498757b20414fd9c1ca5095997da6d6
自治体窓口のキャッシュレス化,https://www.fe-siken.com/keyword/21/21-1/#35afa23fd5537f51d56f4da012e411fb19d8dd25
シックスシグマ,https://www.fe-siken.com/keyword/19/19-3/#301c25a585a324b2c2cd7ee7eb694b74b0b3ee65
実験計画法,https://www.fe-siken.com/keyword/12/12-3/#c7475c463d0be1b52c6ea5d5d4115f92adff6ce8
実験データ,https://www.fe-siken.com/keyword/22/22-2/#74a35ecf04d701f74129b266a82d83f869b68970
実験法,https://www.fe-siken.com/keyword/19/19-2/#b66d07334159e65e590a8cd3fdcf301cc03fed88
実行環境要件,https://www.fe-siken.com/keyword/12/12-1/#8dd39f42b2b7c89bfc8e8988a16530cf29a3c8cd
実行時コンパイラ,https://www.fe-siken.com/keyword/5/5-4/#04a3668a8400ca8d38fd834f09642d0c56b1674c
実行のプロセス群,https://www.fe-siken.com/keyword/14/14-1/#71da7ffe4f7cb16e678b37056cd3f8b232f1f6b8
執行役,https://www.fe-siken.com/keyword/23/23-4/#2355af684e8a9defccecad98fbc719d27e35bc5f
実施ルールの設定,https://www.fe-siken.com/keyword/16/16-2/#ce4c6d1d486927840ea5d5ff29c53dc05f1d74c5
実数型,https://www.fe-siken.com/keyword/2/2-3/#b052d0c993a0139837399e3f366a21b75bb6c3ff
実装制約条件,https://www.fe-siken.com/keyword/12/12-1/#7c7be658759af03aad01f97c634d1ef6826d9793
実体,https://www.fe-siken.com/keyword/12/12-2/#8446cbd7f2efe82440b35d8d57092dc22d2ab0a8
実現,https://www.fe-siken.com/keyword/15/15-2/#bad9e27cc13a03b367885e6198c6e7d406dd2c9b
実現値,https://www.fe-siken.com/keyword/9/9-1/#83813b3b710837a74fa55f09ee55f8348b9a8cee
実コスト,https://www.fe-siken.com/keyword/14/14-7/#02d48401de51cf960155e0a6e3c816a1d8eb3f33
質的データ,https://www.fe-siken.com/keyword/22/22-2/#9162a988767f272ac5e90543c01165ab70140947
湿度センサー,https://www.fe-siken.com/keyword/1/1-5/#f57861cc688dbdcae49c95f60a6e6745005b23b7
実表,https://www.fe-siken.com/keyword/9/9-3/#d89a2fce3e3cec69d232d1593b24f2fae180c4ee
質問法,https://www.fe-siken.com/keyword/19/19-2/#2bfe4ce55a14460f8145457e6c84079f3698ac6a
実用新案権,https://www.fe-siken.com/keyword/23/23-1/#d62699fd71c702297bd7b45ad5973b304cc16fbd
指摘事項,https://www.fe-siken.com/keyword/16/16-1/#d4812c976d16a789821abafdae4c474ba6c99e4f
私的使用,https://www.fe-siken.com/keyword/23/23-1/#0243c07808a0c59504f32742b94744add69b7d99
自動運転,https://www.fe-siken.com/keyword/21/21-5/#651fe00c98a4dacafee5f53a739753338dfc9559
自動運転レベル,https://www.fe-siken.com/keyword/21/21-5/#e93dcb557dc9bf2034a4e6e6d2c967470f70e73d
自動監視装置,https://www.fe-siken.com/keyword/21/21-2/#4102d718f66060535ab385ee9140a17ac995619e
エンジニアリングシステム,https://www.fe-siken.com/keyword/21/21-2
自動倉庫,https://www.fe-siken.com/keyword/21/21-2/#750dd5cbdfdcc1b755ce3059eb2d6e4e30c45315
自動販売機,https://www.fe-siken.com/keyword/21/21-5/#ce2dfb7e97956f8bad6a34354ce6f5f0388a2709
シナジー効果,https://www.fe-siken.com/keyword/19/19-1/#58081d2208d2923895e9fbc618414ed70582a8c5
シナリオ,https://www.fe-siken.com/keyword/12/12-1/#ac940b15df99840ddabf1d22bc86a5c0e281ee89
死の谷,https://www.fe-siken.com/keyword/20/20-1/#b3d0c2699a34113ae43332bb4fc757f8575306bc
支払用カード電磁的記録不正作出等罪,https://www.fe-siken.com/keyword/23/23-2/#8cbd53536212ccd933935111eadf11375ac09209
シフトJISコード,https://www.fe-siken.com/keyword/1/1-3/#40f2f51716ea79e0a971c06dd90d9a5087cbba9e
シフト命令,https://www.fe-siken.com/keyword/3/3-1/#f7f4cc6e8038d399eceb117d05fd5d84abd8ef80
シミュレーション,https://www.fe-siken.com/keyword/22/22-2/#39714998620e6d499f6080c258a2542bbaf05f1e
シミュレーションのデータ同化,https://www.fe-siken.com/keyword/22/22-2/#06891527ed7c6b4e5e4560b7c17aae5f3a94d365
シミュレーター,https://www.fe-siken.com/keyword/5/5-4/#6d66d60884a50fbeee7bdc25d28cbaaff5da0e1e
紙面,https://www.fe-siken.com/keyword/14/14-11/#59ecb9168c2adf638193615e1e0dd4da736b4901
ジャイロセンサー,https://www.fe-siken.com/keyword/1/1-5/#04b61d79e52314ac40045c30a0670174724e8bc1
ジャクソン法,https://www.fe-siken.com/keyword/12/12-2/#59082e51e37058f115b50fc7712f148b860b3dac
尺度,https://www.fe-siken.com/keyword/1/1-2/#884f974a73b6de49098d78436588752a9fa84f24
シャドーIT,https://www.fe-siken.com/keyword/11/11-1/#70ba939cf8930fec0df8e80233e4360506f05075
ジャーナルファイル,https://www.fe-siken.com/keyword/9/9-4/#3a5a785d8af72f704c13cc096027224905430073
収益,https://www.fe-siken.com/keyword/22/22-3/#88a291e5f6fbd3940dd0d0b39aa811d55fdcad3b
収益性指標,https://www.fe-siken.com/keyword/22/22-3/#bbbf8252451e521725133b70f4e8402ce7c0f4b6
周期性,https://www.fe-siken.com/keyword/22/22-2/#9bfaaa0aa91dbad0002368b87f1416ec581a34dd
従系,https://www.fe-siken.com/keyword/4/4-1/#feb5389a44095f8ea4f8e6836fe92eecf6632261
終結のプロセス群,https://www.fe-siken.com/keyword/14/14-1/#72ec76b4cd6db9585375539d14d4dc80dbe93453
集合演算,https://www.fe-siken.com/keyword/9/9-3/#a2034b5936e113ad533d34330990b9f78d4aa641
修正実施の選択肢の用意,https://www.fe-siken.com/keyword/12/12-6/#610fdf9689c4ad80df52e28232c65006425acf3a
修正するシステム及び／又はソフトウェアや関連文書の決定,https://www.fe-siken.com/keyword/12/12-6/#1b933533c10250866ea479e98089541d21037c2f
従属モジュール,https://www.fe-siken.com/keyword/12/12-2/#36e1aad9d7eedd52a0d74b7fb47f353248d04c07
重大なインシデント,https://www.fe-siken.com/keyword/15/15-2/#1c672ddc932de3e6430522c572b5275cfffaf287
集団思考,https://www.fe-siken.com/keyword/23/23-4/#585c67dc1a761c3b44d17f0a1b6fb9c82ff56505
集中処理,https://www.fe-siken.com/keyword/12/12-2/#07c962cba0fa78639d745299839c0dfd8faf5447
集中戦略,https://www.fe-siken.com/keyword/19/19-1/#29d9d557ee9e3f04d7899f357b4c966e67229064
周辺インタフェース要件,https://www.fe-siken.com/keyword/12/12-1/#7be308c856e1ace04bd81d52268eb92bf87da6e2
住民基本台帳ネットワークシステム,https://www.fe-siken.com/keyword/21/21-1/#5814810ec5d809aec87b1a08448f33d29120a334
集約,https://www.fe-siken.com/keyword/12/12-2/#e12731d09cbdd953b4bdf261a9aee4b0e5198619
集約関数,https://www.fe-siken.com/keyword/9/9-3/#1a671ad65f77ddd662bd7e60a5dacea213de79b0
従量制,https://www.fe-siken.com/keyword/10/10-1/#33b5572ebeda7741e6fb048bcd4a12ded9ef5de0
終了タグ,https://www.fe-siken.com/keyword/2/2-5/#cf916e4d243de2dce48aa8fe7dad46cf90efd965
主キー,https://www.fe-siken.com/keyword/9/9-2/#db528d1344a7949bf2064cacbf7e493312234888
主記憶,https://www.fe-siken.com/keyword/3/3-2/#90069f584898bb29cbed325cf7c24cf126b392a0
主系,https://www.fe-siken.com/keyword/4/4-1/#5238e5d4afddac91106c1bbb610a2b867ccf61c1
主成分分析,https://www.fe-siken.com/keyword/1/1-2/#b9f3157231f52ec4ec0c300df7e08dd8f1e0d935
述語論理,https://www.fe-siken.com/keyword/1/1-3/#ba830f9eb09d74904c6ee21bda612768736a5d4a
受発注管理,https://www.fe-siken.com/keyword/21/21-1/#52e3d7d8c62395adbcf312f7f839610b22b95a78
需要,https://www.fe-siken.com/keyword/15/15-2/#d6e5de1933b45d80e6280be8cae5cec750c3a211
需要管理,https://www.fe-siken.com/keyword/15/15-2/#e31b0fd4738990496cbfc2a132fff1f3fc663a2b
需要予測,https://www.fe-siken.com/keyword/15/15-2/#54f1e88028f7ddf747e36449a75380961d4af7fa
シュリンクラップ契約,https://www.fe-siken.com/keyword/23/23-3/#017aa6d4646e83816d7138e9c77a7be776297dee
準委任契約,https://www.fe-siken.com/keyword/18/18-3/#d95cda5f96dd0075aacad71b6b588ac4949921d3
順次,https://www.fe-siken.com/keyword/12/12-2/#a62f3db18d305bb4c69961a648ccc350a658dbfc
順次アクセス,https://www.fe-siken.com/keyword/5/5-3/#25a6b2a8d3b0e51badc4e077f1db919c41a0d2db
純資産,https://www.fe-siken.com/keyword/22/22-3/#818a011144c3047c716d6dd1fcbd9b125016eaef
純収益の喪失,https://www.fe-siken.com/keyword/11/11-2/#6daf776618c4392addf21bc6921f5246d806a076
順序回路,https://www.fe-siken.com/keyword/3/3-1/#0d4265514ccdd90b96bf9162e15f88a01d8c4f4e
順序木,https://www.fe-siken.com/keyword/2/2-1/#1d9afd8f8d3e35cebd11b7f84a0e5e94a1f87743
順番コード,https://www.fe-siken.com/keyword/7/7-2/#c911dac4cf408634b14dcce2a1dc5ac8b5f02a05
ジョイスティック,https://www.fe-siken.com/keyword/3/3-5/#3b6c9a3fb08a10f31a948fd7f4c138c9c93d5b2a
省エネ法,https://www.fe-siken.com/keyword/23/23-4/#aeb8cae50406c489d81c5b42634e7cd334c60db8
障害,https://www.fe-siken.com/keyword/12/12-3/#dd8ba5e8123a80ee5d640c1a9e1b58591c016043
障害回復,https://www.fe-siken.com/keyword/9/9-1/#189cddcb3491b5d4725d496339fa1fd68ed754f4
障害原因の特定,https://www.fe-siken.com/keyword/10/10-4/#2647443949a71a14bd3f17648cdda9704fb10b99
障害対応,https://www.fe-siken.com/keyword/12/12-1/#dc83304208c16198f66d4da23ec3b55c948c4de7
障害の切分け,https://www.fe-siken.com/keyword/10/10-4/#551a20cc406d41010a75d3800b84360adff5ecd2
障害分析,https://www.fe-siken.com/keyword/12/12-3/#d2f1bee27ce02c700b245c3ef66fedfa030a87f8
状況的犯罪予防,https://www.fe-siken.com/keyword/11/11-1/#7607fda75d7b5dfaaa0ccae1e6939cc2c4b4eae7
条件付き確率,https://www.fe-siken.com/keyword/1/1-2/#98833b7dbe5d2060e3930a1027860d459995f731
条件網羅,https://www.fe-siken.com/keyword/12/12-3/#7b6700746a2542237a0695e53a10646b254e7789
照合チェック,https://www.fe-siken.com/keyword/7/7-2/#23d7e6422ae8e4cfaa06bacb1d1f4357aa278b5f
状態遷移図,https://www.fe-siken.com/keyword/12/12-1/#520335240b0b149ea8e1b80a34be332495984fec
小日程計画表,https://www.fe-siken.com/keyword/14/14-6/#40c8de6b91e06e72ade69062aae0d24df0f948d0
承認された変更,https://www.fe-siken.com/keyword/14/14-2/#d43b43b210211acfbac0bdb70523d919b222d43c
消費税法,https://www.fe-siken.com/keyword/23/23-4/#c81cb4a1b5f4abbbbe192da7792c780197c56024
商標,https://www.fe-siken.com/keyword/23/23-1/#12ae096b7e6db1f843492f25964090ae0e7acd79
商標権,https://www.fe-siken.com/keyword/23/23-1/#8fac777f20f4f4379e46179f46cf08044930921e
情報落ち,https://www.fe-siken.com/keyword/1/1-1/#5d5ab840af69d8de82f289132915f3f40d24c9a1
情報解析,https://www.fe-siken.com/keyword/23/23-1/#3478aad283e7a555f84bff793dd96649af583b67
情報家電,https://www.fe-siken.com/keyword/21/21-4/#7c146183c5c1344859772915cfa0abb1afdd6359
情報管理規程,https://www.fe-siken.com/keyword/11/11-2/#ca7ef15c36cb2ea57871d1cb50852dec8a890cd8
情報銀行,https://www.fe-siken.com/keyword/21/21-3/#704e1b8ae7518380535d38f076726fef4338ae44
情報源符号化,https://www.fe-siken.com/keyword/1/1-3/#6241c587dd4ab78e05f64bc45789578d8c9d7486
情報公開法,https://www.fe-siken.com/keyword/23/23-4/#61ac3e9dfc373e82b22d121af8578689f73c148f
情報資産,https://www.fe-siken.com/keyword/11/11-1/#83f77d9807ab6badf5c2f70b60bb077b613302f5
情報資産台帳,https://www.fe-siken.com/keyword/11/11-2/#36056df63030a737eaacbea3954efabe939de7b7
情報システム関連図,https://www.fe-siken.com/keyword/17/17-1/#9fa734cbe85fe2dcc445441e30f547a21de571d1
情報システム機能構成図,https://www.fe-siken.com/keyword/17/17-1/#9e8f4af7587f1f30fdca25288c312c1f80b741b1
情報システム戦略委員会,https://www.fe-siken.com/keyword/17/17-1/#eb5d7bccedd0665f25482d6fae6838261c409c14
情報システム戦略評価,https://www.fe-siken.com/keyword/17/17-1/#8ea920a9854e5fac218acb1f7428207e4d81c1db
情報システム投資方針,https://www.fe-siken.com/keyword/17/17-1/#f7c2bb1a471388de924631d7908dffdcdfd45c21
情報システム導入リスク分析,https://www.fe-siken.com/keyword/18/18-1/#016b255c68644042e21d3b1b127d8d0f6c96fcb7
情報システムの利活用に係る検証・評価,https://www.fe-siken.com/keyword/16/16-1/#483770538e75437f80d9ad9206f364df1d84c0e7
情報システム部門,https://www.fe-siken.com/keyword/17/17-1/#30e84a74d1fca4e706a65bb7316542a7414d8d56
情報システムモデル,https://www.fe-siken.com/keyword/17/17-1/#0803ae5ef7e81e89fc0033b3001ecd52827ade23
情報システム・モデル取引・契約書,https://www.fe-siken.com/keyword/18/18-3/#635ec1762245767bd6c43264dbe24b6c22176910
情報収集,https://www.fe-siken.com/keyword/10/10-4/#75c411cb740866fe8a19a42a9757e6141e9bf7ec
情報成果物,https://www.fe-siken.com/keyword/23/23-3/#1ea47c5314a5151daaf9153ba38c2895ce036bc3
情報セキュリティ委員会,https://www.fe-siken.com/keyword/11/11-2/#1fe17adfb3226064fe793fa8524e59ba8ee01606
情報セキュリティインシデント,https://www.fe-siken.com/keyword/11/11-2/#823abe489d06cea3d1a8219983b9089f759c3197
情報セキュリティインシデント対応規程,https://www.fe-siken.com/keyword/11/11-2/#956b0ff6ff086b8c4d3ea0315fa5114bbec7cc18
情報セキュリティガバナンス,https://www.fe-siken.com/keyword/11/11-2/#1c51e7d06b054a41bd4fb058b990438ea2407865
情報セキュリティ監査,https://www.fe-siken.com/keyword/16/16-1/#9d4d187beb7d6712d49a0a28d7d946c352765fc9
情報セキュリティ監査基準,https://www.fe-siken.com/keyword/16/16-1/#ad6a49801c686dbcf743fbe80d33bcea4d6d893d
情報セキュリティ管理基準,https://www.fe-siken.com/keyword/16/16-1/#1fb7735e7016a9c3281b0d7ee236a526a48fcc23
情報セキュリティ教育の規程,https://www.fe-siken.com/keyword/11/11-2/#b8e0dc83f4f1251720a3cb61488db866e1a1d888
情報セキュリティ訓練,https://www.fe-siken.com/keyword/11/11-4/#ad5dae064df3c7edb621d851eb6e5c2bb284926a
情報セキュリティ啓発,https://www.fe-siken.com/keyword/11/11-4/#75c6464e88d2b3629ae143778d0776a6bf57ab6c
情報セキュリティ事象,https://www.fe-siken.com/keyword/11/11-2/#2e28cd058c316c491ae68847929d5324e4555761
情報セキュリティ早期警戒パートナーシップ,https://www.fe-siken.com/keyword/11/11-2/#1ee43292e3e9a8c9deacde0b00e8ce9674558a96
情報セキュリティ対策基準,https://www.fe-siken.com/keyword/11/11-2/#b3c9ca963b590dfa43c061e09e83773dba2ca9ea
情報セキュリティ方針,https://www.fe-siken.com/keyword/11/11-2/#95e113c44ad1ace374a44bda5d282cd89d54cec7
情報セキュリティポリシー,https://www.fe-siken.com/keyword/17/17-4/#faf17c6c30f83a3a9d9b17ec936b7a0264e27da7
情報セキュリティポリシーに基づく情報の管理,https://www.fe-siken.com/keyword/11/11-2/#f446ff44fbd84f1da81bd5c106f3f9c302210b00
情報セキュリティ目的,https://www.fe-siken.com/keyword/11/11-2/#4785c68c87b1138401d7d18c42a8e2bb5a5d96eb
情報セキュリティリスクアセスメント,https://www.fe-siken.com/keyword/11/11-2/#85efcf4f5e9802228a7383cc953016bce49def91
情報体系整理図,https://www.fe-siken.com/keyword/17/17-1/#ddf9f2ba1e481f18cd657dae62a7985ab1b92bbc
情報通信技術の利用機会又は活用に係る格差の是正,https://www.fe-siken.com/keyword/23/23-4/#0427389b196345ab9e834c05724dcd84dc8b5fcd
乗法定理,https://www.fe-siken.com/keyword/1/1-2/#cdb33e7e559aeade98294263d92655697dca47ec
情報伝達規約,https://www.fe-siken.com/keyword/21/21-3/#7bbfb6bab2e96d9d3bd1dba6c932231e67def763
情報の関係性,https://www.fe-siken.com/keyword/7/7-2/#f945c9fa8287310c8db5ad4ebc324d5423c201fd
情報の構造化,https://www.fe-siken.com/keyword/7/7-1/#1bdc8a2779ecce2433c4dd4601aa179ae7359d43
情報の組織化,https://www.fe-siken.com/keyword/7/7-1/#4f06fc7b54a2ff2448fd3153a8d2005a5b3cc4d8
情報の配布,https://www.fe-siken.com/keyword/14/14-11/#56684fadb27222957ea2aaed0e7503b9e00ef1bd
情報バイアス,https://www.fe-siken.com/keyword/22/22-2/#41c46b23dbe4ad1ff9e62963b3855cae50d8f908
情報表現規約,https://www.fe-siken.com/keyword/21/21-3/#6dcc97ffc9fe8fa823bc59e473038dcda232abee
情報流通プラットフォーム対処法,https://www.fe-siken.com/keyword/23/23-4/#37359c92df846e69b88be6a8b839327fdcb1738f
情報漏えい,https://www.fe-siken.com/keyword/11/11-1/#a6b0bfb13abe8408d76291f0b325ec2a93b7332b
情報漏えい対策,https://www.fe-siken.com/keyword/11/11-4/#5308d0b9c53d80059ddbcec23bf112c1b4d4107d
職能別組織,https://www.fe-siken.com/keyword/22/22-1/#c7c35949cdc05a9aced2ad572f5792a5f53ec28f
職務規程,https://www.fe-siken.com/keyword/11/11-2/#b349b071c91e1b34f87a6ede368c384ca9ecab99
職務著作,https://www.fe-siken.com/keyword/13/13-2/#b8f4900630db97bf8af0a97c82aceedf366aca09
職務分掌,https://www.fe-siken.com/keyword/16/16-2/#8d0c2f4ebf65ed056210f38ae35e0039aa7903f5
助言を目的としたシステム監査,https://www.fe-siken.com/keyword/16/16-1/#e28b98fa8331c86671310aa427dc49c9cb35745c
ショートカット,https://www.fe-siken.com/keyword/5/5-3/#f9b64a2cfb8cdad9264642127b2fb0ff8083d2f5
ジョブ管理,https://www.fe-siken.com/keyword/5/5-1/#eafd53fa122d9fe886adc0c7ec724b23fd5dead9
ジョブスケジューラー,https://www.fe-siken.com/keyword/5/5-1/#b0535fee7370b24f81914b78c6183717a62d0224
ジョブスケジューリング,https://www.fe-siken.com/keyword/15/15-4/#9e67ec5f26588363715d3403e4f0f17b8104276d
ジョブの管理,https://www.fe-siken.com/keyword/15/15-4/#4bb1f834664b34693ec59356f00686f3cb41f25b
ジョブの復旧と再実行,https://www.fe-siken.com/keyword/15/15-4/#aea6d4a45033ed0188c3d036519bdb141b8076fe
所有と経営の分離,https://www.fe-siken.com/keyword/22/22-1/#85e84c936ad03e6728fbccf1fc5109ba32ed64df
処理能力,https://www.fe-siken.com/keyword/12/12-2/#6216b6a9f2d5204aa320b64cadd58cedb0b47410
使用禁止命令,https://www.fe-siken.com/keyword/2/2-3/#12ccb93c76575c6ad8503dc20cb033befcaebc6d
使用性,https://www.fe-siken.com/keyword/12/12-2/#b1cf1a75ca1a693cfaf45103481cebe25d021d1f
使用性テスト,https://www.fe-siken.com/keyword/12/12-5/#01819cd2de3e0cbbf70f3e0187e10df55207a8be
シリアルATA,https://www.fe-siken.com/keyword/3/3-4/#578589dbeef4f10cdd2b2e9fb65d41b7640d3a70
シリアルデータ転送方式,https://www.fe-siken.com/keyword/3/3-4/#b185396c407f2ed79860fd0545653fd94ac376d5
シリアルバス,https://www.fe-siken.com/keyword/3/3-3/#8fefae1783fc451f49b4952611c6781c1a3b476d
シリアルプリンター,https://www.fe-siken.com/keyword/3/3-5/#98304c4d15fb44aef96cf1a3cdf4b56dfa1818a3
シリンダ,https://www.fe-siken.com/keyword/3/3-5/#fb3de68faff4bfbb7d7418daddc736670ca2399d
仕訳帳帳,https://www.fe-siken.com/keyword/22/22-3/#0eb37a9573d8d156f123e326505a80d1d28061c3
真,https://www.fe-siken.com/keyword/1/1-1/#e756c6ef2a8e66f5e6dc94961971ffdaa4b9aee1
新規サービス又はサービス変更の計画,https://www.fe-siken.com/keyword/15/15-2/#2f9f0be9a5bc18bd559a5982e7487af1cd89efbe
新旧環境の並行運用と旧環境の停止,https://www.fe-siken.com/keyword/12/12-6/#4c791df6ab8d6dd14017ec07258c471e56d99dbc
新旧環境の並行運用と利用者の教育訓練,https://www.fe-siken.com/keyword/12/12-6/#a0da5c0046fdd1673968bbfae7aae947ebd442cf
シンクライアントシステム,https://www.fe-siken.com/keyword/4/4-1/#07ce41cadd1ee15d906ae759c0b85189639c10f9
シングルコアプロセッサ,https://www.fe-siken.com/keyword/3/3-1/#eb8daaa77db4cd1f289eaf3fc71105ca05470cfe
シングルサインオン,https://www.fe-siken.com/keyword/11/11-1/#dab4c229d045aa0a95e3f4c2f2d321652fc38bb3
シングルボードコンピュータ,https://www.fe-siken.com/keyword/3/3-1/#df7332e4525b55de72e99ec59325692886dd081b
人工知能学会倫理指針,https://www.fe-siken.com/keyword/21/21-1/#782abac855076475069ee8f1b5fc9eadcb6594a0
人材育成計画,https://www.fe-siken.com/keyword/17/17-4/#6974a0d90882f94995555e18b72d1e0345122bdc
人材計画,https://www.fe-siken.com/keyword/20/20-2/#0d8c437d187b2fb9d92f3ae4701d8f0c9eac9431
人事・給与システム,https://www.fe-siken.com/keyword/21/21-1/#bb9290cd9caa1f5fdc498aa8f3ab455641afc4a6
真正性,https://www.fe-siken.com/keyword/11/11-1/#ddc9a0c51b0b561e0e76cee99d4168cc648f1425
身体的適合性,https://www.fe-siken.com/keyword/7/7-1/#63fef0ee841b06ce131ca7987710d66f56713623
身体的特徴,https://www.fe-siken.com/keyword/11/11-1/#372acbdfc039478ecb64824611086667013f4a5e
シンタックスハイライト,https://www.fe-siken.com/keyword/12/12-3/#2b52801698e2163e95ed0102a85f558687af7668
進捗管理,https://www.fe-siken.com/keyword/14/14-1/#18a6ef15b9c6ef57d35879880bf07730f0a9752d
進捗データ,https://www.fe-siken.com/keyword/14/14-4/#64b665f6e98fc32abc88cf7241609d124e4abf5f
進捗報告,https://www.fe-siken.com/keyword/14/14-6/#68def48356c16c7a99ee58dc93bce00b0e91ded8
進捗報告書,https://www.fe-siken.com/keyword/14/14-11/#7c6ed1af102d9892e1f57b970238ae343e3de2ed
人的管理策,https://www.fe-siken.com/keyword/11/11-2/#a80f41be326f2a0f13e8c56ce5c2cd821b481672
人的脆弱性,https://www.fe-siken.com/keyword/11/11-1/#de7a4e2a3a607e259b8a8fc224b341850a47eda4
人的損失,https://www.fe-siken.com/keyword/11/11-2/#9300912a17e44cfb11ea1bfa162005974198afa1
進展的モデル,https://www.fe-siken.com/keyword/13/13-1/#6c845e2a2b82218e1f6499f66e7b7db25e535e39
侵入,https://www.fe-siken.com/keyword/11/11-1/#aea56368c6f0cf59ec5309b77baa3d29ec215b0e
侵入検知,https://www.fe-siken.com/keyword/11/11-4/#76d5104a8d1d6c9becd13892540c0eb9d87620c7
侵入防止,https://www.fe-siken.com/keyword/11/11-4/#164bd428c41bae3e9fe34f4eeb8ee53d822fda27
シンプレックス法,https://www.fe-siken.com/keyword/22/22-2/#6fc713cf5cd162a1fb7c22bff65722c68f34d9db
シンボリックリンク,https://www.fe-siken.com/keyword/5/5-3/#d7fd7a390ae06f92e2852fa43cc05cfef6872afb
シンボルグラウンディング問題,https://www.fe-siken.com/keyword/21/21-1/#e75052be67328a2099d889dd2df794d8595f9675
信頼性,https://www.fe-siken.com/keyword/5/5-5/#bcf07e26e3f10c86f1f7ae3f4d64f0ddd7f2a18e
信頼できるAIのための倫理ガイドライン,https://www.fe-siken.com/keyword/21/21-1/#6763699c8138ac65d68eca6704b35ead80e81eac
信頼プロセス,https://www.fe-siken.com/keyword/5/5-1/#d28b441758c65d3dca13cd5de26100dac3e7c9a8
真理値表,https://www.fe-siken.com/keyword/6/6-1/#434abb8a0494772f5a7b3e04cd0afe045d7b8040
親和図法,https://www.fe-siken.com/keyword/22/22-2/#28e010d87af64069db60cc1a25e9500e257ec0a4
推移関数従属,https://www.fe-siken.com/keyword/9/9-2/#0ede8f894dc807af0d272c42b3002d47d240fec0
垂直思考,https://www.fe-siken.com/keyword/22/22-1/#7c5b0c191ef0fa4927826b8ba591dfd93b5b726b
スイッチングハブ,https://www.fe-siken.com/keyword/10/10-2/#b7ec57e535c7cd35d011d264578a79acea1bdb51
推定,https://www.fe-siken.com/keyword/1/1-2/#5fb53c92ead9d748ede3d1960c1aad3473381928
水平思考,https://www.fe-siken.com/keyword/22/22-1/#81cdbefd60b4bb147cf88884674165eec1f22986
推論エンジン,https://www.fe-siken.com/keyword/1/1-3/#283c376ae8c19424356af2792b65f75b22329ca7
数値型,https://www.fe-siken.com/keyword/9/9-3/#c2b2480172b10f658cec78af9110514c84c488bd
スカラ,https://www.fe-siken.com/keyword/1/1-2/#f4edd38d7464e06d4f641077a7c85839bf55715a
スキミングプライシング,https://www.fe-siken.com/keyword/19/19-2/#5a81949217019b5cdee57ff2fbe129208578e1d1
スキャナー,https://www.fe-siken.com/keyword/3/3-5/#79e9b88c7b529d830c023d465aee9b7a6a493da8
スクラム,https://www.fe-siken.com/keyword/13/13-1/#287315fbb2944dc8982032bf5b16f9772db0a4e0
スクラムチーム,https://www.fe-siken.com/keyword/13/13-1/#77de223afe68ef8d53afa82c6875cc4bb6463d67
スクリプト言語,https://www.fe-siken.com/keyword/2/2-4/#2e10ac3031c79cc8d875f83ddaf2f33410b15eed
スクレイピング,https://www.fe-siken.com/keyword/22/22-2/#f8b9a9048cdc68b408263be3bbee8cfc683772f0
スケジューリング,https://www.fe-siken.com/keyword/5/5-1/#fd3aa724fd973446fe40cfaaa90940abaa4dfcef
スケジュール,https://www.fe-siken.com/keyword/14/14-6/#e9d361d3d92614bccf681759667594f8bb92ad9b
スケジュール設計,https://www.fe-siken.com/keyword/15/15-4/#e38b532da217535596afa77c66ce0b005395ab8e
スケジュールネットワーク分析,https://www.fe-siken.com/keyword/14/14-6/#b45682b23c4bdb4e6c9be5bf133fa77946d1fff0
スケジュールの管理,https://www.fe-siken.com/keyword/14/14-6/#a78a24af2198428b7403f425a9c3c6d5e38b41d8
スケジュールの作成,https://www.fe-siken.com/keyword/14/14-6/#7c93255f5d236aaac69f32e7cab0845c441c7c0d
スケジュールの制約,https://www.fe-siken.com/keyword/14/14-6/#1c9322572dacf80d9e8b8120c2605152dbedf4bb
スケールアウト,https://www.fe-siken.com/keyword/4/4-2/#5b61420a4d1037e8b2449a962a1c6332c68a203b
スケールアップ,https://www.fe-siken.com/keyword/4/4-2/#78e35003c9d18b93aa39846b6efb2181feabf908
スコープ,https://www.fe-siken.com/keyword/14/14-4/#80c416ae601b58a3896fe8cbfbe58add01de2edd
スコープ規定書,https://www.fe-siken.com/keyword/14/14-4/#19e2c5742f95683c28b8bb4f02fb313a0a691bc9
スコープの管理,https://www.fe-siken.com/keyword/14/14-4/#cb2cff9048fb1ecfd6b094a12a323e498d03b5ed
スコープの対象群,https://www.fe-siken.com/keyword/14/14-1/#c3d834d752bc55382a79112be9c240291e8a2c6f
スコープの定義,https://www.fe-siken.com/keyword/14/14-4/#05d87db9da4856631e5451cd93ffef3b94f71576
スター型,https://www.fe-siken.com/keyword/10/10-2/#3bd42671cf27ed1f748b6e70080a4d91fd197073
スター接続,https://www.fe-siken.com/keyword/3/3-4/#ef6a970f5a24f628b7df50ceb45793607a107496
スタック,https://www.fe-siken.com/keyword/2/2-1/#5cddf4ea13268f48d5fb324a8e44c8e31c07d1ee
スタックポインタ,https://www.fe-siken.com/keyword/3/3-1/#a4784f05f6d33df817e564ddf90c0d762dabdc8d
スタートビット,https://www.fe-siken.com/keyword/1/1-4/#9d6a5f5cfced61f1a2a9db7186b15a5df1cf69a3
スタブ,https://www.fe-siken.com/keyword/12/12-3/#b1a99fd27b1975abeea4c9de77f2bd2a17cb0c82
ステークホルダ,https://www.fe-siken.com/keyword/18/18-2/#9542a3bcb8fbdf2658f5cb1a510140b23d774ab4
ステークホルダ登録簿,https://www.fe-siken.com/keyword/14/14-3/#e42955305e6a65bfe8de8a28bb62dec2c4cbc2ec
プロジェクトのステークホルダ,https://www.fe-siken.com/keyword/14/14-3
ステークホルダの対象群,https://www.fe-siken.com/keyword/14/14-1/#758c5afcb62535a6ede4f20bf2549f4a756dea6a
ステークホルダの特定,https://www.fe-siken.com/keyword/14/14-3/#09cbc1e9991029226774de914bd85f92e5189bf0
ステークホルダのマネジメント,https://www.fe-siken.com/keyword/14/14-3/#5ba13e9f5e1cd16fbc9bd0553eed217eefeb8105
ステークホルダ分析,https://www.fe-siken.com/keyword/14/14-3/#e8e5e48899f95c38fb8c07ee67983403abb70044
ステージング環境,https://www.fe-siken.com/keyword/13/13-3/#a068fc30e48f75ea5461970af021518a2e696593
ステートマシン図,https://www.fe-siken.com/keyword/2/2-5/#5e6469baf642abd5b22af774e7e97bd971e29654
ステルス技術,https://www.fe-siken.com/keyword/11/11-1/#3a9fc4603ba679c374e12c38bed9fa856d2b434f
ストップワードビット,https://www.fe-siken.com/keyword/1/1-4/#7ddd14c9be5dd782d21d5080182d0ee49af7a4da
ストライピング,https://www.fe-siken.com/keyword/4/4-1/#3f263e7fb02ff67975d0caee092e46128b01c6c6
ストーリーポイント,https://www.fe-siken.com/keyword/12/12-1/#9f9d23dd493206b7c774cedf344d97f82dd93087
ストリーマ,https://www.fe-siken.com/keyword/3/3-2/#50b24b3446ece6270e7da260b1058c3d6afd890e
ストリーミング,https://www.fe-siken.com/keyword/8/8-1/#5580cf66137c2df6f66713002564b1d548892ab5
ストリーミングデータ,https://www.fe-siken.com/keyword/9/9-5/#c6bc20bdf70e6a6d7a8a921ee6b8fc93124dfe80
ストリーム暗号,https://www.fe-siken.com/keyword/11/11-1/#0059155814bddd87600e9e19a8ed970422391d2c
ストレージ暗号化,https://www.fe-siken.com/keyword/11/11-1/#33465d3127d897dae416acf52da1189d610a5765
ストレージのミラーリング,https://www.fe-siken.com/keyword/11/11-4/#d169c4de1fb4e5f4de1f1a692701397c430a34f4
ストレッチング,https://www.fe-siken.com/keyword/11/11-5/#8ed4770db2387c90b25eb2ea65e83bd99e0b0cb7
スナップショット,https://www.fe-siken.com/keyword/5/5-4/#2dfcb3a8a35f29d4b746c3ea33315c77378579ea
スパイウェア,https://www.fe-siken.com/keyword/11/11-1/#de32aa2c06a1663db0eecbd3da938eec68db1ed8
スーパーコンピュータ,https://www.fe-siken.com/keyword/3/3-1/#49082499224283885bf37983404d9850a92a7e65
スーパーシティ,https://www.fe-siken.com/keyword/21/21-5/#9529c6de2b17d1105731cb54f50921631bf3cfec
スーパーシティ構想,https://www.fe-siken.com/keyword/22/22-1/#90de87bcbb0037edd607f6735a38162f71c3097f
スーパースカラ,https://www.fe-siken.com/keyword/3/3-1/#1317679df70e4556a12434608ff952e77140b74c
スパニングツリー,https://www.fe-siken.com/keyword/10/10-2/#f5c98213c1ac5ca72aeb5563b42a5e73212c3b46
スーパーパイプライン,https://www.fe-siken.com/keyword/3/3-1/#ad156fe6c4284e4f9d4d259fadf67465eef1c12e
スーパーユーザー,https://www.fe-siken.com/keyword/5/5-1/#39334d5db1a692c0a990f587d33536741d68055d
スプリント,https://www.fe-siken.com/keyword/13/13-1/#c5b80f12f3247a805447b9a598ce271fbc238484
スプリントバックログ,https://www.fe-siken.com/keyword/13/13-1/#03ddcff35318535e88376e26cc4b442dc949b1ad
スマートカード,https://www.fe-siken.com/keyword/21/21-3/#7c9f9ee6d75fe8feca965c3e4b8cbf6dd712f9c5
スマートグラス,https://www.fe-siken.com/keyword/21/21-4/#b5b8d99dac5a31a04ebb48f793b0c9b0896510ae
スマートグリッド,https://www.fe-siken.com/keyword/21/21-1/#8472e335d710a79238c6d77450453c28541f74a6
スマートシティ,https://www.fe-siken.com/keyword/21/21-5/#743eaabb65cb787011e42a3f514a80d1fce4318a
スマートスピーカー,https://www.fe-siken.com/keyword/21/21-4/#0d959a99eeafc45c6e9740497cc9524d901c7547
スマート農業,https://www.fe-siken.com/keyword/21/21-5/#78932340f1801fa5ab7e406efb6827b3cc98d48f
スマートファクトリー,https://www.fe-siken.com/keyword/21/21-5/#85ee58ef24d9825d1581bf8516737245eee23bd2
スラッシング,https://www.fe-siken.com/keyword/5/5-1/#198363636c81c19d2542bda2cae4678688a1b493
スループット,https://www.fe-siken.com/keyword/4/4-2/#bada652808466f66f4487912c226df14d9c8590e
スレッド,https://www.fe-siken.com/keyword/5/5-1/#50d4db1525b3d2a793b69801182b86134aa28fd7
スワップアウト,https://www.fe-siken.com/keyword/5/5-1/#615dd7038c2674e618ef98bcdac366ba42b1813b
スワップイン,https://www.fe-siken.com/keyword/5/5-1/#5e08ff26ca7b267d6d2359fdfef07fb053aaf54f
正確性,https://www.fe-siken.com/keyword/13/13-4/#9000456505f6926acbc87c7978a9e5a6403885ca
成果物の完成責任,https://www.fe-siken.com/keyword/23/23-3/#7afef7a7f13f7a299c25131a45edef1e395e1b52
正規化,https://www.fe-siken.com/keyword/12/12-2/#07bf1fabe751048322ae28fae2544804f691d434
正規分布,https://www.fe-siken.com/keyword/1/1-2/#457cfff72dea9525de0c014b944bf7e03ad42ae0
制御安定性,https://www.fe-siken.com/keyword/1/1-5/#61dc04acff88b2154723aa33bf5e3f6a2abf87ae
制御システムのセキュリティ,https://www.fe-siken.com/keyword/11/11-4/#8a4887f93b07e523d6700bf44e43a34b652ff978
制御用コンピュータ,https://www.fe-siken.com/keyword/3/3-1/#6262959decc835de97293939c4f81828db203f88
成功基準,https://www.fe-siken.com/keyword/12/12-5/#4476d7b6dc2be79cd2ac17297fa6e9e7d40e2764
成功報酬型広告,https://www.fe-siken.com/keyword/19/19-2/#490276d89d24ce6808355c0e4fabb35ae23c8d18
生産管理システム,https://www.fe-siken.com/keyword/21/21-1/#eab23059650eef38715d515db155bdfe0e3134f6
生産性指標,https://www.fe-siken.com/keyword/21/21-2/#9338176c6bb0b4cffee46455545e022142ea70ac
精算表,https://www.fe-siken.com/keyword/22/22-3/#7154b49214d9400602666e7e891afd8ac3a57fd2
生産方式,https://www.fe-siken.com/keyword/21/21-2/#cfeddb61f9cc7ec11b02e3f5cd93cf1c1e08f356
生産ラインの編成,https://www.fe-siken.com/keyword/21/21-2/#28dc0bbc37a029b82390b1ce254886d718da5cd5
誠実性,https://www.fe-siken.com/keyword/16/16-1/#75c7f8adba7a8fece94095122dd168a71739a198
脆弱性,https://www.fe-siken.com/keyword/11/11-1/#41838d25f885abfbe2f2e659354c533342335237
脆弱性管理,https://www.fe-siken.com/keyword/11/11-4/#7cb001a63eebe998d92e94d346dc7f387cc276db
脆弱性検査技術,https://www.fe-siken.com/keyword/11/11-5/#50cef0d00b903817fd97bc1d6ec3edb79695b7eb
脆弱性診断,https://www.fe-siken.com/keyword/11/11-3/#f31886f460e4b68d0453439a12b3eb8c8229fda6
セキュリティ技術評価,https://www.fe-siken.com/keyword/11/11-3
正常性バイアス,https://www.fe-siken.com/keyword/22/22-2/#701e0649eb7019d97835ee22e0e294648557f2cc
整数型,https://www.fe-siken.com/keyword/2/2-3/#3a979d447bb91c843fc62df3c2e753132761ac81
生成AI,https://www.fe-siken.com/keyword/21/21-1/#a7d59e7c0921bb4743504ad462425a9724bcb454
生成モデル,https://www.fe-siken.com/keyword/1/1-3/#474c0cb533b3918dd1459f5da3ad17a9bfce9150
製造委託,https://www.fe-siken.com/keyword/23/23-3/#45667193dec768ac2d0e1d9c462fa2d3698bf714
生体認証,https://www.fe-siken.com/keyword/11/11-1/#33be2ac8f1497494546de948d0f56b6c60cf1a7d
生体認証装置,https://www.fe-siken.com/keyword/3/3-5/#fc419e81b29dc6b5d78441d170eb7496d1446452
成長マトリクス,https://www.fe-siken.com/keyword/19/19-1/#df44b05428bfd16c703f834f8cd8c1ec6ca91079
静的解析,https://www.fe-siken.com/keyword/12/12-3/#493be09ac2f7a6f01306e9d78d0eb49127c07292
正当な注意と秘密の保持,https://www.fe-siken.com/keyword/16/16-1/#38f73f4b8b52b40a6661c5e2c0bdc00619c84e73
精度と偏り,https://www.fe-siken.com/keyword/22/22-2/#20c9518571217a45378edee82da5d7c33a47a7d0
性能改良,https://www.fe-siken.com/keyword/12/12-6/#65f091312d34be81305ecfa7e9fee8893f2c3d41
性能効率性,https://www.fe-siken.com/keyword/12/12-2/#707ea18c8c23881e5773a7fd8998b31692a031e9
性能テスト,https://www.fe-siken.com/keyword/12/12-4/#15cd8f8d15f75b5d7a998bad000f88350e48e5eb
性能評価,https://www.fe-siken.com/keyword/9/9-2/#e6ffcdc888c8f7854b15333043cd758670be4463
製品応用ロードマップ,https://www.fe-siken.com/keyword/20/20-2/#cdc8eaf4fc7fd557f1fd0e9373cd3cb1fa38ad69
製品ポートフォリオ,https://www.fe-siken.com/keyword/19/19-2/#6c3160ef30c983d917dc40d4be01224dc7cfaa78
製品ライン,https://www.fe-siken.com/keyword/19/19-2/#864fd4d02d8222d73136a8ff6644e17c916801f0
政府機関等の情報セキュリティ対策のための統一基準群,https://www.fe-siken.com/keyword/11/11-2/#44125b58a7e6fbc8b6b92523d8c209adfb4622d6
正論理,https://www.fe-siken.com/keyword/6/6-1/#f235369202768db5d4c80f05995c1284bd852687
赤外線,https://www.fe-siken.com/keyword/10/10-1/#d9049fc345d3f07a652e1f8eb69e1da173c37989
赤外線センサー,https://www.fe-siken.com/keyword/1/1-5/#57ce744444fb7edd4b89a8c5a5289429ed60ed5a
積集合,https://www.fe-siken.com/keyword/1/1-1/#3f139afff0c49c515f8030d5f8db4fc65f388aeb
責任損失,https://www.fe-siken.com/keyword/11/11-2/#ac4bc38d6f734622a428f99c990c6e1066186f03
責任追跡性,https://www.fe-siken.com/keyword/11/11-1/#e83f90ea10f9056bf07ddc1d0d7c066ae166c4c3
積分,https://www.fe-siken.com/keyword/1/1-2/#6f90b991e769a365fd3477171ef112add90853d9
セキュアOS,https://www.fe-siken.com/keyword/5/5-1/#ab88e704a0124249cc621533ba093e1d4e236934
セキュアプログラミング,https://www.fe-siken.com/keyword/11/11-5/#e348251f36e008d860f17fbb4c602cb6d7974aa9
セキュリティ,https://www.fe-siken.com/keyword/12/12-2/#81b9e6929d22488ab5b19150a13e676c9043764a
セキュリティ意識,https://www.fe-siken.com/keyword/17/17-4/#bd3328ec32426903b0091b049c9c7a77f1c72c8c
セキュリティ機能要件,https://www.fe-siken.com/keyword/11/11-3/#c478d93d16bdfa45bd6c4b43026a55e31aad47ee
セキュリティゲート,https://www.fe-siken.com/keyword/11/11-4/#04a0b75d6aa03c5be305edced0836e620fbb73cb
セキュリティケーブル,https://www.fe-siken.com/keyword/11/11-4/#280992db1759ff9aac4b8cd411b570c617de834d
セキュリティ実現方式,https://www.fe-siken.com/keyword/12/12-1/#ed7bf634b4c438d24fad36c1fed0b554f9a19393
セキュリティソリューション,https://www.fe-siken.com/keyword/17/17-3/#37b43a22f4ab80bc7cea474ff34d07ff1feadc63
セキュリティテスト,https://www.fe-siken.com/keyword/12/12-4/#0e605d84359fd673281d584a516a4a506067d367
セキュリティトークン,https://www.fe-siken.com/keyword/11/11-1/#34e4942872b92bc9666da75d32df3693a2139091
セキュリティバイデザイン,https://www.fe-siken.com/keyword/11/11-1/#b160935aaa7634a461647e2cc4a4754d9e57c034
セキュリティ保証要件,https://www.fe-siken.com/keyword/11/11-3/#6dee231448dcbb948878e721d10e847c01983249
セキュリティホール,https://www.fe-siken.com/keyword/11/11-1/#1e81607d70c349b3a4e761352bb3c5c24df04253
セキュリティ要件,https://www.fe-siken.com/keyword/12/12-1/#5e6bab4a077bcdb3a64b4d75047343b810884f84
セクター,https://www.fe-siken.com/keyword/3/3-5/#797d5d670164cbee69491b40367f797fbeaff187
セグメントページング方式,https://www.fe-siken.com/keyword/5/5-1/#45cb9497cb37d79178ef507fb7d76ebb6a35de9e
セグメント方式,https://www.fe-siken.com/keyword/5/5-1/#b6dc90a71a6e02ad234cde8545ebfcfa22f6c119
施錠管理,https://www.fe-siken.com/keyword/11/11-4/#9e6b6d125b9c9b0ddf44cd818093baadcb267eae
セション層,https://www.fe-siken.com/keyword/10/10-2/#1dac6458282a24df73d1403875f8a4e3d782c536
是正処置,https://www.fe-siken.com/keyword/12/12-5/#fdd79c7d913c2631fa72a2b5de7092117513a8d8
是正保守,https://www.fe-siken.com/keyword/12/12-6/#2a7ec14fcc0669ee55dcca80d068a39c5a2660fc
世代管理,https://www.fe-siken.com/keyword/5/5-3/#0eb60917a432cf49958942e6549cc8abd16fa24e
設計支援ツール,https://www.fe-siken.com/keyword/5/5-4/#0f549973566a1da64346d116c7227299cca0daa0
設計ツール,https://www.fe-siken.com/keyword/5/5-4/#37cfd1192eb48ce107c17c334e438e5e9753bca5
設計・開発,https://www.fe-siken.com/keyword/15/15-2/#d82d10adf951ea318d615177e44edfe7f1ff4fcc
セッションID,https://www.fe-siken.com/keyword/10/10-5/#343203fd9b3091e982d8a04c9c0e47aced98ca22
セッションハイジャック,https://www.fe-siken.com/keyword/11/11-1/#169e33328213453c41ac82266710d85a3043641a
絶対誤差,https://www.fe-siken.com/keyword/1/1-2/#669e63baeae913439e7c72b7e1dad2ab15a9f6c6
絶対パス,https://www.fe-siken.com/keyword/5/5-3/#158b38aa7de7902ad2291b6b5d328285f01050ff
説明可能なAI,https://www.fe-siken.com/keyword/21/21-1/#0e9a7c86f205070107d551153443e9e64afab705
説明変数,https://www.fe-siken.com/keyword/1/1-2/#0f43feb92c5ef3130684627a8b73409f58b99fd3
セマフォ方式,https://www.fe-siken.com/keyword/9/9-4/#5c4069a6b4c1ab04c08350b4afae3d0e968d4d8b
ゼロデイ攻撃,https://www.fe-siken.com/keyword/11/11-1/#e6be72d9aca62841467b6f487bf03ac67fd329e7
ゼロ和2人ゲーム,https://www.fe-siken.com/keyword/22/22-2/#b93c58b9602932a831856c6a01c0a0531c3bb75a
線形回帰,https://www.fe-siken.com/keyword/1/1-3/#f72596068ed77cd6b8ae50f6570ff8ed150b4c81
線形計画法,https://www.fe-siken.com/keyword/22/22-2/#93dcde6051336b47fbe6653572ef1aa7046b0ffe
線形代数,https://www.fe-siken.com/keyword/1/1-2/#62fc476de0238ff59df8ac7b8971690d42547880
線形探索法,https://www.fe-siken.com/keyword/2/2-2/#a565db5928206409a64f39b8e93df14652758b5f
線形リスト,https://www.fe-siken.com/keyword/2/2-1/#780f6954c3011e6f40521df220427fbb58ed2450
先行順,https://www.fe-siken.com/keyword/2/2-1/#909d8bfd89132bf0df6e6770598803f668355614
全国銀行協会手順,https://www.fe-siken.com/keyword/21/21-3/#8c10f634df304b27bd256907fefb1c99d28297bd
センサー,https://www.fe-siken.com/keyword/1/1-5/#a224a68ef18afd96c95277d25a73b6f1aeaea5ce
センサーネットワーク,https://www.fe-siken.com/keyword/10/10-1/#eafdea02a8f52972fcee607e402cfdf9f4955397
全数調査,https://www.fe-siken.com/keyword/22/22-2/#57a8a09a782be833060f53614e29a829c773c077
全体開発スケジュール,https://www.fe-siken.com/keyword/18/18-1/#7ff1e8d743decc9d1e4df398e2e1b22d8ca6f33b
全体システム化計画,https://www.fe-siken.com/keyword/18/18-1/#6f262191f252f76558624b9421591a74dd5de57b
選択,https://www.fe-siken.com/keyword/12/12-2/#b9fa67abcaf9ed785a3ddc735b519548caed9869
選択処理,https://www.fe-siken.com/keyword/2/2-3/#709b3f00a27414283467dd0c9cb8546aa997457c
選択ソート,https://www.fe-siken.com/keyword/2/2-2/#0063abf759280caeee4cd92c78bd1888b9c63291
選択的知覚,https://www.fe-siken.com/keyword/7/7-1/#0df9aeb2255271c0cbb0fec156ab931c3b07fefb
選択バイアス,https://www.fe-siken.com/keyword/22/22-2/#11499f2db6ba6d870e309e1699ad09adf82b9d75
尖度,https://www.fe-siken.com/keyword/1/1-2/#33e8b470e3f4750eb7b72cb59ef7bd67db0b11f3
全二重,https://www.fe-siken.com/keyword/1/1-4/#876647271bb274524b6404f40cd5a3b7ecb25484
全文検索型検索エンジン,https://www.fe-siken.com/keyword/10/10-5/#28bcaf35c8d147ea9fb7f762cad5caffa2c15dc5
専門的能力の保持と向上,https://www.fe-siken.com/keyword/16/16-1/#b15bf15f398c04f7589f6ed5f7f51ab0f5c5cd05
専有ロック,https://www.fe-siken.com/keyword/9/9-4/#0adfcb3fdb9edd9e23e40006c73a50ee1ffe3dd2
専用実施権,https://www.fe-siken.com/keyword/13/13-2/#e13128e04f61c2cb23854b332c658828d01aaf8e
専用線,https://www.fe-siken.com/keyword/10/10-2/#9d49f1c12e1950ff8f6b1a90543e9e04a6b86250
専用線サービス,https://www.fe-siken.com/keyword/10/10-5/#11d853203ca271453e8877a7431f0ad8d97a2cb7
総当たり攻撃,https://www.fe-siken.com/keyword/11/11-1/#f06ae50eb9049a48bf6807d0cf01ef92c8a541d4
相関係数,https://www.fe-siken.com/keyword/1/1-2/#28db6b7e3971194982dc82488f13ee3bd5c7e98f
相関係数行列,https://www.fe-siken.com/keyword/22/22-2/#4ef71f9353ec0b7dbb94c220b471aeb8f20c1f4f
総勘定元帳,https://www.fe-siken.com/keyword/22/22-3/#a0065e659452b8d942508c313755eb56bffd6caa
相関と因果,https://www.fe-siken.com/keyword/1/1-2/#7a9359b9d0716b1858f01ee11e4e252323dc9c74
相関分析,https://www.fe-siken.com/keyword/1/1-2/#20e82741d6155f9e2d2944e308329034343370e4
相関名,https://www.fe-siken.com/keyword/9/9-3/#fe466829fa6cde3b1df65cbeefad53710745908d
相互作用概要図,https://www.fe-siken.com/keyword/2/2-5/#d17887330e8acad4a7d5b87cbe302fe86b40ca31
操作,https://www.fe-siken.com/keyword/2/2-5/#f3ea6d345e2ab0329a26aa34e0db824bff8de4c5
総所有費用,https://www.fe-siken.com/keyword/15/15-2/#b8f36f8a653181057092e7d61d6bcde78e40901c
送信可能化,https://www.fe-siken.com/keyword/23/23-1/#3b71170837a28defaf91ba064695c92574aa881a
相対誤差,https://www.fe-siken.com/keyword/1/1-2/#33382e18b53787b6157e40bd9eb4bd06df004d40
相対パス,https://www.fe-siken.com/keyword/5/5-3/#a9a0535de6748a43ec6b597991be1a3e9de6497b
装置のセキュリティを保った処分又は再利用,https://www.fe-siken.com/keyword/11/11-4/#08e3ab7ff9b0c6766ca3f64b0312df8471626cfb
挿入権限,https://www.fe-siken.com/keyword/9/9-4/#55de3bc5f445cad6286c3541bcb791b4ea760504
挿入ソート,https://www.fe-siken.com/keyword/2/2-2/#1bfa415eaa0248d9bdacf1bdcd195016a11a27c2
増分バックアップ,https://www.fe-siken.com/keyword/5/5-3/#ffb84637610a2fb159b8fc8953584cee78716d23
総平均法,https://www.fe-siken.com/keyword/22/22-3/#9df8cddbcc048ea300484eba397f2ddf3375b272
層別管理,https://www.fe-siken.com/keyword/22/22-2/#d72b2fc20c8603c54c846aece53cfbaad965edae
層別抽出,https://www.fe-siken.com/keyword/22/22-2/#dd73e40568c29f89294be76f04fdddac4edbc891
双方向コミュニケーション,https://www.fe-siken.com/keyword/14/14-11/#4abebd736da7b6ddd5b0cd6838a3959d199a0d8e
双方向の追跡可能性,https://www.fe-siken.com/keyword/12/12-1/#abbab99a0b16314675b5369efb4ff21a5d38b7d3
双方向リスト,https://www.fe-siken.com/keyword/2/2-1/#a9a23996aad0f6822e33ad365ef7dc9dbd048622
属性,https://www.fe-siken.com/keyword/2/2-5/#7d3c35c29be1de8ba8a6f6264e192a7af157dc29
疎結合,https://www.fe-siken.com/keyword/4/4-1/#95f18c6e0bc09d38efa99020b511d9652891544a
疎結合マルチプロセッサシステム,https://www.fe-siken.com/keyword/3/3-1/#f583e358bbd9463ac3bb2ba215bad291a74c18b8
組織的管理策,https://www.fe-siken.com/keyword/11/11-2/#e8e997d8384360d9130052811344902980ddc29a
組織における内部不正防止ガイドライン,https://www.fe-siken.com/keyword/11/11-4/#31a546f50182c3db4b98419e11d39ba80dcab2ac
組織の運用の完整性,https://www.fe-siken.com/keyword/12/12-6/#c9573c5bb07edb9fc9e7f2d24b648f36e5d47149
ソーシャルエンジニアリング,https://www.fe-siken.com/keyword/11/11-1/#98b2326858193eed87302f29daaeca14ab3caf59
ソーシャルメディアガイドライン,https://www.fe-siken.com/keyword/11/11-2/#b95921863a3118ea7152af49f92a302d5391913f
ソーシャルメディアデータ,https://www.fe-siken.com/keyword/22/22-2/#d1dd71eb2d58f1e0d94b0739eee9b81ede9dec9e
ソースコードの共同所有,https://www.fe-siken.com/keyword/13/13-1/#3dc9e3b69f35dc7489ec8f99f8b998ff50b85312
ソースライブラリ,https://www.fe-siken.com/keyword/5/5-2/#ffcd21f4c517b9febe2373eb746f12b2779b62c0
ソフトウェアアセットマネジメント,https://www.fe-siken.com/keyword/15/15-2/#f942995480af8fed317bd303e5f8485fa6cdd085
ソフトウェア開発委託モデル契約,https://www.fe-siken.com/keyword/18/18-3/#c51adebc782c5f61b603ebf7cca3c83a2eb46c42
ソフトウェア開発支援ツール,https://www.fe-siken.com/keyword/5/5-2/#a34c0895f431ee89a4fd1a1e2422916a7513cca3
ソフトウェア構成管理,https://www.fe-siken.com/keyword/13/13-4/#290948ab14b873b622d07fc73adff13e6e350c76
ソフトウェア構成図,https://www.fe-siken.com/keyword/17/17-1/#c59326bc230192e223bfaff772cee571a038dece
ソフトウェア構成品目,https://www.fe-siken.com/keyword/12/12-1/#3e50c5e7dfee600698ba5056c424150ea41b1e79
ソフトウェア構造,https://www.fe-siken.com/keyword/13/13-1/#6370aab80c1e2bf32ee88ec420556360638b0188
ソフトウェアシステム要素,https://www.fe-siken.com/keyword/12/12-2/#ecefd745fc90068b6e3026bbabc9c3598e62c796
ソフトウェア障害,https://www.fe-siken.com/keyword/5/5-1/#f9e7ca336b08c572d02c85c80dfd0736de8ebf94
ソフトウェア使用許諾契約,https://www.fe-siken.com/keyword/18/18-3/#d8d5b2abbe153df455ab909bf3b62313bc86c535
ソフトウェア設計原則,https://www.fe-siken.com/keyword/12/12-2/#dd3b34baa82c71128e7f737844a762ea3b99cb2f
ソフトウェア統合及びテストの実現可能性,https://www.fe-siken.com/keyword/12/12-3/#c94eb5681f02eef0932b00403201c0c9dc5bc8ae
ソフトウェア統合テスト仕様,https://www.fe-siken.com/keyword/12/12-2/#4ac9333e968c6d1bafb2f80ee9ab3ed76d60c3f6
ソフトウェア統合テスト報告書,https://www.fe-siken.com/keyword/12/12-4/#bbe8edf956759a654fe338cf68c9ab2032eb2cb5
ソフトウェア等の脆弱性関連情報に関する届出制度,https://www.fe-siken.com/keyword/11/11-2/#b3e57d2f69d32c2cb328637c8bb8eb96c9f42c9e
ソフトウェア特許,https://www.fe-siken.com/keyword/23/23-1/#80ad7cdc156bf9558a1033c5bf0fc443b2bd2a68
ソフトウェアのサプライチェーンマネジメント,https://www.fe-siken.com/keyword/18/18-3/#621483d1dab35b466928ccab83fa6b4e166a6058
ソフトウェアプロダクトライン,https://www.fe-siken.com/keyword/13/13-1/#817db121af602e0bf617d6a73c6dd15b341e9393
ソフトウェアユニット,https://www.fe-siken.com/keyword/12/12-2/#9f1da1b145c6437816eab9ca090d5bc9d373b21f
ソフトウェアユニット間インタフェース,https://www.fe-siken.com/keyword/12/12-2/#e2f2b7b3a4fded7c61812b5cefcfc56cc46bfdbe
ソフトウェアユニット機能仕様決定,https://www.fe-siken.com/keyword/12/12-2/#8d4cedcbf3981c3e948e83a2f158eb6419b19044
ソフトウェアユニット分割,https://www.fe-siken.com/keyword/12/12-2/#306afd38b90b47c7465a08f5891e4562b61863df
ソフトウェア要件,https://www.fe-siken.com/keyword/12/12-4/#ed0d417651f1f7d6bc645ea09a2b1368c795cbf2
ソフトウェア要素,https://www.fe-siken.com/keyword/12/12-2/#b6d974dcc84844c1b72dd2792ae36ded739e2cab
ソフトウェアライセンス,https://www.fe-siken.com/keyword/13/13-3/#e0980347273d7e7d1b8ec85b3b1ae1da123019b5
ソフトウェア利用文書,https://www.fe-siken.com/keyword/12/12-5/#7fa3cfdb5f84bda53d40132423a842dd2beb8c6a
ソフトウェア製品等の脆弱性関連情報に関する取扱規程,https://www.fe-siken.com/keyword/11/11-2/#8b1cdade77e11a6d899d88b412768062ce0b6687
ソブリンクラウド,https://www.fe-siken.com/keyword/17/17-3/#98d9daaa886ba5e3b07b0ac314f83676afa24840
ソリューション,https://www.fe-siken.com/keyword/17/17-3/#d8fcaf648595ee50d0a9c15e46cb03a2b4e624ee
ソリューションプロバイダ,https://www.fe-siken.com/keyword/17/17-3/#d702f8183875029645c921912a5a90b3b6ef13f9
ソルト,https://www.fe-siken.com/keyword/11/11-5/#08da1c566a5af9c313a6e14357ed1f658550b670
損益計算書,https://www.fe-siken.com/keyword/22/22-3/#a71af9cf08b8b33aa5e51f21fa88dcfc94b842e2
損益分岐点,https://www.fe-siken.com/keyword/22/22-3/#1b3e6cbc2179e3bfb77470302c049be9d316e877
第1種の誤り,https://www.fe-siken.com/keyword/1/1-2/#052af7a68580217f556dc5d1a6db4ac1910a2fcf
第1正規形,https://www.fe-siken.com/keyword/9/9-2/#900e322a3f15111c05bc3ab31d40b97e0f43505d
ダイオード,https://www.fe-siken.com/keyword/6/6-1/#dbcf89d8474bf9ff40fb1315e818e59e36a05cd3
対外説明の規程,https://www.fe-siken.com/keyword/11/11-2/#054aa73c3bb7592b36d6f6098958cb632a1ac7ef
大規模言語モデル,https://www.fe-siken.com/keyword/1/1-3/#1e627f834031b63c9897b44f34fe5a3853166857
ダイクストラ法,https://www.fe-siken.com/keyword/2/2-2/#3928a3bd407770a76f361702e8b903cd41e78b62
対策立案,https://www.fe-siken.com/keyword/14/14-1/#26983d65883a2bb1245889d73fcd6663abec7b89
第三者中継,https://www.fe-siken.com/keyword/11/11-1/#79586e8f0a67132666982bea63f6244efd078612
第三者提供,https://www.fe-siken.com/keyword/23/23-2/#d9e87f277f5123f86af592a46c1ddf6c2d44a2e2
第3正規形,https://www.fe-siken.com/keyword/9/9-2/#ab48ec20ba2189fbe0c6a086f96ce7ca3d4b17b2
貸借対照表,https://www.fe-siken.com/keyword/22/22-3/#0f92bd8dfb7becf32d7ef040fea563c9f0b2af4b
耐震耐火設備,https://www.fe-siken.com/keyword/11/11-4/#8c8643c42a60a9cf3e6db4fa9c6e9131c22162e8
対数正規分布,https://www.fe-siken.com/keyword/1/1-2/#394bce4ca5b4400ddf47b0d79b260b38bf95123f
耐タンパ性,https://www.fe-siken.com/keyword/11/11-3/#284bf9cc0dfd86fc50d7cdbacc0ec4fa65104693
ダイナミックケイパビリティ,https://www.fe-siken.com/keyword/19/19-1/#87b0acfd679eeaa04ebb4615488f2002ecfc6f0b
ダイナミックプライシング,https://www.fe-siken.com/keyword/19/19-2/#7de6f879937081df52c8256ea0fb1da5d0e4dc5e
第2種の誤り,https://www.fe-siken.com/keyword/1/1-2/#b5c9adee1d3b788608fda06179a44ebda37f68db
第2正規形,https://www.fe-siken.com/keyword/9/9-2/#b3157fc7e9edff0aa5d1684c8198eafc6ccc5b0a
大日程計画表,https://www.fe-siken.com/keyword/14/14-6/#399a9be8d321a3b10e71669fb4e96a61eee417f8
代入,https://www.fe-siken.com/keyword/2/2-3/#fffc5d3d845f10d95686273074f9314a088dc563
代表的なシステム監査技法,https://www.fe-siken.com/keyword/16/16-1/#64c53bfabb6c0b37df9f717a49b006b983c14a5b
タイポグラフィ,https://www.fe-siken.com/keyword/7/7-2/#6d68c5c0fa4c18abde63b2350b8b10016e7e270e
タイミング攻撃,https://www.fe-siken.com/keyword/11/11-1/#c6be07b7da6d9829f133d886fb81c3eba719ec18
タイミング図,https://www.fe-siken.com/keyword/2/2-5/#22f85c8d87349fd4355bc5a8ff2e47b9326a1f46
タイムクウォンタム,https://www.fe-siken.com/keyword/5/5-1/#90b8e18ba83427088896d6e816d3275f64959d67
タイムスタンプ,https://www.fe-siken.com/keyword/11/11-1/#b41c1d579b72163d6b31dd5410f5b95d3fbabcfc
タイムスライス方式,https://www.fe-siken.com/keyword/5/5-1/#f364ae391727180e919050900e339cc97a390738
第4次産業革命,https://www.fe-siken.com/keyword/22/22-1/#bfe88bfd90e47812757cf86d96ac05e25627682b
ダイレクトマーケティング,https://www.fe-siken.com/keyword/19/19-2/#e21b05d5b6ad4896d08603b08cd137a94d0cde22
対話型処理,https://www.fe-siken.com/keyword/4/4-1/#2a29cd495d1a4f7846f0c40aed3f127bedf32490
ダーウィンの海,https://www.fe-siken.com/keyword/20/20-1/#2069c81e3891a1df8c9bbd5887fb5cf59ac129c0
ダウンロード,https://www.fe-siken.com/keyword/10/10-5/#bc3a85876c880b10ee1577ae233eae23d31b70df
多角化,https://www.fe-siken.com/keyword/19/19-1/#5e18f83ed3332ba6a220a7cdebf1d5b537b51a34
ダークウェブ,https://www.fe-siken.com/keyword/11/11-1/#2f80c57a3e9138356a73c2c93224479110e72b25
多重化技術,https://www.fe-siken.com/keyword/11/11-4/#74ba031c757918894c07a6e2c0f36226e3f6e4ef
多重バックアップ,https://www.fe-siken.com/keyword/5/5-3/#71024c0af2d670baef78f7caf0f94686b2c4d175
多重プログラミング,https://www.fe-siken.com/keyword/5/5-1/#085ba566f1c0c69820d89eaee54bb51ffe88e717
多相性,https://www.fe-siken.com/keyword/12/12-2/#4bb1e6e483f22afaeca145ccaa614ab64e06c27d
多層パーセプトロン,https://www.fe-siken.com/keyword/1/1-3/#7fab9001d899bcdccc71db80c8874e04264a881c
多層防御,https://www.fe-siken.com/keyword/11/11-1/#657df44184d889f946a4ba4e85b51fd349e314e7
畳み込みニューラルネットワーク,https://www.fe-siken.com/keyword/1/1-3/#c7815699c3abeac49862bc6d337b94e2b05c0fe6
多段階認証,https://www.fe-siken.com/keyword/11/11-1/#d9234a00299c9ec2cafc70f3f9867740c18a8ebf
多段抽出,https://www.fe-siken.com/keyword/22/22-2/#2f7571234b565964f0deed5262e7c1e346b858e0
立ち上げのプロセス群,https://www.fe-siken.com/keyword/14/14-1/#81a280cf7bb8c777b6c0c17e0de89fd3357ae6ee
タッチパネル・タッチスクリーン,https://www.fe-siken.com/keyword/3/3-5/#2c59118cc8be69a375cf9ac1b2d68eedc593516f
建物管理,https://www.fe-siken.com/keyword/15/15-5/#d635cc01cef39c91fb88348f03607b5adba45ab2
妥当性確認テストの目的,https://www.fe-siken.com/keyword/12/12-5/#52a0f25f297fe174f109b8646453f63f19813f7b
棚卸,https://www.fe-siken.com/keyword/13/13-3/#6bc3e4937ba25251725570292fd9f06d012878d9
棚卸資産評価,https://www.fe-siken.com/keyword/22/22-3/#2b9d32d4d1664363e24cff42482d0a64fac01566
他人受入率,https://www.fe-siken.com/keyword/11/11-1/#ffd2b3ff7031b5fbc9cf74acdf1724caa6c2b38a
タプル,https://www.fe-siken.com/keyword/9/9-1/#a6985c50a50cbce0e1e6e2387fe942e1dd05c2e0
多分木,https://www.fe-siken.com/keyword/2/2-1/#e1b06ed5f0c52f408897c9bed9e1aba10b9cbd74
ターミネーター,https://www.fe-siken.com/keyword/3/3-4/#fc61d4ab94b45323d74db4174ba8e84a3568c7f7
多要素認証,https://www.fe-siken.com/keyword/11/11-1/#8ee658fea21620397b25a796b153aa4f101d2073
多様な主体による情報の円滑な流通の確保,https://www.fe-siken.com/keyword/23/23-4/#f20422a269294998cf8a448c73bc2f1f2fefa7e5
タレントマネジメント,https://www.fe-siken.com/keyword/22/22-1/#25524471c2ef34386a19a28c10f08c636dd43887
ターンアラウンドタイム,https://www.fe-siken.com/keyword/4/4-2/#7b55f80f46c7b7421a3121d08275e524a0045754
単位行列,https://www.fe-siken.com/keyword/1/1-2/#86d4a1b7e5873f318e49798d1916937fdd25d623
段階的詳細化,https://www.fe-siken.com/keyword/12/12-2/#24b31a2904980496236c86a317a35a2758465da2
段階的モデル,https://www.fe-siken.com/keyword/13/13-1/#38bd2ce19e98ca23438cede28e0d0894738916e9
探索木,https://www.fe-siken.com/keyword/2/2-1/#74ddf34a8de21a539dcbc8d4f8c2a9b85112a431
単純無作為抽出,https://www.fe-siken.com/keyword/22/22-2/#b0573c4618fc4442f274cc9926a074caf78f92c8
男女雇用機会均等法,https://www.fe-siken.com/keyword/23/23-3/#54842f5cf1ac02efcc9acfc95d3621ddd597a053
単精度,https://www.fe-siken.com/keyword/1/1-1/#569bc8017aa441883362b305f7390caa9f72687c
単精度浮動小数点数,https://www.fe-siken.com/keyword/1/1-1/#38cfc336ce6d3a8003cce07f32c3b50579423438
単方向,https://www.fe-siken.com/keyword/1/1-4/#6a33045ca9bb1fa79ab6a98f665221ba7881cc16
単方向リスト,https://www.fe-siken.com/keyword/2/2-1/#9abefd99cf05c6bcedb6e8939484c1b1f7183388
チェックキャラクター,https://www.fe-siken.com/keyword/7/7-2/#f338edb13bf94e5b6f8900e96b6c438c29e1a563
チェックサム,https://www.fe-siken.com/keyword/1/1-4/#4203caae55b0d1be6b78382eda62267cc92cb3bb
チェックシート,https://www.fe-siken.com/keyword/22/22-2/#f4c25634e6cea2f40422949428f821484a375134
チェック体制の確立,https://www.fe-siken.com/keyword/16/16-2/#72afa9fd6a35e6cc0197143a6b7fa6994522e9f9
チェックポイント,https://www.fe-siken.com/keyword/9/9-4/#8c5ad937355a0f314f43a2bbc9b93601cc72dc21
チェックボックス,https://www.fe-siken.com/keyword/7/7-1/#55438b29c2be96dcf3301444644a892a932ebbf0
チェックリスト,https://www.fe-siken.com/keyword/12/12-2/#aeb81408e46608ad9a3c7b9d2786f0e497ab9337
チェンジマネジメント,https://www.fe-siken.com/keyword/19/19-1/#c8628a54b5f4914792b2b0635031db1a6b4edb27
チェーンメール,https://www.fe-siken.com/keyword/23/23-4/#f0ad960911e02eeb0b107af6d2f585005c164603
知識,https://www.fe-siken.com/keyword/15/15-2/#7f37e63cc1d3106002df53210b265681ae702369
知識ベース,https://www.fe-siken.com/keyword/1/1-3/#93804e56276cb572da20d8cbd31c6a79f855a488
地政学的リスク,https://www.fe-siken.com/keyword/11/11-2/#4e6dc03f2d15b41c7c74103b661c5db996a6da03
知的財産基本法,https://www.fe-siken.com/keyword/23/23-1/#09c966c3507d3105a7c7764c31ff06e068dc1477
知的財産権管理,https://www.fe-siken.com/keyword/20/20-2/#7155a6e522e59df32e31dfefe72a16102f3c77be
知的財産権利用許諾契約,https://www.fe-siken.com/keyword/18/18-3/#2004357dd67727bf76d8024df95df6f39f8732ab
知的財産戦略本部,https://www.fe-siken.com/keyword/23/23-1/#29058aa42647dd89dcdab6277e4e4b70f91f9bdd
チャットボット,https://www.fe-siken.com/keyword/17/17-4/#861a7b92c7dbd39c7f7936e5fc56f0290c1bff1a
チャネル,https://www.fe-siken.com/keyword/5/5-1/#95f751a690719f393b4502e6947f716501f08d06
チャネル制御方式,https://www.fe-siken.com/keyword/3/3-4/#0c285cedfc78a4d68259c81c8dbea59c4f06d4d2
チャネル統合,https://www.fe-siken.com/keyword/19/19-2/#cdd89488800e6c21493262439ba2c308b6206512
チャレンジレスポンス認証,https://www.fe-siken.com/keyword/11/11-1/#f3b56d662bd224be8e1adb6e24fd14cdaeb88136
チャンク,https://www.fe-siken.com/keyword/7/7-1/#5186add9c6dc914645f5f7077f2f28c82d517f87
中央銀行発行デジタル通貨,https://www.fe-siken.com/keyword/21/21-3/#5f5abb2f8398c4db1c0cee6809944a1a8baee29a
中央値,https://www.fe-siken.com/keyword/1/1-2/#97dfd26ea39d11ed568c9f6235c6a41f544209e3
中間言語,https://www.fe-siken.com/keyword/1/1-3/#5f30cf1ab1b8a915636ea645a8e3fa46a1787cb0
中間CA証明書,https://www.fe-siken.com/keyword/11/11-1/#81dae2bca2c85aaaf3c5fe62d3ab3b5a5e6f1406
中間者攻撃,https://www.fe-siken.com/keyword/11/11-1/#21fd9620c171ac96fd07e622e00130e2d1ff8dc1
中間順,https://www.fe-siken.com/keyword/2/2-1/#29a39e8d800c443861a51607c72e4850f93a6ce7
中小企業の情報セキュリティ対策ガイドライン,https://www.fe-siken.com/keyword/11/11-2/#a1765e36cc3921ee346a459c81218a45ff5bd6db
中小受託事業者,https://www.fe-siken.com/keyword/23/23-3/#f0d165eb8bac1638c40b2845fd07a2ae3a50458a
中小受託取引適正化法,https://www.fe-siken.com/keyword/23/23-3/#79f728c7e59ea300e1ed9b9d45dec701024485aa
抽象データ型,https://www.fe-siken.com/keyword/2/2-3/#8c2874945d1778b107d2fb0efeec558b7a861a1f
中日程計画表,https://www.fe-siken.com/keyword/14/14-6/#8b001881223851fc36c8425be040e88fdfba6102
超音波センサー,https://www.fe-siken.com/keyword/1/1-5/#a9083b3a0e713963b23f3424490e1d96d12083a5
調査データ,https://www.fe-siken.com/keyword/22/22-2/#21d8e5d2b4d38d2b2c9a90a9faacd8558754a715
超スマート社会,https://www.fe-siken.com/keyword/22/22-1/#8ad446e9b65cad358bac3c851691aa8838c10403
調達の運営管理,https://www.fe-siken.com/keyword/14/14-10/#56fe2769e0bca3ceb448a3a03f6a7cdd31dc0fdf
調達の計画,https://www.fe-siken.com/keyword/14/14-10/#55e8d4086a85750e1312f9c2e8d83830c7fb8ee5
調達の対象群,https://www.fe-siken.com/keyword/14/14-1/#1f31f05fac4d48edaeab2a6aab22d3ac9f61ce74
帳票設計,https://www.fe-siken.com/keyword/12/12-1/#eae1e2a6f07f5201af35da1ed789af7f7c12d65e
調歩同期,https://www.fe-siken.com/keyword/1/1-4/#0fbe90ee92a643330bf2c2c796745468b1497c9a
直接アクセス,https://www.fe-siken.com/keyword/5/5-3/#777d6ba30507f3c0f5be1d76fb9b99b374ac6521
直接コスト,https://www.fe-siken.com/keyword/4/4-2/#bdcd84434cc953a9766bc83e14320c66e8c17ffb
著作権,https://www.fe-siken.com/keyword/23/23-1/#592e06ccaa82c870c2f2fa4c92a8425883001c8a
著作権法,https://www.fe-siken.com/keyword/16/16-1/#67aae88729e9977f28298171e519cc7ac21ad6d9
著作財産権,https://www.fe-siken.com/keyword/23/23-1/#98e87989cf8d6ef022db2c777486fadcbc5c6006
著作者人格権,https://www.fe-siken.com/keyword/23/23-1/#4acb31f2b47f1bfd57c867762b7f4630407c4ade
追記型,https://www.fe-siken.com/keyword/3/3-2/#c14b182fb9ec966d76cb7ec6c213cf92ed0f91e0
追跡可能性,https://www.fe-siken.com/keyword/12/12-3/#b5993fc8b72cbbf8a38fcb32890e7c8ca7327053
通常実施権,https://www.fe-siken.com/keyword/13/13-2/#0c2c9218cc02c115cd45d78380fe3d9ab630df05
通信管理システム,https://www.fe-siken.com/keyword/5/5-2/#f435819c9818bb434053b03d3b767971284c9697
通信設備,https://www.fe-siken.com/keyword/15/15-5/#00f37da55f0cd5264e9c5811fa68180a516484cd
通信プロトコル,https://www.fe-siken.com/keyword/5/5-1/#9ce7f8592a4925201ed55bd72c9530811a9f9cd7
通信傍受法,https://www.fe-siken.com/keyword/23/23-4/#e5d8d987995f3314e6634ba2709621f24b7d43bd
通信路符号化,https://www.fe-siken.com/keyword/1/1-3/#8647f7b5d080ff5210eebbb2a991daed200eb667
ツリー型,https://www.fe-siken.com/keyword/10/10-2/#a1cfaed7e11eca0f7a2331ba69ba3b1de598277a
ツリー接続,https://www.fe-siken.com/keyword/3/3-4/#28d983e8f87f9f357c595714aa561fc54c76bc1d
ツールチェーン,https://www.fe-siken.com/keyword/5/5-4/#516e84d1c06fefd55287ba7a47f60e874e007c02
ツールチップ,https://www.fe-siken.com/keyword/7/7-1/#ec461a039392c4634415e875d11139aaa66d0fd3
ディスインフォメーション,https://www.fe-siken.com/keyword/23/23-4/#7598c8fedd861a4b8a765369657a94a53f86f13a
ディスクキャッシュ,https://www.fe-siken.com/keyword/3/3-2/#4ab56bf5cc46d38f690ac35cfdf44577a9ccded6
ディスク容量見積り,https://www.fe-siken.com/keyword/9/9-2/#653d77354544af60b07efa6f367d17675a2ca9f9
ディスパッチ,https://www.fe-siken.com/keyword/5/5-1/#a13fd01a81cd122b5f9aa4f2c6451f8714b38683
ディープフェイク,https://www.fe-siken.com/keyword/11/11-1/#0e1abe9f5fd2a7e532bf1686837fb7dcfeada320
ディープラーニング,https://www.fe-siken.com/keyword/1/1-3/#87b467b87a74f702aa1e372799b2ae65b849bac5
ディレクトリトラバーサル,https://www.fe-siken.com/keyword/11/11-1/#938f4679e1d642c9697e701682ac9e90f54ca4e4
定義域,https://www.fe-siken.com/keyword/9/9-1/#f39625179ee445e134cb19489a97b19e86b51318
デイジーチェーン接続,https://www.fe-siken.com/keyword/3/3-4/#0c41f9a36a968b5d66913c4f876eb05f2521084e
適応保守,https://www.fe-siken.com/keyword/12/12-6/#782d1a4d01427c6e8cfc2671f4b66ed4c82446cb
適格請求書等保存方式,https://www.fe-siken.com/keyword/23/23-4/#3d5d0eb238c49500f9a0dfec40d0b15ee6f36f5c
適合性評価,https://www.fe-siken.com/keyword/23/23-5/#54729a2adde40c19f93ee5a29c8100fec73d4fc2
適合性評価機関,https://www.fe-siken.com/keyword/23/23-5/#2024f9e756afc8df6e5a0783990e4a5287bae242
テキストボックス,https://www.fe-siken.com/keyword/7/7-1/#bfe56d7233892200ec1e84f366adca1d9c6a007c
テキストマイニング,https://www.fe-siken.com/keyword/22/22-2/#6adc868c924de05baac542ac294383f76e16bbe4
敵対的サンプル,https://www.fe-siken.com/keyword/11/11-1/#bbc9c6d6a7cafc1b8f844db372658d320b90c08e
敵対的生成ネットワーク,https://www.fe-siken.com/keyword/1/1-3/#1ad7d8907a427c9668c5036a70d5c3616a28043d
適用する妥当性確認テストの技法,https://www.fe-siken.com/keyword/12/12-5/#7d030859757dee8e9e646dbc950938c4df4ff485
デコーダ,https://www.fe-siken.com/keyword/3/3-1/#eafd6bfd4fd467d04531ee08cd48c3b9e94c4a07
デザイン思考,https://www.fe-siken.com/keyword/19/19-2/#585f7cfb35f95372ef3a6e24641624e04b40e501
デザインの原則,https://www.fe-siken.com/keyword/7/7-2/#ffb6c9b3bc8b3b47632f2a444c9fb928db387b8b
デザインレビュー,https://www.fe-siken.com/keyword/12/12-2/#f5fc5b0fe110bade71be6c4bb838b93a9cc27038
手作業,https://www.fe-siken.com/keyword/12/12-2/#0d2ac8ce9321613cf661f8aa23917881c0122e2a
テザリング,https://www.fe-siken.com/keyword/10/10-5/#038954cbfb038a4b5efe4174e0b844974259645b
デシジョンツリー,https://www.fe-siken.com/keyword/22/22-2/#584562f2116b72cc00418f96e7cc8661602ad6da
デシジョンテーブル,https://www.fe-siken.com/keyword/18/18-2/#c3a34d6f695700be141ce88f36a00dde377c0d78
デジタイザー,https://www.fe-siken.com/keyword/3/3-5/#c5beb93d9ba77d310f6778d2599f442162d00e13
デジタル,https://www.fe-siken.com/keyword/3/3-4/#b46daed4474929413ff0a59329a5d023d5fb0938
デジタルカメラ,https://www.fe-siken.com/keyword/3/3-5/#afa7f7e783248fb2a8ea2e9226d8989b02c67fa7
デジタルサイネージ,https://www.fe-siken.com/keyword/19/19-2/#11835d3f4be5701416278ff6c2d5f3ab9432fb7a
デジタル社会の形成,https://www.fe-siken.com/keyword/23/23-4/#9b04355a78c5eb07ecdac332d6059e476ac71322
デジタル証明書,https://www.fe-siken.com/keyword/11/11-1/#95151cbaa8853bcbee2da379786c71e6bbe66208
デジタル署名,https://www.fe-siken.com/keyword/11/11-1/#5aad716fe93e11ced23c20bf5d267adfd4364251
デジタルタトゥー,https://www.fe-siken.com/keyword/23/23-4/#dbcb4def39c2d28692fd55c2c385309936bd2b13
デジタル庁の設置,https://www.fe-siken.com/keyword/23/23-4/#6af57c2cd536b16d6d5bb084db9856761b867e82
デジタルツイン,https://www.fe-siken.com/keyword/21/21-1/#d8bb77e2f919b79955e806cfaed1d2264c3cba76
デジタルディバイド,https://www.fe-siken.com/keyword/17/17-4/#8b263b8cbc598951573b510c0ef123dcc39c20ba
デジタルトランスフォーメーション,https://www.fe-siken.com/keyword/22/22-1/#f3503ef016f462eee043d7dd93ec6a5665c774ea
デジタルフォレンジックス,https://www.fe-siken.com/keyword/11/11-4/#90e7b278bc4e991812db5b6d5078ad2cda4cd395
デジュレスタンダード,https://www.fe-siken.com/keyword/23/23-5/#a3e5736817edd765a1b5be904e8febad3b013a88
手順,https://www.fe-siken.com/keyword/12/12-2/#4c70c596c04ea490bb178c60976baf0f08a5585e
デスクトップPC,https://www.fe-siken.com/keyword/3/3-1/#9a856b69dfb8ec15487c2e3c4c44639c15430ba5
テスト駆動開発,https://www.fe-siken.com/keyword/13/13-1/#ff86e65ba11d2f4acb2799f1da87dc44f0b85c23
テスト計画,https://www.fe-siken.com/keyword/12/12-4/#4df9a7de0c7c176d1fd5c55499ad0e3edd4affcb
テストケース,https://www.fe-siken.com/keyword/12/12-3/#e14c686ca759041a2e3a2a751fea404495ccfb5f
テスト実施者,https://www.fe-siken.com/keyword/12/12-3/#18ddbccf95096bb7c9ab8e7b2aab0bb1b6760c9a
テスト準備,https://www.fe-siken.com/keyword/12/12-3/#a5c3033db47569a45f7848a5529f9722eeb834ba
テスト設計と管理手法,https://www.fe-siken.com/keyword/12/12-3/#80855cad9a86ca849961323eddfa265e91525231
テスト手順,https://www.fe-siken.com/keyword/12/12-4/#666fac4c3edf0afb281fe34208b3ec481274a3fe
テストデータ,https://www.fe-siken.com/keyword/1/1-3/#663c3500c2c8667de5989255974fa8588a2f30e2
テストデータジェネレーター,https://www.fe-siken.com/keyword/12/12-3/#f67e4165df262e0e6e85a4117549477680ef824a
テスト範囲,https://www.fe-siken.com/keyword/12/12-3/#c525cb65b1b9c6f9936359b96332c59381aace10
テスト方法論,https://www.fe-siken.com/keyword/12/12-3/#7c3226281a2056bd37eff9edd6f79c48a610c5a5
テスト網羅性,https://www.fe-siken.com/keyword/12/12-3/#66367ab549b62a4690c0a9ce5ebf7586e4f69ba8
テスト要求事項,https://www.fe-siken.com/keyword/12/12-2/#24f2e4ce63193317891c3847ad06bd080fb19e73
テスト要件,https://www.fe-siken.com/keyword/12/12-1/#9209db40970c6f994b4b619171ae34e867590dd2
データウェアハウス,https://www.fe-siken.com/keyword/9/9-5/#6d95b254af078ad8fd114e7475c8ef527560465a
データ管理,https://www.fe-siken.com/keyword/15/15-4/#347299a8b61f11f2a85de15c843b7ce05f7bc117
データ機密保護機能,https://www.fe-siken.com/keyword/9/9-1/#1a994c9a879383cf43eb037d006489c104529081
データ駆動型社会,https://www.fe-siken.com/keyword/22/22-1/#d71ec0f671118802f679f313cb80ce26fcf87ad9
データクレンジング,https://www.fe-siken.com/keyword/9/9-5/#d1979aa7fee77c033d68d2d8ec543895028f5571
データ結合,https://www.fe-siken.com/keyword/22/22-2/#51dfb68f5baad36c91c887ac5b6de65468e720ae
データサイエンスのサイクル,https://www.fe-siken.com/keyword/22/22-2/#f781d0227a1b8c15f354b97ced95501eeeca5f90
データサイエンティスト,https://www.fe-siken.com/keyword/22/22-2/#ce9b7f0f9a54ef081089e49de512a4889f05d893
データ重複の排除,https://www.fe-siken.com/keyword/9/9-2/#a1370d17b71fb1092eb8deaf06f3eca72e0c9a10
データ処理,https://www.fe-siken.com/keyword/12/12-3/#f6255edf1f7cbb198626806d95ade152cea4dc4f
データセキュリティ,https://www.fe-siken.com/keyword/9/9-1/#d5fbc60c38fb42a87456ae62b4e0df26c7cc76aa
データディクショナリ,https://www.fe-siken.com/keyword/9/9-2/#ce1f407447e48cb755be5013fbb44670c87f2e7f
データ定義表,https://www.fe-siken.com/keyword/17/17-1/#128840a0ad3c65451c8b587d8de28238d4f04a6b
データのサイロ化,https://www.fe-siken.com/keyword/22/22-2/#c1cdcb4c375c8013804e12223a1721c90d91039c
データの消去,https://www.fe-siken.com/keyword/17/17-4/#2f9adad09656d3ca9d76899353cb1ea2753b0e76
データのねつ造・改ざん・盗用,https://www.fe-siken.com/keyword/23/23-4/#95b949399b1ab9712dd77b967d3353b4a6bf3233
データバス,https://www.fe-siken.com/keyword/3/3-3/#6d147594199a5772835e3691e1797e9e5d8d6e6c
データベース,https://www.fe-siken.com/keyword/12/12-3/#8ac57ca93d5f8f1a2493484f954144794bef13d4
データベースアクセス制御,https://www.fe-siken.com/keyword/11/11-5/#539aa085156c10a2700a69e34c5aba4e23c01c5c
データベースアクセス層,https://www.fe-siken.com/keyword/4/4-1/#1643e575766774c5dd00a846cb197926bf92a734
データベース暗号化,https://www.fe-siken.com/keyword/11/11-5/#7edc19870f33feaaa4c5ed4d9e299905f89d6435
データベース制御機能,https://www.fe-siken.com/keyword/9/9-1/#788804a2f521cce055f8a843932f08c8baf3c508
データベース操作機能,https://www.fe-siken.com/keyword/9/9-1/#7611b274c3ba187f9cf13803c1f678eba155513b
データベース定義機能,https://www.fe-siken.com/keyword/9/9-1/#adb02700a4c925aa9cfe0fb86b057da96150bb09
データベースバックアップ,https://www.fe-siken.com/keyword/11/11-5/#3b0f1fc059e997d0f4236203c8ddd367f726eb4c
データベース要件,https://www.fe-siken.com/keyword/12/12-1/#52e21902a907792b0956bdc4aeecd69181a18f96
データマイニング,https://www.fe-siken.com/keyword/9/9-5/#d464378ca77914f64fb418b471a3e0ec46ca23c9
データマスキング,https://www.fe-siken.com/keyword/11/11-4/#6cac22d4cbedfbc5b8ec01c993e8fcab09e1ae29
データマッシュアップ,https://www.fe-siken.com/keyword/13/13-1/#e14ce4f85b13a168ce75cf8bb8367f25cbb22a37
データマート,https://www.fe-siken.com/keyword/9/9-5/#3a920f30b781640f41e73d9dc8aca493fb538b53
データモデリング,https://www.fe-siken.com/keyword/12/12-1/#5722e22df24a940eb7cfb7d3f542211c2be5783c
データモデル,https://www.fe-siken.com/keyword/12/12-2/#110ce7adf6289908b726bed00f53694918e2a84e
データリンク制御,https://www.fe-siken.com/keyword/10/10-2/#d2f3c5899de4575a19957edcae0c12c96fdea4a1
データリンク層,https://www.fe-siken.com/keyword/10/10-2/#93a63dbf24714304f1aa37935970cafc19451541
データレイク,https://www.fe-siken.com/keyword/9/9-5/#d15a89049a1e91d29eaf6038cc234f94061c1909
デッドロック,https://www.fe-siken.com/keyword/9/9-4/#cd6ce73f8281c3bd68898c34cb441186ece24bd8
手続型言語,https://www.fe-siken.com/keyword/1/1-3/#80fd81d88c403f226d9e91c846571ad117052813
デバッガ,https://www.fe-siken.com/keyword/12/12-3/#dfe793e8a3ddad078800f31636200d32215fb195
デバッグ環境,https://www.fe-siken.com/keyword/12/12-3/#d91ae21faacc9546e1d3b6ea03b51a1c014b9f9e
デフラグメンテーション,https://www.fe-siken.com/keyword/3/3-5/#bec36d30645e7fb8aefa9adb74de56b0dd0f9362
デュアルシステム,https://www.fe-siken.com/keyword/4/4-1/#47b8da7abb3aa4b6d56266279510f98117dbdf2d
デュアルライセンス,https://www.fe-siken.com/keyword/5/5-5/#f0f4e39de843da78decb45d3f30888dfd6ecdf36
デュプレックスシステム,https://www.fe-siken.com/keyword/4/4-1/#3eaeae99b1f32891ed52cd6650d37ce4ec29106e
テーラリング,https://www.fe-siken.com/keyword/14/14-1/#968dd71918ecd2c53ab2cd0ca69dcd20680cfe48
デルファイ法,https://www.fe-siken.com/keyword/22/22-2/#788e5947b4c9f597521c9344ca8dcb64a91e3a13
テレビ会議,https://www.fe-siken.com/keyword/14/14-11/#24a393fc51f692aca3a0b32fc007375cab20a09c
テレビゲーム,https://www.fe-siken.com/keyword/8/8-2/#e2f5563d5ceb9f3f62aea941ea9f664e683ab262
テレマティクス,https://www.fe-siken.com/keyword/10/10-5/#2930d1879ddd044f0e1b69dfe27610561aef70c3
テレワーク,https://www.fe-siken.com/keyword/22/22-1/#397b9ee986d2dcb012ff0985ac7ab8c08577c2e4
転移学習,https://www.fe-siken.com/keyword/1/1-3/#9888f2b8899617311685be5d08bd67db6efc3510
展開,https://www.fe-siken.com/keyword/15/15-2/#6ce77738b81d62664945448b2ed9862bf434bb26
電気設備,https://www.fe-siken.com/keyword/15/15-5/#0e4890da8e20007fc0d0a99f47a87435166f9658
電気通信事業法,https://www.fe-siken.com/keyword/23/23-4/#19fefbd01d60583355bd7f75f9a42be98a0da2f8
電子計算機使用詐欺罪,https://www.fe-siken.com/keyword/23/23-2/#eed63b85a2635b6eb3243758cac6b36252efe4ec
電子計算機損壊等業務妨害罪,https://www.fe-siken.com/keyword/23/23-2/#264ae762a043efa82dcdb03548741a9b4beffebe
電子掲示板,https://www.fe-siken.com/keyword/21/21-3/#806918db0ce97f02d7b417507d94d101acd1f157
電子自治体,https://www.fe-siken.com/keyword/21/21-1/#34353955877ae50673af970eacfb7e744a54ba1b
電子消費者契約法,https://www.fe-siken.com/keyword/23/23-3/#36620ecaa71efd91776746c33bcb0588fdb28b71
電子証明書,https://www.fe-siken.com/keyword/23/23-2/#0a6c702f6b149cdc52ac763ea048513ac3cc7a09
電子透かし,https://www.fe-siken.com/keyword/11/11-4/#cfd3431f3abe75ca45353fd8b7c78fcbd9c41fb7
電子政府,https://www.fe-siken.com/keyword/21/21-1/#668c1f0b12399c64abfd743817c69bfffe5d263b
電子帳簿保存法,https://www.fe-siken.com/keyword/23/23-4/#13ffe7e7176c5e189fd2b550e5f52f480abdf289
電磁的記録媒体,https://www.fe-siken.com/keyword/23/23-2/#967d2a8d6e3857dc406819ed1d6b71c18f170958
電磁的記録不正作出及び供用罪,https://www.fe-siken.com/keyword/23/23-2/#5d888bd81513861da76c14106eb433a1e3775793
電磁的方式,https://www.fe-siken.com/keyword/23/23-2/#c73d1d928f9be85c863b31dc23e6ae6fa3a151bb
電子入札,https://www.fe-siken.com/keyword/21/21-3/#91fbfa237ff746a94773b772b30f519184fdaddf
電子ペーパー,https://www.fe-siken.com/keyword/3/3-5/#c3b56f09a47cbc59e2dc47848d68160d642f0796
電子マネー,https://www.fe-siken.com/keyword/21/21-3/#aba30e955f5d06bdd9393c849cfa8cc55e35fd3f
電子メール,https://www.fe-siken.com/keyword/14/14-11/#fca5c560376c44d8d6ce56fc4df99730869d9095
転送速度,https://www.fe-siken.com/keyword/10/10-1/#3cc2c9251ee5d5c67d6dc0c07695d902b150e077
転送命令,https://www.fe-siken.com/keyword/3/3-1/#ed80bbdba9d9ca0244edb11db625b3ff10c9070b
転置インデックス,https://www.fe-siken.com/keyword/9/9-4/#bd73bda8708e6b8622feaf374afb87e748870ba6
転置行列,https://www.fe-siken.com/keyword/1/1-2/#12cbd36be972c3ec8104e4b773ad730fc4a24dd8
店頭販売管理,https://www.fe-siken.com/keyword/21/21-1/#5735b5b4011861c655f180b3c3c93b27522c74d5
デンドログラム,https://www.fe-siken.com/keyword/22/22-2/#25bc01c4bd9b9e18204320b23beadad19391e108
電波,https://www.fe-siken.com/keyword/10/10-1/#7d9b3d955890c4d5624d706bb0a9f2b97ad098ac
電波法,https://www.fe-siken.com/keyword/23/23-4/#aa1c66387b762806d3510f7db7df02903f67f605
伝票設計,https://www.fe-siken.com/keyword/12/12-1/#84de34a4deab71d272d6557b475a9c75828d8f1b
テンペスト攻撃,https://www.fe-siken.com/keyword/11/11-1/#3e001755b268705dbd52f77c00168498746695f7
電力解析攻撃,https://www.fe-siken.com/keyword/11/11-1/#ff1307678e186899e2311cb06db0ed4978d672a3
透過性,https://www.fe-siken.com/keyword/9/9-5/#a26d184f8d62150ab69fa84716a76c8914095c63
動画認識,https://www.fe-siken.com/keyword/7/7-1/#2586e52c0ec301a03b2ffb7e1495fd4d5a058df9
同期,https://www.fe-siken.com/keyword/3/3-1/#efacc27bc2dc6bfea6df42ebc0641dc2ca635299
統合する順序,https://www.fe-siken.com/keyword/12/12-4/#7cf917da8229541bc6938bae9f3de1b71f24eeb2
統合の対象群,https://www.fe-siken.com/keyword/14/14-1/#6cb01cfdc022a149b1ddaa7044e36c54daabbe89
統合報告書,https://www.fe-siken.com/keyword/22/22-1/#5fc6da3f45b70dd847a7c09618c471ec58732139
等差数列,https://www.fe-siken.com/keyword/1/1-2/#12c074e2b2dbfebddc59cf89f99b069b029fe389
同時確率,https://www.fe-siken.com/keyword/1/1-2/#ab385bc8ab50f1cb30bb56d2266c0fb8f23d1002
同軸ケーブル,https://www.fe-siken.com/keyword/10/10-1/#5a0aa9cba57914caf84e79ab0b87cc6fd4bc1b82
同時実行制御,https://www.fe-siken.com/keyword/9/9-1/#ff47eb4974754f98510ffc9c662ba8f44a8ac315
投資対効果,https://www.fe-siken.com/keyword/20/20-2/#54c117fef46f48c628367d068bda40752a75515a
同質化戦略,https://www.fe-siken.com/keyword/19/19-1/#5303afd40484c6cd8f870554ce8f3176903f83bc
同値分析法,https://www.fe-siken.com/keyword/12/12-3/#46c072a03e643f7efa468a0244883e7328c20e46
到着時間,https://www.fe-siken.com/keyword/1/1-2/#a43b0b417a7e1594fc65bf185e15ea4558d5c39a
盗聴,https://www.fe-siken.com/keyword/11/11-1/#b21083c424dd991e46f0fd3e28877851d131a66f
動的アクセス,https://www.fe-siken.com/keyword/5/5-3/#d400dbec96b891d57ac6ce5c2b08c2aca4aad468
動的アドレス変換,https://www.fe-siken.com/keyword/5/5-1/#3c15d02ce3fee4366bb2cc130541dd1e3c13f85d
動的計画法,https://www.fe-siken.com/keyword/1/1-2/#70b556581e53271eba85992f9f8d6336b2c4b09e
動的テスト,https://www.fe-siken.com/keyword/12/12-3/#c79c1bc849f5f99d218355a727e3e8a246ed0947
盗難,https://www.fe-siken.com/keyword/11/11-1/#81abff2c517e4b226c644da660195fd224946f3b
導入可否判断基準,https://www.fe-siken.com/keyword/12/12-5/#d698993d386ca23903af28e3d03383d3604730ed
導入作業,https://www.fe-siken.com/keyword/12/12-5/#2cd057894968fc65aa4d2650dea4e63c18f8a5ab
導入体制,https://www.fe-siken.com/keyword/12/12-5/#5e821d24dba873833732fac6aaeefa3fa84fbc0d
導入手順,https://www.fe-siken.com/keyword/12/12-5/#9bae23cb96c5cdcd74b9983142551064b06f851e
導入要件,https://www.fe-siken.com/keyword/12/12-5/#ff6f28125a248ba5456680abd30287150a608abd
等比数列,https://www.fe-siken.com/keyword/1/1-2/#3780c4213fca1712135a86fe741871f9a3f66c52
道路運送車両法,https://www.fe-siken.com/keyword/23/23-4/#e47d3b14f43ac60b447acf20048446511cee5ff6
ドキュメント指向データベース,https://www.fe-siken.com/keyword/9/9-1/#90023e6323aaa03cc66898444900c644c46c7353
特性要因図,https://www.fe-siken.com/keyword/22/22-2/#44054b326c3d812edfe64f8a06b4d3ddb2e7edd6
特徴抽出,https://www.fe-siken.com/keyword/7/7-1/#1f9d639663edc7f9760da48a0a4b7dc5800793b4
特定個人情報の適正な取扱いに関するガイドライン,https://www.fe-siken.com/keyword/23/23-2/#20044ffc6857a4f72269a9ef5bfaa185b6e4503c
特定商取引法,https://www.fe-siken.com/keyword/23/23-3/#e04a6458abe953e7f8e8701aed4032203498d311
特定デジタルプラットフォームの透明性及び公正性の向上に関する法律,https://www.fe-siken.com/keyword/23/23-3/#98cdc4adcbda7bc2d93768ae2a01d8acd2be26b6
得点法,https://www.fe-siken.com/keyword/11/11-2/#f5bd1209cefd049f379bd0f55eebc8cd1cbe2391
特別損益,https://www.fe-siken.com/keyword/22/22-3/#618ee5702e66d00a056490966571e3354ed24265
匿名加工情報,https://www.fe-siken.com/keyword/23/23-2/#7cdfdde148e21c90f5c28f47509639052779f251
トグルボタン,https://www.fe-siken.com/keyword/7/7-1/#e86956c0d82673a80b5645aab9ef2af6aaf725c8
図書館,https://www.fe-siken.com/keyword/23/23-1/#dbc8c3de0ea56e150ea879b7b27df49cacb9f678
特化,https://www.fe-siken.com/keyword/12/12-2/#52d3123d79b9cb1f4fef02b30617be4f6e5094c5
特化型AI,https://www.fe-siken.com/keyword/21/21-1/#9c8fb4310f258843e6d0e896594d0376c2006430
特許権,https://www.fe-siken.com/keyword/13/13-2/#3b7dba8111822e4a8bdad2f61294e221ecf4ad19
特許取得ロードマップ,https://www.fe-siken.com/keyword/20/20-2/#9ef4c924c693ca5164202997453bbbad8c045177
トップダウンテスト,https://www.fe-siken.com/keyword/12/12-4/#7757f341d4414cdf0db03de671feff961ab627d1
ドメイン,https://www.fe-siken.com/keyword/10/10-1/#8b0a404c48c25cee83b1b6f28c61ba08b32fc48d
ドメイン名の不正取得,https://www.fe-siken.com/keyword/23/23-1/#25f07df54b39f61e5ce9d31365fcc5d4f876cde4
ドメインモデル,https://www.fe-siken.com/keyword/12/12-2/#03b2c3ee11c48c9e3c842cfccfcdb69b1dc50479
ドメインロジック,https://www.fe-siken.com/keyword/12/12-2/#00006637fb6934e60a09edda5c5cb4804fd27a27
ド・モルガンの法則,https://www.fe-siken.com/keyword/1/1-1/#125fb6566032d58b0a1e097f6ec15bf11127c9b6
ドライバ,https://www.fe-siken.com/keyword/12/12-3/#b6cd92282a6b07d2cddf36096fc118b6f4f9d36f
ドライブバイダウンロード,https://www.fe-siken.com/keyword/11/11-1/#1516eda88758bb696664fbe660aca90cb6cc68e3
トラストアンカー,https://www.fe-siken.com/keyword/11/11-1/#3dcf40231788da63c3f4dba9ad2760c88d016eab
トラック,https://www.fe-siken.com/keyword/3/3-5/#590c50ab363b755949ef4923881752a04d9d320c
トラックボール,https://www.fe-siken.com/keyword/3/3-5/#c4cef078d31e7890e3261c42a1e3a162ca8b13e6
トラフィック監視,https://www.fe-siken.com/keyword/10/10-4/#0891dd787c981c8c905500a37551425b1490c93a
トランザクション処理,https://www.fe-siken.com/keyword/4/4-1/#10baec062e2a146f660d0bbab4d4945ca0e2a78d
トランジスタ,https://www.fe-siken.com/keyword/6/6-1/#bdce7e23d6b72016808b469c0b5abfc6a06a4808
トランスポート層,https://www.fe-siken.com/keyword/10/10-2/#4c1ac8c3583b7661a78a82a0d3cae69156a80c35
取締役,https://www.fe-siken.com/keyword/23/23-4/#418821023d50a44c8f7c47ade9eed725bd776447
トリミング,https://www.fe-siken.com/keyword/8/8-2/#fe377c9bdbc5a730372190842c4ff4dd7ec088d8
トレーサー,https://www.fe-siken.com/keyword/5/5-4/#ad09875d3401504937660740dce852491d15f61f
トレーサビリティマトリクス,https://www.fe-siken.com/keyword/12/12-1/#14dfd61b239c93e1e71bc984d23d8faa35de4807
トロイの木馬,https://www.fe-siken.com/keyword/11/11-1/#f33130fdacf05d50e05161b1692b3240dbb6b47f
ドロー系ソフトウェア,https://www.fe-siken.com/keyword/8/8-2/#5daf3d9c1b1bfc2579e24300956dd0819499c341
ドローン,https://www.fe-siken.com/keyword/21/21-5/#e9a02e161e8126f4b5c4f4a6ff618a5e30df4d8b
トンネリング,https://www.fe-siken.com/keyword/10/10-4/#75e6b6f1099b272dc0a2754f1b6bc2e3d5b8fce3
内外作基準,https://www.fe-siken.com/keyword/18/18-3/#dde892a815c4fe13302724441ae9bd56f345a654
内部一貫性,https://www.fe-siken.com/keyword/12/12-3/#dc429beace027421cda99353d9aa37ef646a96d6
内部監査,https://www.fe-siken.com/keyword/16/16-1/#524bc50f7fd57b8dfc4d99de32aba9e8c7a36c2a
内部監査規程,https://www.fe-siken.com/keyword/16/16-1/#86099211b742ea625fdfe3b11f755cc8360cf740
内部供給者,https://www.fe-siken.com/keyword/15/15-2/#b24380bf92e895928aae8df18b9be94d5088e083
内部告発,https://www.fe-siken.com/keyword/23/23-4/#13c544e5eabe15f6cb9f8710ca0136ee32c8eb71
内部スキーマ,https://www.fe-siken.com/keyword/9/9-1/#51ec665ccba17df908146a49655a3a3f65ea1127
内部統制,https://www.fe-siken.com/keyword/23/23-4/#3e8673f349772089908a50caa85dc630a1ab15ae
内部統制の限界,https://www.fe-siken.com/keyword/16/16-2/#836a6b6ec02a2019b0b6bb295c2d4e76258e0dfe
内部統制の不備,https://www.fe-siken.com/keyword/11/11-1/#0beff0775aed854f3200200bb66a496abb3f3141
内部統制報告書,https://www.fe-siken.com/keyword/23/23-4/#aabe81d700b65497052aab5cbd0ea58cc4094f96
内部統制報告制度,https://www.fe-siken.com/keyword/16/16-2/#6e998f7f27627347ae925be460d90c26268d6889
内部バス,https://www.fe-siken.com/keyword/3/3-3/#a347a992acae199f29771da737219084d1f3e816
内部犯,https://www.fe-siken.com/keyword/11/11-1/#0f93134df2ea447c0199024ece60b5e59021d2d6
内部不正,https://www.fe-siken.com/keyword/11/11-1/#816602bea303d3eb4518ec3b57aa2ff7d874059c
内部割込み,https://www.fe-siken.com/keyword/3/3-1/#cff7b324c15aec649a1c685c7cf223182d42c10f
流れ図,https://www.fe-siken.com/keyword/2/2-2/#df79bb75e950c5578c3708294744bbe2f45baf18
ナビゲーション,https://www.fe-siken.com/keyword/7/7-1/#8995e07fa2c4b75d42a50675a8ea9e18c49cc34a
名寄せ,https://www.fe-siken.com/keyword/22/22-2/#7351e4f3d08f6e88d1861db1eb5083d99efc2ffe
なりすまし,https://www.fe-siken.com/keyword/11/11-1/#5bf808ea386a1113ff4031abf6338e3e4e3510eb
二項分布,https://www.fe-siken.com/keyword/1/1-2/#9c6bb1272fe080ea939b767b6b8a0bee24ea6ce1
二次的著作物,https://www.fe-siken.com/keyword/23/23-1/#94c91647de4ff4d4e7c51b07b30fc6b8b99604e6
二重脅迫,https://www.fe-siken.com/keyword/11/11-1/#3320c0468c8fa9eeb51a247375f3b806db1a6d8e
二重派遣の禁止,https://www.fe-siken.com/keyword/23/23-3/#f35c6ef307787d1534faccab040dcacd05adc17f
ニーズ・ウォンツ分析,https://www.fe-siken.com/keyword/19/19-3/#f1c2e83adccc75686525ae59604624b34579c7ea
日常点検,https://www.fe-siken.com/keyword/12/12-6/#5b09eb6308c342a3bd4e7d3baaeee715469cd9c4
日程計画,https://www.fe-siken.com/keyword/22/22-2/#f86726f32762638d7dafb41868778390120461cc
入出力詳細設計,https://www.fe-siken.com/keyword/12/12-2/#5a742a681f850bcc4754d1162da930d68af956fe
入出力設計,https://www.fe-siken.com/keyword/12/12-2/#44a3a4223e619b5ad6e091bfcd6295b90303bd69
入出力バス,https://www.fe-siken.com/keyword/3/3-3/#aea53e92605d2046150a693517d5a629526da9db
入出力命令,https://www.fe-siken.com/keyword/3/3-1/#55ef1d2366445dba98526679a9822270e081c623
入出力割込み,https://www.fe-siken.com/keyword/3/3-1/#3baea075bf9fef526aa8ccba089ec909bc61e75f
入退室管理,https://www.fe-siken.com/keyword/11/11-4/#d74c149c931575872340d1d7c9f3a201ce435a64
ニュートン法,https://www.fe-siken.com/keyword/1/1-2/#5eec0923219c4fc091dd3d34316d3112a88888b4
ニューメリックチェック,https://www.fe-siken.com/keyword/7/7-2/#5d0bd9768415aa1e6c5f166a788e024f3c9e5477
ニューラルネットワーク,https://www.fe-siken.com/keyword/1/1-3/#bcaa48c7eaab87c4a6a52c668f2f2f99771ec59a
任意監査,https://www.fe-siken.com/keyword/16/16-1/#5ceb47f38dd221b2e3b9317b3d4486827f04b9b9
人間中心のAI社会原則,https://www.fe-siken.com/keyword/21/21-1/#6853c73e8c4b589036b088bf041a0a7b405144d9
認識,https://www.fe-siken.com/keyword/15/15-2/#1569c6d36da019d3210862beaef6cf474bd1aa41
認証機関,https://www.fe-siken.com/keyword/23/23-5/#91b5c9d6270ab45617c4324e9d5540864f6604a2
認証サーバ,https://www.fe-siken.com/keyword/11/11-5/#020d7549e85d843408f8a0823c56dc020ca8b35e
認証情報の割当て及び管理,https://www.fe-siken.com/keyword/11/11-4/#197ffb9f13b1bbbfa528a340411d256e1ca3a443
認証VLAN,https://www.fe-siken.com/keyword/11/11-5/#7c8c36895b572a1419a1ae971295e141587a91d9
認定機関,https://www.fe-siken.com/keyword/23/23-5/#4b6c12e41f618c1b8b48737f9376f4388e295bd0
認定認証事業者,https://www.fe-siken.com/keyword/23/23-2/#b3c100befe2269f438650e4d89b9a1de002fbe52
盗み見,https://www.fe-siken.com/keyword/11/11-1/#db010f39da04827b6236a1f7b7538f4caa833ad6
根,https://www.fe-siken.com/keyword/2/2-1/#204efde944c5ba077d8666533fa22f5857ed0f6d
ネイティブアプリケーションソフトウェア,https://www.fe-siken.com/keyword/13/13-1/#ba86ad29e81fd8b085367aef454149920fcb0794
ネスト,https://www.fe-siken.com/keyword/12/12-3/#a84687fbb7e6f8fb8d4c418485794fe3493123cf
ネストの深さ,https://www.fe-siken.com/keyword/2/2-3/#0658446de0a55866d639e4e3d40c4aa6c33cafb9
ネチケット,https://www.fe-siken.com/keyword/23/23-4/#885d81c873936114a13c04c93f1b7f3ebc762599
ネットワーク監視,https://www.fe-siken.com/keyword/11/11-4/#f4ba2a81e9f5c93cb3cbcd43599ffb79c58fca60
ネットワーク構成,https://www.fe-siken.com/keyword/10/10-4/#0618637dcfad4bc8a8ba670be2fd1116501c4d6d
ネットワーク構成図,https://www.fe-siken.com/keyword/17/17-1/#05c109f7d0c0b3b1a4d318a192ab5b741183d297
ネットワーク層,https://www.fe-siken.com/keyword/10/10-2/#ef75be2e5f16df32018ffb65beefb1e77af8e3cb
ネットワークトポロジ,https://www.fe-siken.com/keyword/10/10-2/#bf7d2ba1e8c58466c3447746ed17257cda3203aa
ネットワークブート,https://www.fe-siken.com/keyword/5/5-1/#3502e00b5cad1bc65c15fdbc9f4f4a4135c439c2
ネットワークモデル,https://www.fe-siken.com/keyword/9/9-1/#82745ff0557f719b962d8b6bc5ac1647c620bc7b
年間予想損失額,https://www.fe-siken.com/keyword/11/11-2/#97ad84d99abec45965c40ea648a5e5a790132e6a
納品,https://www.fe-siken.com/keyword/12/12-5/#b5148d1b3fdbf45531a5d5d81cbda879c7ac97ff
ノーコードツール,https://www.fe-siken.com/keyword/5/5-4/#f4bd374af48616ae43030558e677ca9de7618510
ノートPC,https://www.fe-siken.com/keyword/3/3-1/#780acc5a3590d1e3e3f8f5730c58494addc826b5
のれん,https://www.fe-siken.com/keyword/22/22-3/#c777428de4fd767db888ece1164c124f5edc87a3
ノンインタレースモード,https://www.fe-siken.com/keyword/3/3-5/#34b1a726e7971825484f8177f49f194c7cd68399
ノンインパクトプリンター,https://www.fe-siken.com/keyword/3/3-5/#7253238bd13faf7ce60869ceacfdf8156b8cf686
ノンバーバルインタフェース,https://www.fe-siken.com/keyword/7/7-1/#e3fe1c78e6613f21787a2eccc416c58aa0d3fbd9
ノンプリエンプティブ方式,https://www.fe-siken.com/keyword/5/5-1/#1dd84007fc85abe732858d20cb9e60fb9905e15b
葉,https://www.fe-siken.com/keyword/2/2-1/#457d1ab014d84bb6c21472c2e6f2c3e5f3576d07
廃棄関連データの保持とアクセス可能性の確保,https://www.fe-siken.com/keyword/12/12-6/#24674700b16aa4a9894b6069394d02c3f030b2fc
廃棄計画などの利用者への通知,https://www.fe-siken.com/keyword/12/12-6/#d93083b986224e1bbfbf55fec561588b500a5c1f
廃棄計画の立案,https://www.fe-siken.com/keyword/12/12-6/#2e0aff59f886d66141a7f4636c4ee4505a074dfc
廃棄物処理法,https://www.fe-siken.com/keyword/23/23-4/#0c161a80f108a9dcf40c4871645a6319b69cb66c
倍精度,https://www.fe-siken.com/keyword/1/1-1/#65def1c7c6dbf876a9f5c205730527ce05d932bf
倍精度浮動小数点数,https://www.fe-siken.com/keyword/1/1-1/#7469aa698634f6202d12de8754fb5bfc0466af63
排他的論理和,https://www.fe-siken.com/keyword/1/1-1/#be4f34886fa358b0797b90c968700e5dbd260690
配置図,https://www.fe-siken.com/keyword/2/2-5/#6f8728662e68a3ebf7dbf2799e11cd39971734b4
ハイパーメディア,https://www.fe-siken.com/keyword/8/8-1/#fd908dd2f4b4b9450bb6b5189dd6d95699240f57
配布情報,https://www.fe-siken.com/keyword/14/14-11/#2f83b10d9b0921dc13c4182ad271ef48f65ddc03
パイプライン,https://www.fe-siken.com/keyword/3/3-1/#4a311fe6f885d233a3aad066f40ae74f19f1658c
ハイブリッドアプリケーションソフトウェア,https://www.fe-siken.com/keyword/13/13-1/#522ac61486b15ddd1ec27ee755f127cdf9c001e3
ハイブリッド暗号,https://www.fe-siken.com/keyword/11/11-1/#122572f1b552c3ec83ef00a47b6a3433fa31975e
ハイブリッドクラウド,https://www.fe-siken.com/keyword/17/17-3/#22c5d62d31611d9534228648a34928fc56f96759
配分問題,https://www.fe-siken.com/keyword/22/22-2/#1669e28d55ef4b56cf86656cb6c59bbd714c16ec
配列,https://www.fe-siken.com/keyword/2/2-1/#1a681e88c81241c8b57b581f649162181a2c8833
パイロット生産,https://www.fe-siken.com/keyword/20/20-2/#d97c163e20eb2dd4ce36f6f6fdddc63b90064f34
ハウジングサービス,https://www.fe-siken.com/keyword/17/17-3/#31af024630873d8973c01238a693d2183cebf808
破壊,https://www.fe-siken.com/keyword/11/11-1/#3f7d40f36c0269261edb5bb326c6f56a5a4009fe
バグ,https://www.fe-siken.com/keyword/11/11-1/#b02c655c021a879329677a3f1085de339e3633a4
パケット,https://www.fe-siken.com/keyword/10/10-1/#203ad50877c8acd0ba3acfd52317e7a376b17b33
パケット交換,https://www.fe-siken.com/keyword/10/10-2/#bc6f30086f09e26df8ffbb90454a082c29a95f41
パケット交換サービス,https://www.fe-siken.com/keyword/10/10-5/#eae1e223a8aa101b2524b5db2385adcc20c0b3c6
パケット交換網,https://www.fe-siken.com/keyword/10/10-1/#03a1b8fad519a8ac8952e11b836baf3b919c35de
パケットフィルタリング,https://www.fe-siken.com/keyword/11/11-5/#dc3c4e76eb1cfaab1aef31207901e459d1f8e44d
バーコード読取装置,https://www.fe-siken.com/keyword/3/3-5/#57493f369e7f07beeaaf52c97dfe54b31c78d766
箱ひげ図,https://www.fe-siken.com/keyword/22/22-2/#438417b724439a6a83d42fabcef9be6f5ef36c7b
ハザード,https://www.fe-siken.com/keyword/11/11-2/#b023141150648d6e5f37ede3853f9e9fb7f1d825
バージョン,https://www.fe-siken.com/keyword/10/10-4/#7b193c28d422de5a13c82986ce5b3f4d444bf110
バージョン管理,https://www.fe-siken.com/keyword/13/13-3/#f2a5d65c681feb40b2ca1f745ebb0a11461c4b00
バージョン管理ツール,https://www.fe-siken.com/keyword/5/5-4/#d487b16ea99e7f89fde0529088bef8958219be7c
バス,https://www.fe-siken.com/keyword/3/3-3/#4018296bb921cb309cc5befe5507906ea64f599a
バス型,https://www.fe-siken.com/keyword/10/10-2/#620c9e2354853a8f54d3ef4e021448f77d31ca23
バスタブ曲線,https://www.fe-siken.com/keyword/4/4-2/#573e95de3c9a31dd9a60ca3200c051d515f75dd3
バスのアクセスモード,https://www.fe-siken.com/keyword/3/3-3/#e9d548bd0991f38b6155aca96ec2a6fa32d4ee3b
外れ値・異常値・欠損値の処理,https://www.fe-siken.com/keyword/22/22-2/#45788c0574b335d320b51705e7645cbe8afefbd0
パスワードリスト攻撃,https://www.fe-siken.com/keyword/11/11-1/#1f5421410566b91f35d0b2005ddfb528a9740757
パスワードレス認証,https://www.fe-siken.com/keyword/11/11-1/#ba195312e238389de60a1b7ec5acd0c434ea8f30
パーソナルコンピュータ,https://www.fe-siken.com/keyword/3/3-1/#afecc2603d07f64d080a95a613535c4944f1a713
パーソナルデータ,https://www.fe-siken.com/keyword/22/22-2/#7f7eede4eb7d522c55b3f217ca8342374259567a
破損,https://www.fe-siken.com/keyword/11/11-1/#eedb8cb0926b30547c20cc8620489a3e06a78376
パターン発見,https://www.fe-siken.com/keyword/22/22-2/#dc76367e0147f6c30c40a3efcdfff03a067ed46d
パターンマッチング法,https://www.fe-siken.com/keyword/11/11-4/#7249c991f2473779f4c93caff86fc5bacab77323
パターン文字列,https://www.fe-siken.com/keyword/9/9-3/#82c59babc758c789248285f62e57a335873c080e
バーチャルサラウンド,https://www.fe-siken.com/keyword/8/8-2/#ae19a4fbdb5127be2d48be83447c26d73d4bb4e1
ハッカソン,https://www.fe-siken.com/keyword/20/20-1/#4378d7b7802d138bcd20880330a5538403bfdace
バックアップ,https://www.fe-siken.com/keyword/15/15-4/#8f38c88202af0b87ab6295c606a59fc35f97adf2
バックアップサイト,https://www.fe-siken.com/keyword/4/4-1/#085e5c8ddb7f380e7216171f17925acb0f674b83
バックアップによる対策,https://www.fe-siken.com/keyword/11/11-2/#35107b480c556b8bf8c9ab9ab33f5fd8757e92b8
パック10進数,https://www.fe-siken.com/keyword/1/1-1/#b313ae1d4af1d15a75e87f52d0b390cefa4847a2
バックドア,https://www.fe-siken.com/keyword/11/11-1/#5588bcfa92463f2b302d23a3343bcefb425847d2
バックプロパゲーション,https://www.fe-siken.com/keyword/1/1-3/#ec503cb0a70eb14067a4ff4fef67fd2242e9fe2a
パッケージ,https://www.fe-siken.com/keyword/12/12-2/#cb0581d4a2a94bd46551b353be8ea63589030e1d
パッケージ図,https://www.fe-siken.com/keyword/2/2-5/#e6895ae0b0018e940d7ba2c6780f3cff4ec55d85
パッシブモード,https://www.fe-siken.com/keyword/10/10-5/#ba6eb5e072c661dcf138bd5453775b1efd4fa381
ハッシュインデックス,https://www.fe-siken.com/keyword/9/9-4/#f22784255c3cfa5a20768174364c3d41589f31ed
ハッシュ関数,https://www.fe-siken.com/keyword/11/11-1/#85983972d9fc918890552a9e6fe182d5232751f0
ハッシュ表探索法,https://www.fe-siken.com/keyword/2/2-2/#8a68f04e1eb5ce706109e7d5a403d2081c3ffd30
罰則の規程,https://www.fe-siken.com/keyword/11/11-2/#d75cde0c16893b6b5450d875f8de1d1f176a68a9
バッチ処理,https://www.fe-siken.com/keyword/4/4-1/#10d0bae525b5a77b4bd592c77556ac95611959e4
発注点,https://www.fe-siken.com/keyword/22/22-2/#312c1843aea64f7a65a0b7b2320553a45e777646
バッファオーバーフロー攻撃,https://www.fe-siken.com/keyword/11/11-1/#a4f31d2448f30bbe97320d2aa610be00523dfd84
バッファオーバーフロー対策,https://www.fe-siken.com/keyword/11/11-5/#1bf0a006c78271bc599679a18b29d679edec85a7
発明,https://www.fe-siken.com/keyword/23/23-1/#d3ef43dfd5a8771f85dd128b579dd7645cd7dd8f
ハードウェア構成図,https://www.fe-siken.com/keyword/17/17-1/#a91277179fdd05cbfff27120fb79bc1e252b2c6d
ハードウェア構成品目,https://www.fe-siken.com/keyword/12/12-2/#95529014996a2119f1fc850be012a242f6eebacd
ハードウェア障害,https://www.fe-siken.com/keyword/5/5-1/#14030ceed42a492bf6dafc9fbbc6b25aef6c93bb
ハードウェア保守,https://www.fe-siken.com/keyword/12/12-6/#1ece76b06d5e523ccf24ab9b0ec427e3f06b412c
ハードウェア要素,https://www.fe-siken.com/keyword/12/12-2/#7c049507766c6b5ee32000000570a6736c0f9029
パートタイム労働法,https://www.fe-siken.com/keyword/23/23-3/#ef5be475c1b35574212ea28218e311e15565ecef
ハードディスク,https://www.fe-siken.com/keyword/3/3-2/#b9c035f24367dbf7bf340c0f81d630c53a546d38
ハードディスク装置,https://www.fe-siken.com/keyword/3/3-5/#ab4b57caa9b6d2fd1971363e3a3d426f8f50ea16
バナー広告,https://www.fe-siken.com/keyword/19/19-2/#eb19553d48317f82cd68ce05fd26f4eafc2b2a14
ハニーポット,https://www.fe-siken.com/keyword/11/11-5/#1bca7b13ad502a2a4ad82affca08177481034212
幅優先探索,https://www.fe-siken.com/keyword/2/2-1/#f4a3acaa282817f17a6d74a5b5de10cdbc0c89e3
ハブ,https://www.fe-siken.com/keyword/3/3-4/#1b4d1a07fa3683fa7b47b48f14098af19202c29c
パフォーマンス,https://www.fe-siken.com/keyword/15/15-2/#6e9c211d064f520215d51dc406732e5654fcbe12
パフォーマンス評価,https://www.fe-siken.com/keyword/11/11-2/#a39a4d515d85284e6eb5c3075588e80a1027d786
ハプティックデバイス,https://www.fe-siken.com/keyword/3/3-5/#d701d1722d66d4b1abaa68355751206afe818301
ハフマン符号,https://www.fe-siken.com/keyword/1/1-3/#8d2046afbf67e84516900ec737dd71715832192b
パブリッククラウド,https://www.fe-siken.com/keyword/17/17-3/#a8717537dbb52c3e3f5723c3596a949960cbe806
パブリックドメイン,https://www.fe-siken.com/keyword/23/23-3/#6b21663a9f9265d55651554980d9077c4e5deab0
バブルソート,https://www.fe-siken.com/keyword/2/2-2/#c49550925126cd1a499d4bff8ee8cae46786dee7
パーミッション要求,https://www.fe-siken.com/keyword/13/13-1/#2fea580294979d6874f5c0b6601f47570d0901a9
ハミング符号,https://www.fe-siken.com/keyword/1/1-4/#3913a98728ca7331878badda9ce709ccc6cb0343
パラメトリック見積り,https://www.fe-siken.com/keyword/14/14-6/#bd5cee515e6cbc6604df0eb1c194d1d513fd5178
パラレルデータ転送方式,https://www.fe-siken.com/keyword/3/3-4/#7b399428581c71a4016af18fc136066b8d4a8cd3
パラレルバス,https://www.fe-siken.com/keyword/3/3-3/#8b188897bf329ba72126cc5b371f64760259ecfe
バランス木,https://www.fe-siken.com/keyword/2/2-1/#4962fa9b499ff4de48d1a3b07d2ee55e04a8c895
バランスチェック,https://www.fe-siken.com/keyword/7/7-2/#e09d2c6957533f0cb1316e6e49e829cbe8754c57
パリティ,https://www.fe-siken.com/keyword/4/4-1/#bda6d66bb3fefad04a2bc222fd375d1d57ba8fa5
パリティチェック,https://www.fe-siken.com/keyword/1/1-4/#15e36cdad7aa042cda050fe3f1190f8245b83130
バリューエンジニアリング,https://www.fe-siken.com/keyword/19/19-3/#721f1315afdd4a9e559fd7bd742afa7e3f6fcc39
バリューチェーン分析,https://www.fe-siken.com/keyword/19/19-1/#de98fdd50c188564f74407bcf4f37eb91890f76b
バリュープライシング,https://www.fe-siken.com/keyword/19/19-2/#b0c4480b1227f8b3bfd3b5683cc8515392dc2c93
バリュープロポジション,https://www.fe-siken.com/keyword/19/19-2/#0a7bf7665b10d42a910bd2210db59ecc0ef057ce
パレート図,https://www.fe-siken.com/keyword/22/22-2/#0f96e6b2b9da2c193796bf3e5613ea0d1c24e19b
パレート分析,https://www.fe-siken.com/keyword/22/22-2/#003a8d0d86ee7acf73a9b188e4c68807ebfb7a49
ハロー効果,https://www.fe-siken.com/keyword/22/22-2/#b89816a9542ac49c22d38037c98bc209c05c3bf0
範囲の経済,https://www.fe-siken.com/keyword/19/19-1/#a05c85333bf4e5509e875ed57460cb0647a4b297
汎化,https://www.fe-siken.com/keyword/1/1-3/#fff8083e1abbf309a7114f0bbddaa240e51a0a1d
汎化性能,https://www.fe-siken.com/keyword/1/1-3/#cfbe08363940bf916825014295ebcc9753c022c1
半構造化データ,https://www.fe-siken.com/keyword/9/9-5/#58d69d0480fe698f31893c0a1f20fd36479fb957
判定条件網羅,https://www.fe-siken.com/keyword/12/12-3/#ac1667ff457f1a70f1be39ecd0ff8a26cc4e3299
ハンドオーバー,https://www.fe-siken.com/keyword/10/10-5/#0daf177a6f4bee3eb16b1cb291733a8692359c51
バンドワゴン効果,https://www.fe-siken.com/keyword/22/22-2/#41fbabfe3445b19d8ab273bd1c9e267893f15d62
半二重,https://www.fe-siken.com/keyword/1/1-4/#c2b07449353e013eed6e8ece7ef1d748f82d3833
販売管理,https://www.fe-siken.com/keyword/21/21-1/#b8301778dcc9ceae4a6a1b137c9b346ceff8abd6
販売費及び一般管理費,https://www.fe-siken.com/keyword/22/22-3/#b2b0eb976507813556b899a0978dcd68407c5a82
汎用AI,https://www.fe-siken.com/keyword/21/21-1/#65e0935dfc51852d232e7644acb9492b21d15767
汎用コンピュータ,https://www.fe-siken.com/keyword/3/3-1/#c724bfbe5c9bc0ba25840a1f84322d28d1f26d81
汎用レジスタ,https://www.fe-siken.com/keyword/3/3-1/#c1cee7a6f9e48eada34052eb0095efc7d71e661b
ピアコードレビュー,https://www.fe-siken.com/keyword/12/12-3/#26fe8402fce97229a490757fcf69306d83d8a4e7
ピアツーピア,https://www.fe-siken.com/keyword/4/4-1/#33ea22caced65383a37c1d406976bd45ac403490
ヒアリング,https://www.fe-siken.com/keyword/12/12-1/#0d7be9c43229c4f963e41418129dee2217f545c9
ピアレビュー,https://www.fe-siken.com/keyword/12/12-2/#e59eb9a7b5e4d4cac793c5018d429d0af3045d90
被害状況の調査手法,https://www.fe-siken.com/keyword/11/11-2/#d76e634b2738738d7f89e206dc3842640b5c4f59
非可逆圧縮,https://www.fe-siken.com/keyword/8/8-1/#4139c705ccf6936994297facb39c8e0cbc060589
比較演算,https://www.fe-siken.com/keyword/2/2-3/#1ec7ab18cdd75645a63a3f9ea70a72d8fc877e6e
比較命令,https://www.fe-siken.com/keyword/3/3-1/#4bf205ebcccd1a56fd4645ac3ddd171311661522
光の3原色,https://www.fe-siken.com/keyword/8/8-2/#38b7b9f55b3df481e35aa48a08f0ce9b4650fb2c
光ファイバケーブル,https://www.fe-siken.com/keyword/10/10-1/#aaa79e51c6c6cbe6a90f9838fd82a356be747317
引数,https://www.fe-siken.com/keyword/2/2-3/#539b3b56c5643ac57948f75a54ca7d7a7e364cc7
非機能要件,https://www.fe-siken.com/keyword/12/12-1/#9fa34a7f92aa828fef4383af4d45ef51d27ed67e
非機能要件テスト,https://www.fe-siken.com/keyword/12/12-4/#2fc1daf7834bef40c2b36b9683c71752f7a5419a
非享受利用,https://www.fe-siken.com/keyword/23/23-1/#06a8f8dabd82a3f1bda81e07f980617e3d0019c3
ピクトグラム,https://www.fe-siken.com/keyword/7/7-2/#fda1a8ed244d861d153c2e8ca5ed7ac581f67b53
非構造化データ,https://www.fe-siken.com/keyword/9/9-5/#13d3481c8a7b183dcaefc85c9eee5c7bbcd061bf
ビジネスと人権,https://www.fe-siken.com/keyword/23/23-4/#f0296556da86e08851c907f3db021fb1fdcc9419
ビジネス方法の特許,https://www.fe-siken.com/keyword/23/23-1/#4c611d831362912e4c5f7dc67b6738e98307b454
ビジネスメール詐欺,https://www.fe-siken.com/keyword/11/11-1/#9e209cbfaed54fcfce20f6457311c433fbb31f21
ビジネスモデル,https://www.fe-siken.com/keyword/17/17-1/#b0d61f951c538950116234b5c1539c1872a98a2c
ビジネスモデルキャンバス,https://www.fe-siken.com/keyword/19/19-3/#529391a4b96be25da91d80657123cc462d4b9bad
ヒストグラム,https://www.fe-siken.com/keyword/22/22-2/#57cdca78cc2c456a7b3b16a4731a5520e8b23b37
ひずみゲージ,https://www.fe-siken.com/keyword/1/1-5/#1cd31bef18fe45f0beb7481d4843cbf489783da9
ビッグデータ,https://www.fe-siken.com/keyword/9/9-5/#02f614a329c6aa88565a5998f92a21fb3d9702b5
ビット誤り率,https://www.fe-siken.com/keyword/10/10-1/#1d073375fbf063cb3c45f5d25d4eded2e7529109
ビット演算,https://www.fe-siken.com/keyword/2/2-3/#c5ffd9eeddd6115b93794c7934e884d42d46769c
ビット同期,https://www.fe-siken.com/keyword/1/1-4/#77832aa4a7772cc0069f06e89772390ac4ffb498
ビットマップインデックス,https://www.fe-siken.com/keyword/9/9-4/#9d04c700689773cf36469192d19e17d70983e983
日付型,https://www.fe-siken.com/keyword/9/9-3/#ec4c19270ef0f4f4331dfd48b98163739fc0825c
否定,https://www.fe-siken.com/keyword/1/1-1/#2b5ec87e3f13a37d021469f5e3bc0dd60231f9d8
否定論理積,https://www.fe-siken.com/keyword/1/1-1/#5124a922a69852b430d9d9d06364b787dbb53bef
否定論理和,https://www.fe-siken.com/keyword/1/1-1/#bd20165974ae659eccc18a8b703f895695ff98a6
ビデオオンデマンド,https://www.fe-siken.com/keyword/8/8-2/#9bcbb5e1a1543b4e83b0f6b4bc1c6681d06bfdfb
秘匿化,https://www.fe-siken.com/keyword/11/11-4/#97c7517fc5dd9e4ec57bcd1228b126d3298c253a
人の行動ログデータ,https://www.fe-siken.com/keyword/22/22-2/#a31233431b9c29a6012e4c76d3bea8a094d23cc6
ヒートマップ,https://www.fe-siken.com/keyword/22/22-2/#f67dc1f9c9b7f97a521e7368f331614af0082f3d
否認防止,https://www.fe-siken.com/keyword/11/11-1/#c46466479efee58b776e389951b7d14e42209571
非NULL制約,https://www.fe-siken.com/keyword/9/9-3/#382fddcb5b8807a2810f4a7b5ab7868e3c5dc51d
ヒープソート,https://www.fe-siken.com/keyword/2/2-2/#f0690621ad90eb7afc8e28282ad336517e1098c4
微分,https://www.fe-siken.com/keyword/1/1-2/#c28531d5b09c1c6f5c1480b626b389c6fe0703b8
ビヘイビア法,https://www.fe-siken.com/keyword/11/11-4/#e4c293c7a94f0476fb6e7f2c787d8722475c0617
秘密情報管理規程,https://www.fe-siken.com/keyword/11/11-2/#cfa5a24d16e98a1c5efb97cbb0049fdccb39f01d
秘密保持契約・誓約書,https://www.fe-siken.com/keyword/11/11-4/#985dae6b29e35455e6a02e93868eeb694a99ad63
ヒューマンインザループ,https://www.fe-siken.com/keyword/21/21-1/#dd8f245dd69a9b90f7107f13c6060903f0f37457
ヒューマンインタフェース,https://www.fe-siken.com/keyword/7/7-1/#12b3c301fd9ee68d3280834748e7c30beea5aaa0
ヒューリスティック評価,https://www.fe-siken.com/keyword/7/7-2/#3413d3bd792d80e2281a40df4923026235a9a415
ヒューリスティック法,https://www.fe-siken.com/keyword/11/11-4/#d81e669babb7f7048630fd64ebe0c28ac3f9dd55
表意コード,https://www.fe-siken.com/keyword/7/7-2/#8b65e182a21c6e256893ac72db63e88c5820c1b9
評価方法,https://www.fe-siken.com/keyword/11/11-3/#ed4055b85b97786c8031b60fee05958a87dde657
標準化,https://www.fe-siken.com/keyword/13/13-1/#00da5d82f0f823f8a170e3ba22fe291540ebfa1f
標準化戦略,https://www.fe-siken.com/keyword/20/20-1/#059bf873bfbabfd693a2b794431117b483e34f1a
標準偏差,https://www.fe-siken.com/keyword/1/1-2/#12c4149726c4db5061605b95abffa5776558b6df
標的型攻撃,https://www.fe-siken.com/keyword/11/11-1/#92cc2ebf372c6ecb9bf7c51a33e5c7196609c62c
費用,https://www.fe-siken.com/keyword/12/12-1/#a9ef3e6efac184c761ff3156d5f4b94718311f23
費用便益分析,https://www.fe-siken.com/keyword/14/14-9/#7d7ffcc670e35a8d0ddfac3cfb7d87875fec67d1
品質管理,https://www.fe-siken.com/keyword/14/14-1/#48d87f8457efe9015b50ed166227bf85d1e55297
品質管理の遂行,https://www.fe-siken.com/keyword/14/14-9/#0edab67ebbe84e8a2b3dc6b327808b411e523ce4
品質機能展開,https://www.fe-siken.com/keyword/22/22-2/#c38dbb36d19a2bb1020b53edf966f9f7f7d60ea8
品質計画,https://www.fe-siken.com/keyword/14/14-9/#252d76aadadfb50de2f5229d2561e67a4b06c9b3
品質統制フレームワーク,https://www.fe-siken.com/keyword/17/17-1/#4ba216ae84abecdae8ecc4b26cc1c0f93fc2ce3a
品質特性,https://www.fe-siken.com/keyword/12/12-1/#ab1a3fb4c3ef98f2fc52a3b98df04a36a6fd9561
品質の計画,https://www.fe-siken.com/keyword/14/14-9/#f74966eb4ce57bdedddf89dfa619372c00fa7251
品質の対象群,https://www.fe-siken.com/keyword/14/14-1/#0d130fbb1f0c9996214e4703f35afa91afdf9f6a
品質保証の遂行,https://www.fe-siken.com/keyword/14/14-9/#d7b3e8c9935a67a27540440dc341ca17d7f344c6
品質要求事項,https://www.fe-siken.com/keyword/14/14-9/#a5759ea324627ac44143881054a8f1533b23806b
品質要件,https://www.fe-siken.com/keyword/12/12-1/#473caa3570b4b3de9825e190fa1b28a73b311e23
ファイアウォール,https://www.fe-siken.com/keyword/10/10-1/#78a668a558f690f9f3a202431642e368ef9ecfc8
ファイル,https://www.fe-siken.com/keyword/9/9-2/#6422db7e92b5a03142b2fdb8468eb081a5944a38
ファイルアクセス権,https://www.fe-siken.com/keyword/5/5-1/#b4a26c00de80ae42c30c756150bfedb59dfd965c
ファイル暗号化,https://www.fe-siken.com/keyword/11/11-1/#50e1455175a06e176f85418e39a3c515dfb37808
ファイルの統合,https://www.fe-siken.com/keyword/12/12-2/#a8908ce11f2fc146082ab842c553a65a48bdfbc7
ファイルレスマルウェア,https://www.fe-siken.com/keyword/11/11-1/#cfd1ca5618d71182776c78848483652f181869d0
ファインチューニング,https://www.fe-siken.com/keyword/1/1-3/#2807275cf06bb9afb0f30f400749eb40592b8c49
ファクトチェック,https://www.fe-siken.com/keyword/23/23-4/#fb1404e0478fc8674db6fb28828f29a39f16aeda
ファシリティマネジメント,https://www.fe-siken.com/keyword/15/15-5/#9c46381c0c711e706d6d1c5258a8556cc35dd77e
ファシリテーション,https://www.fe-siken.com/keyword/18/18-2/#464a3b1efe9e66b3a87eb81c20dda7d579a78078
ファジング,https://www.fe-siken.com/keyword/12/12-4/#b667ac76c4e60a46c6aeda5def1ac0787f83cb44
ファストトラッキング,https://www.fe-siken.com/keyword/14/14-6/#e16cde46f07b25681425a3d8fd9b093dc73bfbe5
ファームウェア,https://www.fe-siken.com/keyword/21/21-4/#d9f15f52ca69af6ddda9dc2c51eefd160391e1ca
ファンクション層,https://www.fe-siken.com/keyword/4/4-1/#283f38345f8cb607c4a395c8e89e97715c979822
ファンクションポイント法,https://www.fe-siken.com/keyword/14/14-7/#11efee4f78e6bcc9c6765430bf904c47824d4155
フィッシング,https://www.fe-siken.com/keyword/11/11-1/#843cf2c3a0b880bd36e5318929aa5e0946ae68f3
フィードバック制御,https://www.fe-siken.com/keyword/6/6-1/#7065dfb1d551864c7043f4281fec399683d76c79
フィボナッチ数列,https://www.fe-siken.com/keyword/1/1-2/#26d91847c6eb44b5c892aeeeb4c5e7d98f7a0413
フィルターバブル,https://www.fe-siken.com/keyword/23/23-4/#d93d071aad89dd725780955c3e5de56ef42bfdec
フィルタリング,https://www.fe-siken.com/keyword/1/1-5/#054ca96250b992bb5aba84fb6f7157574b6ce502
フィールド,https://www.fe-siken.com/keyword/9/9-2/#b67d4913ef0e2500de153965c96ab56ab69bbd92
フィンテック,https://www.fe-siken.com/keyword/21/21-3/#70168d5e71a7cd4c29fd170f9488653b699260a3
フェイクニュース,https://www.fe-siken.com/keyword/23/23-4/#a3ebab9d7e17010a18f7ce3aa0165d8c32e86a1f
フェールセーフ,https://www.fe-siken.com/keyword/4/4-1/#8ebb607ff20f4ce890e21d4d94c95e7a02a4d388
フェールソフト,https://www.fe-siken.com/keyword/4/4-1/#52c0d8057580db09ab5711e0b02020bf0b915270
フォーカスグループ,https://www.fe-siken.com/keyword/22/22-2/#997b9777cac15a7d753ae75d668ad026f6387069
フォーマットチェック,https://www.fe-siken.com/keyword/7/7-2/#56d75d275ea5e344dc22712f540ef6315adf3f4d
フォーム,https://www.fe-siken.com/keyword/9/9-3/#f90ebd6d038312528510616ac59d8e3d2ecc6f8b
フォームオーバーレイ,https://www.fe-siken.com/keyword/7/7-2/#58757fcdfde43737f3c42d8beea8950b09348a68
フォーラム標準,https://www.fe-siken.com/keyword/23/23-5/#abf5b3aae63289bc9f8e186c64b856306eb42075
フォールスネガティブ,https://www.fe-siken.com/keyword/11/11-4/#4b9c6e21725cd9aa5fd49b544f8d62396de860bf
フォールスポジティブ,https://www.fe-siken.com/keyword/11/11-4/#980c117567a12141d5a32a44cb267aa155b3cf01
フォールト,https://www.fe-siken.com/keyword/4/4-1/#e10ad6ff0d73ff5744ea6a850e01ee9a2c67ed9b
フォールトアボイダンス,https://www.fe-siken.com/keyword/4/4-1/#90ff59fbed77f186ba9472b32d546685ff664dfd
フォールトトレラントシステム,https://www.fe-siken.com/keyword/4/4-1/#99bf983276ff24da9e035555d68e68877b82c198
フォールトマスキング,https://www.fe-siken.com/keyword/4/4-1/#12616d2a2c355bc39b02300a19d05d7f868485b7
フォローアップ,https://www.fe-siken.com/keyword/16/16-1/#e6aadbbe1acccd0f070f3f0f269e3449775cfe1c
フォローアップ報告書,https://www.fe-siken.com/keyword/16/16-1/#c823f41ebe946d4804ed1990cb15b1c3d04fc9b6
深さ優先探索,https://www.fe-siken.com/keyword/2/2-1/#fbb50ca21dfd95e14944dececa54f6631461ca91
負荷テスト,https://www.fe-siken.com/keyword/12/12-4/#34be1cf251e60fdb801d3ffdf2c3eb70a8ca8949
不具合の根本原因,https://www.fe-siken.com/keyword/12/12-5/#28f8d319141396f44f53725ec8bfcde72399aa48
複合グラフ,https://www.fe-siken.com/keyword/22/22-2/#4377e51ed22fdfaa3fda9c49ce8be166579bcfd6
複数条件網羅,https://www.fe-siken.com/keyword/12/12-3/#a9d7bbd975bc5af4d3c1a465da10057d567fa2e3
不正アクセス,https://www.fe-siken.com/keyword/11/11-1/#8ee07a2f62bd092a599b68e95a2e3d2d69570d73
不正アクセス行為,https://www.fe-siken.com/keyword/23/23-2/#d77d45c392e68280076259ca0ae9b7d8fd265e56
不正アクセス行為を助長する行為,https://www.fe-siken.com/keyword/23/23-2/#2dd8306bd797d3fa504dad533806fc2958117ce0
不正アクセス対策,https://www.fe-siken.com/keyword/11/11-4/#4813ae2b1602ce5e7ea23547cf1861c0451ade61
不正競争防止法,https://www.fe-siken.com/keyword/16/16-1/#34fbb572365ce21812e2c092965f6e903ce5543f
不正コピー,https://www.fe-siken.com/keyword/13/13-3/#dffe5caae37512153a671f2d22c9d731902e527b
不正指令電磁的記録に関する罪,https://www.fe-siken.com/keyword/23/23-2/#26e2bf528d7e812028e96784717cd966681797c1
不正のトライアングル,https://www.fe-siken.com/keyword/11/11-1/#8009174e77dc7569a6807fe666882ea0e095f490
不正利用,https://www.fe-siken.com/keyword/11/11-1/#ec9c6ba7173f9af1ed673c2f00c418e56b722564
復旧,https://www.fe-siken.com/keyword/15/15-2/#109bc117307a0b725f99ae6a57b6bcc06bffa341
復旧計画,https://www.fe-siken.com/keyword/11/11-2/#06afd62cccf67e6cf1b6711b2a5719635618f743
復旧措置,https://www.fe-siken.com/keyword/10/10-4/#0deb7ab3d3774d43358dee4358763931fba830fe
プッシュ,https://www.fe-siken.com/keyword/2/2-1/#df2ebc181cf93ad8af515ded920611d9d229e6af
プッシュ型コミュニケーション,https://www.fe-siken.com/keyword/14/14-11/#005ed9d3d53f8c9b6d50e3374facad0795801e4b
プッシュ戦略,https://www.fe-siken.com/keyword/19/19-2/#96d5153af71255130fc396db0986cd5e1b9cb416
フットプリンティング,https://www.fe-siken.com/keyword/11/11-1/#82cec8693dd1b27d711626b8b64c1f7ee696ef48
物理アドレス,https://www.fe-siken.com/keyword/10/10-3/#211a4421405d5bc742c9f15e492c9efbb135ad0d
物理層,https://www.fe-siken.com/keyword/10/10-2/#3b58c8cfe6ded0ab2e5981a97c360e8df85399b4
物理的管理策,https://www.fe-siken.com/keyword/11/11-2/#3b073b593bffa78718b6d572b9a45dcfc2144fe7
物理データモデル,https://www.fe-siken.com/keyword/9/9-1/#b2cef64cca98bc430ef38f25228e5f777dcae7e0
物流情報システム,https://www.fe-siken.com/keyword/21/21-1/#5410ff72263257e275cee7cdce46a1afa0e580d5
不適合,https://www.fe-siken.com/keyword/15/15-3/#6ff958684a8b71c72aa442a7ad0b59df1df18ba8
ブートストラップ,https://www.fe-siken.com/keyword/5/5-1/#8565cdd640f2440040be7342d104f51a400eca25
部品,https://www.fe-siken.com/keyword/12/12-2/#a7a7300866054715f88e3a2633f2939fac01a6e6
部品化,https://www.fe-siken.com/keyword/12/12-2/#8d353eefa0089bf309b4ba01dd961ab59c37a759
部分関数従属,https://www.fe-siken.com/keyword/9/9-2/#c430ba64f506e79e559e23a327f0b8654b3ac2d8
部分集合,https://www.fe-siken.com/keyword/1/1-1/#93d8d5d6eba00300170f3cf41d56c49dd165f622
踏み台,https://www.fe-siken.com/keyword/11/11-1/#2a8ec9a070690f202cde77cf67359b5c1aa544c6
プライバシーバイデザイン,https://www.fe-siken.com/keyword/11/11-1/#a7597ce6c22d6cee10b358b0f197938bcfae5fb1
プライバシーマーク,https://www.fe-siken.com/keyword/23/23-2/#71384598a9f59d03c094994535db7de6b272027c
プライバシーマーク制度,https://www.fe-siken.com/keyword/16/16-1/#be2ccf69d501f2a66344e2fbb40c57195e5b3f1b
プライベートIPアドレス,https://www.fe-siken.com/keyword/10/10-1/#b488f87de845b438c66df958d80104080f1c1e3a
プライベートクラウド,https://www.fe-siken.com/keyword/17/17-3/#5380d41f3a71fb7003dd42ee5a326cd9f0b1a33c
フラグ同期,https://www.fe-siken.com/keyword/1/1-4/#66d4c383b5e01382355895fcc5dac943fefc6c75
ブラックボックステスト,https://www.fe-siken.com/keyword/12/12-2/#580f20845c2c225a37d7b505f93f92c0f24c4931
フラッシュブートローダ,https://www.fe-siken.com/keyword/5/5-1/#ef6824bc887737f0af340f16fcfcc2190adc5921
フラッシュメモリ,https://www.fe-siken.com/keyword/3/3-2/#a1a0f4d5b240b2f47d38849fcd1accc994404143
フランチャイズチェーン,https://www.fe-siken.com/keyword/19/19-2/#d13e8e58c2c047464de8428a334360082c590374
ブランドアイデンティティ,https://www.fe-siken.com/keyword/19/19-2/#2e8dd70a5e10a189ff3e610d2fb681379bf8c400
ブランド戦略,https://www.fe-siken.com/keyword/19/19-2/#102ea051bc990a80ca9c2c3c496807556d6bbfd6
ブランドプロポジション,https://www.fe-siken.com/keyword/19/19-2/#36e2224a2b616611642f9f6c1c424a0c70d896ff
プリエンプティブ方式,https://www.fe-siken.com/keyword/5/5-1/#63e61b887d285c647b46d15ee140ce6820af6eae
ふりかえり,https://www.fe-siken.com/keyword/13/13-1/#a6c4e54d4fed7c64ea3481d9895251fb63ea8c8e
フリーソフトウェア,https://www.fe-siken.com/keyword/23/23-3/#7a7819730f43e0d48b137cb16a3b4e09d6d9bddf
ブリッジ,https://www.fe-siken.com/keyword/10/10-2/#b7e8bf45c6f532970326a49ccd4d7a94c95995ed
フリップフロップ,https://www.fe-siken.com/keyword/6/6-1/#ebfbefd7846e6b00afe53c15d7562587575d2df0
プリプロセッサ,https://www.fe-siken.com/keyword/5/5-4/#2b78de41ad80ce851d150442be42f0ba84adf887
不良率,https://www.fe-siken.com/keyword/22/22-2/#9aa3f8f1f94d1eae32a55770b1d93e143d36e701
不良率推定,https://www.fe-siken.com/keyword/22/22-2/#4c0168c6dd26c3ca60b733c36fc61ea842035397
フリーランス・事業者間取引適正化等法,https://www.fe-siken.com/keyword/23/23-3/#d0fe71c000ed2364b2f3a013e418e73c79cc232c
ブルーオーシャン戦略,https://www.fe-siken.com/keyword/19/19-1/#e6a357b1a59ce1cefb5dffc8b6fd39bb18169af7
プル型コミュニケーション,https://www.fe-siken.com/keyword/14/14-11/#c34a01ef92fd9d95a5ed5c4643591c092a2d23d7
プル戦略,https://www.fe-siken.com/keyword/19/19-2/#f8e824b839117f33c53d54bbebfe1a38f6fb2aea
プルダウンメニュー,https://www.fe-siken.com/keyword/7/7-1/#e39b73b693e621438e87cc95b171bcd582cc0319
フルバックアップ,https://www.fe-siken.com/keyword/5/5-3/#06ef7c54d43d280942efd39708cc6f2633e2c7a9
フールプルーフ,https://www.fe-siken.com/keyword/4/4-1/#af3b779da243274d1289cf07dbac5cdbf64c1b05
ブルーレイディスク,https://www.fe-siken.com/keyword/3/3-2/#3c7e11c72f7d9bfbd8a9fc9d0d9be6a683d2ba0d
ブルーレイドライブ,https://www.fe-siken.com/keyword/3/3-5/#9c3ccb02e72c7f79452226440fe8b365cc6483ae
ブレークポイント,https://www.fe-siken.com/keyword/12/12-3/#7d23c30a70d219fa87cb3d8976396a8732d343ac
プレゼンテーション層,https://www.fe-siken.com/keyword/4/4-1/#049336c3cca1dd0dd86e140377c5b32723b6bccc
プレゼンテーションマッシュアップ,https://www.fe-siken.com/keyword/13/13-1/#6d4ece306242d1b77a205189ad18359ec72c5d6a
フレックスタイム制,https://www.fe-siken.com/keyword/23/23-3/#cc13df7e2892ca9f6301d5fd260f626a0533db88
フレーム,https://www.fe-siken.com/keyword/7/7-2/#235374a08501b5f4243825429c31619020ee2554
フレーム同期,https://www.fe-siken.com/keyword/1/1-4/#2cfccc4cfca010fce839186c27279e8b3c18a57d
フレーム問題,https://www.fe-siken.com/keyword/21/21-1/#431e176f1694c601d58df3cac1303a5cadf52573
フレームレート,https://www.fe-siken.com/keyword/8/8-1/#20012efc26958d58b8234bba8f335d37a1476326
ブレーンストーミング,https://www.fe-siken.com/keyword/22/22-2/#03bde16a5acc7aafffd34209b3ca00df0d4a73b6
ブレーンライティング,https://www.fe-siken.com/keyword/22/22-2/#67aa518cd78e2434b1cb3c1440451e8e07be1c41
プロキシサーバ,https://www.fe-siken.com/keyword/10/10-2/#db5ca3124baa2b8e254abd6efa074975ed2e3cce
ブログ,https://www.fe-siken.com/keyword/21/21-3/#48716572b3f6f0d11559d1357447d4cfedf964b0
プログラミング,https://www.fe-siken.com/keyword/2/2-3/#a063da1b9cf937404390384409436cd4be4d1879
プログラム言語,https://www.fe-siken.com/keyword/12/12-3/#c5bdc7b5e7cc558019d4ddcdf10b84f5fb8dfe10
プログラム制御方式,https://www.fe-siken.com/keyword/3/3-4/#e6a66a18bda63e3af688c4565f4bddbd912903aa
プログラムの機能適合性・性能効率性・使用性・保守性の向上,https://www.fe-siken.com/keyword/2/2-3/#415b6b6800c817782baaa4a1aa340a2a23e6dd65
プログラムの著作者,https://www.fe-siken.com/keyword/13/13-2/#c68753afcce2987d93bb7ffa25359bee730d2dd6
プログレッシブエンハンスメント,https://www.fe-siken.com/keyword/7/7-2/#cab7f77d51e4e163916184ddbfa6dbd0a7b569a5
プロジェクター,https://www.fe-siken.com/keyword/3/3-5/#996398d3ad4101b0dd1e6404157ad0d8d0ff6614
プロジェクト,https://www.fe-siken.com/keyword/14/14-1/#598ab78312d81dc734208e1af4111acd9de08fac
プロジェクト完了報告書,https://www.fe-siken.com/keyword/14/14-2/#f0ca48cd8418a0c37f9ea1d64219929d4d9d8b11
プロジェクト憲章,https://www.fe-siken.com/keyword/14/14-2/#58b9243838f7af05ec9eafc0e8927eeddb0b9b18
プロジェクト憲章の作成,https://www.fe-siken.com/keyword/14/14-2/#5e90966ac973f8d5ddc878983ccebe4dbe6764bc
プロジェクト作業規定書,https://www.fe-siken.com/keyword/14/14-2/#4da957f1f4d37c123d0dbf2f057498f79f76a291
プロジェクト作業の管理,https://www.fe-siken.com/keyword/14/14-2/#c0eecdc83fb7d075c5e51d31bf5066286cc6d8db
プロジェクト作業の指揮,https://www.fe-siken.com/keyword/14/14-2/#87ced119e240d4d8478ec087204f42717472a0f0
プロジェクト推進体制,https://www.fe-siken.com/keyword/18/18-1/#184984356dbbaaefc823f55bf5ea714389e45fc2
プロジェクトスコープのクリープ,https://www.fe-siken.com/keyword/14/14-4/#14740d013a7ccb6da6861f0076c3a442c27a18fb
プロジェクトスポンサー,https://www.fe-siken.com/keyword/14/14-1/#5189515942f38a047ff20c4b201eb43e2a0d01e1
プロジェクト全体計画,https://www.fe-siken.com/keyword/14/14-2/#041f5836c99ac494308d3a60046a1ea0fe4350bc
プロジェクト全体計画の作成,https://www.fe-siken.com/keyword/14/14-2/#8e215b8993383e2a9306035d99dd6cc057a5ab8a
プロジェクト組織,https://www.fe-siken.com/keyword/22/22-1/#dea67cb043c88509ab565c211b1d48ed48471be5
プロジェクト組織の定義,https://www.fe-siken.com/keyword/14/14-5/#8b7f27a43c23414f3143f5f69c14639ae1e70c33
プロジェクトチーム,https://www.fe-siken.com/keyword/14/14-1/#d3ebbaaf073991840122a587ecfcab12c8183972
プロジェクトチームの開発,https://www.fe-siken.com/keyword/14/14-5/#67e3c9d237c2fff41b1d58e1c936f51095a231b1
プロジェクトチームの編成,https://www.fe-siken.com/keyword/14/14-5/#69705c64318e10659f9de4afc5aa0fe5a3fb4d39
プロジェクトチームのマネジメント,https://www.fe-siken.com/keyword/14/14-5/#225c34857f6d718c0a61eaae2d5a845e00ad16a0
プロジェクトにおける調達戦略,https://www.fe-siken.com/keyword/14/14-10/#7249809b268f5d56c072565d3f0ce3bd71dd4320
プロジェクトにおける品質管理測定値の活用,https://www.fe-siken.com/keyword/14/14-9/#1f8872439987aeaa57080c3e6f7868c3666da092
プロジェクトの環境,https://www.fe-siken.com/keyword/14/14-1/#16ab9ee46a82465349b3f816ad4aee1e4446f9db
プロジェクトの制約,https://www.fe-siken.com/keyword/14/14-1/#ac6a8f6ca5578d0ce451a0638c53f176c161443c
プロジェクトの組織図,https://www.fe-siken.com/keyword/14/14-5/#ebbdab88021632e74102e198d10ca285ed366853
プロジェクトフェーズ又はプロジェクトの終結,https://www.fe-siken.com/keyword/14/14-2/#325e8d5007f5b9ae1ef661e773fc6eaa659e7c72
プロジェクト又はフェーズの終結報告書,https://www.fe-siken.com/keyword/14/14-2/#e50566833f1a7aa16cbf77f1f0d5992e368446f2
プロジェクトマネジメント,https://www.fe-siken.com/keyword/14/14-1/#403b104c9d6f66c8464806f5181d6d2b97eae8b1
プロジェクトマネジメントチーム,https://www.fe-siken.com/keyword/14/14-1/#5532f36a36516dd48e341f2333ec97a4b546f068
プロジェクトマネージャ,https://www.fe-siken.com/keyword/14/14-1/#46365c558b8f7f3142d08e461664335701698893
プロジェクトライフサイクル,https://www.fe-siken.com/keyword/14/14-1/#f960fd1cae39b334fcddd28b2a4b6d54d0c5c9bc
フロー制御,https://www.fe-siken.com/keyword/10/10-2/#e81344a8e858d00b898bada9f22510363d185de5
プロセス,https://www.fe-siken.com/keyword/5/5-1/#0d0547cf3a9e606e883d566fc9ab658bc5c4d746
プロセス管理,https://www.fe-siken.com/keyword/5/5-1/#87f1e9cfbe16bed6fc15147073f84712a26bee85
プロセスの可視化／標準化／自動化,https://www.fe-siken.com/keyword/17/17-2/#24c2414a951e86f2ff2630b07969eca7ac6d48e9
プロダクトバックログ,https://www.fe-siken.com/keyword/12/12-1/#dddeb892f482a33ecae5ddbeecf9cbc521429fae
プロダクトビジョン,https://www.fe-siken.com/keyword/19/19-2/#8c11acbeecbf83757ada083998de71ab8bb3785b
プロダクトライフサイクル,https://www.fe-siken.com/keyword/19/19-2/#f4a080534405353657fa0254869fd23b9ec3cda5
ブロック暗号,https://www.fe-siken.com/keyword/11/11-1/#abfeffd5515ee5afc2a77402a90b2720844e1d8d
ブロック化因数,https://www.fe-siken.com/keyword/3/3-5/#04266222a620de7936a5c0f2565fb1c54016ac41
ブロック間隔,https://www.fe-siken.com/keyword/3/3-5/#4d70eb789790eb355b0311acf79e20f9f01e5384
ブロックチェーンの活用,https://www.fe-siken.com/keyword/21/21-1/#6567d7e6ce5a4cec772404857c1ef28b37db598c
プロッター,https://www.fe-siken.com/keyword/3/3-5/#d79a639f5824ba7005b210b336b127978fee7148
ブロードキャスト,https://www.fe-siken.com/keyword/10/10-3/#43f7f92c60bf29eddd275cfa28d11edc10dd709b
プロトコル制御,https://www.fe-siken.com/keyword/5/5-1/#dac00806cae38b40ee2a8dd41eefc45acd2c32d4
プロトタイピングモデル,https://www.fe-siken.com/keyword/13/13-1/#9def263ab4a46c08ea45e6bb84670427e4459be8
プロトタイプ,https://www.fe-siken.com/keyword/12/12-1/#4e5bb2c27d0e131f9d767b6a09fa6962aa4ca824
プロビジョニング,https://www.fe-siken.com/keyword/4/4-2/#115035df7669dd2d4a98c74389919cb6e40ae5aa
プロファイル,https://www.fe-siken.com/keyword/5/5-1/#53f0218081ffbaafd8d5944fa42670b6b7a0168d
プロフェッショナリズム,https://www.fe-siken.com/keyword/23/23-4/#c2e5c23d1fdd832125d4094e9fdd177b16f881b6
プローブ攻撃,https://www.fe-siken.com/keyword/11/11-1/#39687147a8ab27716a991c54640fce3843febf87
プロモーション戦略,https://www.fe-siken.com/keyword/19/19-2/#4d6d50e8d5ce8c676e9aab6fe2756a77b060e178
フロントエンドフレーム,https://www.fe-siken.com/keyword/2/2-3/#a216dd1793fc415066d2e46999136313f11e49b9
プロンプトインジェクション攻撃,https://www.fe-siken.com/keyword/11/11-1/#9bdbcf262c1241b769d6480db3af90d8fde00381
プロンプトエンジニアリング,https://www.fe-siken.com/keyword/1/1-3/#431e1129e1f645971feca45a71b3edaf9bb70455
負論理,https://www.fe-siken.com/keyword/6/6-1/#ff0105da174995bec3b3bffa2b1157fe9bff9db1
分解,https://www.fe-siken.com/keyword/12/12-2/#2792e981f6deac870191d46d72fca89316a2bb07
分割統治法,https://www.fe-siken.com/keyword/2/2-2/#51e65d51edb2e693558d2a88770a98de09255aab
分割表,https://www.fe-siken.com/keyword/22/22-2/#00143912559c5a337d68a3d31b22d6c8a79654ab
分割量,https://www.fe-siken.com/keyword/12/12-2/#4dd76bd021ec8959dde46eec1675630e8bb71c89
分岐命令,https://www.fe-siken.com/keyword/3/3-1/#ceedec03278c9a3f3f6f81a8b6aab011dc5906c7
分散,https://www.fe-siken.com/keyword/1/1-2/#90399b7f1e7691dda6e9a188200018a0b9c297c2
分散処理,https://www.fe-siken.com/keyword/12/12-2/#9d2b64f998d23874c3841d73bf1b54c063875d09
分散データベース,https://www.fe-siken.com/keyword/9/9-1/#8379c66993b3e03868b61614bce2bd938ef84445
分散ファイルシステム,https://www.fe-siken.com/keyword/9/9-5/#21fb72d6e0b59484761dbeb23144bd94d9be97b3
紛失,https://www.fe-siken.com/keyword/11/11-1/#d656f726c3c5f67ffee36c1dffdbd56dcfb1120b
文章間類似度,https://www.fe-siken.com/keyword/2/2-2/#2396b9874cc4b30a6bb0c06f93d679bacd93a597
文書化,https://www.fe-siken.com/keyword/14/14-1/#f0138f68109378a01ead78d225934b04697710a7
文書化した情報,https://www.fe-siken.com/keyword/15/15-2/#6c617dc1df8616666a84f91af520560c3af335fe
文書化手法,https://www.fe-siken.com/keyword/12/12-2/#acc7aadf99932102cedd7ea3da5e33bb93885d03
文書管理規程,https://www.fe-siken.com/keyword/11/11-2/#a0202ed085868d7f4fba0bcaaeba09327031824c
文書管理システム,https://www.fe-siken.com/keyword/9/9-5/#aa6fe0da56b46bbaf4e6eb8b165e305a77d6469e
分配則,https://www.fe-siken.com/keyword/1/1-1/#7fab8e46e705cc1ec9c7560b301b31e17028c5bd
文脈解析,https://www.fe-siken.com/keyword/2/2-2/#0f36f5e0e3b7cab203f0f4e08b62a71de5a2ed39
ペアプログラミング,https://www.fe-siken.com/keyword/13/13-1/#01a0e14d700551f42ef9fb09e9a9cf9b7565d523
ペアレンタルコントロール,https://www.fe-siken.com/keyword/23/23-4/#e829c8595754e66731884e75d284eccb154ae2cd
平均サービス率,https://www.fe-siken.com/keyword/1/1-2/#6d349c0cdf17f200e747a98935bb32c8db4c9cc5
平均値,https://www.fe-siken.com/keyword/1/1-2/#eba2b401b514fe67936bb8c3f90322d7db298e25
平均到着率,https://www.fe-siken.com/keyword/1/1-2/#36af2e9e2f2702626861007d1903df6dc7e07c05
米国輸出関連法,https://www.fe-siken.com/keyword/23/23-4/#7d7d94e4d145967c85be7b2ca3b12ea3ddd3a5a8
ベイジアンフィルタリング,https://www.fe-siken.com/keyword/11/11-5/#4109ebbda07d5671939df37a6fbeba8273193fac
ベイズの定理,https://www.fe-siken.com/keyword/1/1-2/#5af20e5ac909d5d8ff75630169ce966f0f990100
ヘイトスピーチ,https://www.fe-siken.com/keyword/23/23-4/#bbdf4dc9c61209eec0b531c41663e7649c9a6a5a
並列処理,https://www.fe-siken.com/keyword/4/4-1/#45f029f925944dcd4a40196d49ee58a11ea0266b
ペイント系ソフトウェア,https://www.fe-siken.com/keyword/8/8-2/#a5137e9acbe3eebf4a76ea7cd6b09acf0d76ab03
ベクターデータ,https://www.fe-siken.com/keyword/8/8-1/#b2001632f596f01a850821507fedc8c371f860ea
ベクトル,https://www.fe-siken.com/keyword/1/1-2/#23179fc54f8ea49a6f20a3f653df8e45a3624686
ベーシック手順,https://www.fe-siken.com/keyword/10/10-2/#1514e81f3a026f8bf66f13cd4eb4c27079adc472
ページフォールト,https://www.fe-siken.com/keyword/5/5-1/#77c3330015bf314ebe95fb7daaf113f1f851d799
ページプリンター,https://www.fe-siken.com/keyword/3/3-5/#198ef3ba8f8a58bccef87563e6376f601c280484
ページリプレースメント,https://www.fe-siken.com/keyword/5/5-1/#2f94338af97287509acdf2ca4503f474936378b7
ベースアドレス方式,https://www.fe-siken.com/keyword/5/5-1/#6ac2a7e861affb94296edee78e96ca603adbaa4a
ベストプラクティス,https://www.fe-siken.com/keyword/19/19-1/#7ea97da278f82a060879d6e5ec2efa1621fb10a7
ベースライン,https://www.fe-siken.com/keyword/14/14-2/#7dd9d1b6dfdd824bdf96ab5053f86c09868a4541
ベースレジスタ,https://www.fe-siken.com/keyword/3/3-1/#6720f15a5de92d6fa83979ef4ba4ecb1ab495b6f
ベースレジストリ,https://www.fe-siken.com/keyword/23/23-4/#702cb400d02bf1ed4e5d7d1d512d28f0f9b83ffd
ベータテスト,https://www.fe-siken.com/keyword/12/12-5/#c9a751e24f98050d5957919cba024c7d971de5ba
ヘッダー,https://www.fe-siken.com/keyword/10/10-3/#32308414b7dd82a4482ef653fe4a2809d584dd8a
ヘッドマウントディスプレイ,https://www.fe-siken.com/keyword/3/3-5/#54b6926f5b82ae1b69d0d0cc21c8df872440b852
ペッパー,https://www.fe-siken.com/keyword/11/11-5/#7f02c55ca7d77de5853595de05404cb680f99610
ペネトレーションテスト,https://www.fe-siken.com/keyword/11/11-3/#96eb65f682591b8b12cfbdbf885864d02e174b76
ペネトレーションプライシング,https://www.fe-siken.com/keyword/19/19-2/#5096102365178f25703f5c8da8b5d666ad5c4da5
ペリル,https://www.fe-siken.com/keyword/11/11-2/#355f92207751455ff30b3e221abb3dc09ed7d881
ペルソナ,https://www.fe-siken.com/keyword/19/19-2/#ce7fb7b74c43c316f46a26fb7d7b5e37f258f730
ペルソナ法,https://www.fe-siken.com/keyword/20/20-1/#576e6c4a8349725be40aafa62dd7631650f8aa14
ベルヌーイ分布,https://www.fe-siken.com/keyword/1/1-2/#096d9a3f9ec5ba72b5c86240e41c2e76372b40ff
ベルマンフォード法,https://www.fe-siken.com/keyword/2/2-2/#97dfc4d52d01066d33381c4d1023a61fd505971a
変更管理,https://www.fe-siken.com/keyword/14/14-1/#374484d98ff8d5bafeb56376b43118cabfd28c36
変更実施後のレビュー,https://www.fe-siken.com/keyword/15/15-2/#0cdb646d45486bc6f258015a6e1b262753ef4f7e
変更諮問委員会,https://www.fe-siken.com/keyword/15/15-2/#e0f86d96ed42153f6f3248fc41ee1593f4c4b87b
変更登録簿,https://www.fe-siken.com/keyword/14/14-2/#213a5b6120ab76b51e50d3d32b78572232433013
変更のカテゴリー,https://www.fe-siken.com/keyword/15/15-2/#249e3138b2c21509256e588fa31fd3827a77fcf3
変更の管理,https://www.fe-siken.com/keyword/14/14-2/#371710c0da85c1c79c4d3a0e91f5cc2b910fe4de
変更要求,https://www.fe-siken.com/keyword/14/14-2/#3375372f7ecce334a768e71fb437f208b5437f7f
ベン図,https://www.fe-siken.com/keyword/1/1-1/#1598b62a7273765a7d0887e2f9b50c471ec88d50
ペンタブレット,https://www.fe-siken.com/keyword/3/3-5/#3e090d65713acf1c708eb4db67ea00b6f4832e10
ベンチマーキング,https://www.fe-siken.com/keyword/19/19-1/#9543a102e66c6a9c0d8ba1ed4b9fe1c7c41d6429
ベンチマーク,https://www.fe-siken.com/keyword/4/4-2/#0756a6fc1dfd7fc99c4a6d215c22a719a50fd1f8
ベンチャービジネス,https://www.fe-siken.com/keyword/19/19-1/#34253d6398b185b10fa327c2c365bd6f275cf0f1
ポアソン分布,https://www.fe-siken.com/keyword/1/1-2/#5a5986f08befc6e04257255ed19e9b832221682d
ボイスメール,https://www.fe-siken.com/keyword/14/14-11/#321af472a1aefc07bbb2fc93a4e6ded486a2604f
ポインティングデバイス,https://www.fe-siken.com/keyword/3/3-5/#8aad35554cb3b286612c6e2b9c9f26e2bca3afdb
ポイントツーポイント,https://www.fe-siken.com/keyword/10/10-2/#bfe52c7ff895539935350ea287d3d83bfcb03536
妨害行為,https://www.fe-siken.com/keyword/11/11-1/#8c5474003f5185a5912c2241dc8092e824a53e57
棒グラフ,https://www.fe-siken.com/keyword/22/22-2/#39cb9539046272a55276bec2c94e87f48a853928
法人税法,https://www.fe-siken.com/keyword/23/23-4/#e30b5bf7e09265900beba82a61153fbdb439d650
法定監査,https://www.fe-siken.com/keyword/16/16-1/#f6e8104bfe4fb9052b5a1075a014120aefde6fb0
防犯環境設計,https://www.fe-siken.com/keyword/11/11-1/#563f6e226c12cbce9fa387812ad37cdf99232286
保管期間,https://www.fe-siken.com/keyword/13/13-4/#66baecb951dfaae116a7a70543545ee91b633c45
補集合,https://www.fe-siken.com/keyword/1/1-1/#adea002e589a4edc37dd3f09f32c30bd5dfb10e1
母集団,https://www.fe-siken.com/keyword/22/22-2/#16c7f3d85613463bd303ab7814efd1ca2f94d8d9
保守契約,https://www.fe-siken.com/keyword/12/12-6/#36a8496a331f9592f1b53e50310f911674cf4855
保守性,https://www.fe-siken.com/keyword/12/12-2/#a78f820fa86a6944756f5910418400ee233c6f7c
保守体制,https://www.fe-siken.com/keyword/12/12-6/#d90520a5a2f28837d25b8c99ae6228f6fc9c5ab7
保守手順,https://www.fe-siken.com/keyword/12/12-6/#e66623f71b15e06401dea8006717232d73897d44
保守テスト,https://www.fe-siken.com/keyword/12/12-6/#ccad0ee10cf5957b974ccda13cf853c79c8f7c36
保守の実現可能性,https://www.fe-siken.com/keyword/12/12-6/#98c7812356f268872fa25c646d22091f77766137
保守のための文書作成,https://www.fe-siken.com/keyword/12/12-6/#becfd94cd062f88c026fbff17648f75dc35413ed
保守要件,https://www.fe-siken.com/keyword/12/12-1/#cfbf77dc00ecf88952b1c803979f2bc8660a7ff5
保守要件の定義,https://www.fe-siken.com/keyword/12/12-6/#f62b66d3c421cfa4a3abb81f93205b6ea52e29e6
保証レベル,https://www.fe-siken.com/keyword/11/11-3/#8e00df457bbedfad203641d14b2a353f1f42c07a
保証を目的としたシステム監査,https://www.fe-siken.com/keyword/16/16-1/#79780680a377656f8c1d9cccc990dfa7a58a5b71
補助記憶,https://www.fe-siken.com/keyword/3/3-2/#929d1a0e0e4daf4d5faff10c3352ef633da13b32
補数器,https://www.fe-siken.com/keyword/3/3-1/#1f3d62db249e427a4a927bdfe8d05cc28bb047e4
ホスティングサービス,https://www.fe-siken.com/keyword/17/17-3/#a8e43f7b783370ac942c4fae14a1a37713265f76
母性保護,https://www.fe-siken.com/keyword/23/23-3/#6975d8a2fb4f8435c8023956563e29b1ec2d5989
保全機能,https://www.fe-siken.com/keyword/9/9-1/#0a529bf3101bb3e1cf1dc0a2f9e5aac2934841a2
ボット,https://www.fe-siken.com/keyword/11/11-1/#8fe1b66717c79aaa8767cd8621e634827d470fc7
ホットサイト,https://www.fe-siken.com/keyword/4/4-1/#919673e901e576990b6de9ec8b31171073896a62
ホットスタンバイ,https://www.fe-siken.com/keyword/15/15-2/#21183cec3e06934a49d193e673c19298b874c605
ボットネット,https://www.fe-siken.com/keyword/11/11-1/#963f069b150ca7dc64f7586ea63b37abe474aaa3
ポップ,https://www.fe-siken.com/keyword/2/2-1/#7740489c741693b322c775d466cbf013dab21062
ポップアップメニュー,https://www.fe-siken.com/keyword/7/7-1/#e15c261c9fe04bf1b3006f30601cdcefa4eec176
ポートスキャン,https://www.fe-siken.com/keyword/11/11-1/#4fd2765f50b6e69267dc07245fb9a9c68b393a5a
ポート番号,https://www.fe-siken.com/keyword/10/10-3/#32824544f057399eff168d49893d3d3937efdabf
ボトムアップテスト,https://www.fe-siken.com/keyword/12/12-4/#fc66a09681ceeb6d08049e92c6db8f4251a4a023
ボトムアップ見積り,https://www.fe-siken.com/keyword/14/14-6/#9c5e1d783b0d960537fa70448a701c277e82e78b
ホバー,https://www.fe-siken.com/keyword/7/7-1/#501d19c6fb9e674cbef3410fe8fd7882219c2fd6
ホームネットワーク,https://www.fe-siken.com/keyword/21/21-4/#5265b570b9ab33797a88b65c141e68aaa2b5881c
ボリューム,https://www.fe-siken.com/keyword/5/5-3/#809c3577fc067186bbf3882b26f071e6c3d44454
ボリュームライセンス契約,https://www.fe-siken.com/keyword/23/23-3/#92320ad59efb7dfafaa81b6d71b4c2681e4cac06
ポーリング／セレクティング方式,https://www.fe-siken.com/keyword/10/10-2/#8532506f54eff577e91617fcac135482cc1b2d9e
ホール素子,https://www.fe-siken.com/keyword/1/1-5/#c2078a3563c1262c59bdf0ec0d94589867eef770
ホールドアウト検証,https://www.fe-siken.com/keyword/1/1-3/#934bbed4301be711580a798582f9fe396a584ad8
ホログラム,https://www.fe-siken.com/keyword/8/8-2/#088e371527e432ccb399ebbc89214506d853aa3f
ホワイトボックステスト,https://www.fe-siken.com/keyword/12/12-2/#796428fed77b85de4cf695f7b7e88dfa4f432e51
本人拒否率,https://www.fe-siken.com/keyword/11/11-1/#30ce3c7e209edb2a9e3dc89f8ddd17f17799c3f7
マイグレーション,https://www.fe-siken.com/keyword/4/4-1/#ce4d6e5b433eb458d196ec2d2fb900dac9008188
マイクロカーネル,https://www.fe-siken.com/keyword/5/5-1/#c34785f28a26d546483637be2cfe440c6b9ce88e
マイクロコンピュータ,https://www.fe-siken.com/keyword/3/3-1/#180812811c1fd1f4e2320390975a1b9be8c5a2fa
マイクロサービスアーキテクチャ,https://www.fe-siken.com/keyword/12/12-2/#d0868a179f2b8845ab73d1ee8d7be492025d41a3
マイクロプログラム制御方式,https://www.fe-siken.com/keyword/3/3-1/#c09eb3fd9eb33b154076419f2e93e2e64d56f9ee
マイナポータル,https://www.fe-siken.com/keyword/21/21-1/#369699c2520b030acb4b225391f3aa76320fbe39
マイナンバー,https://www.fe-siken.com/keyword/21/21-1/#bb596f0a58f6697f68811ddfdabae5da4bac61aa
マイナンバー法,https://www.fe-siken.com/keyword/23/23-2/#1f1fc4d64638c07e6db89cd9a1ba9429c646a3a5
マイルストーン,https://www.fe-siken.com/keyword/14/14-6/#eb8faf6ac42e28f57565369d01950bc6c3d7d5ad
マウス,https://www.fe-siken.com/keyword/3/3-5/#1ef55c1a1ca3e915f872f0266bc03fd7b526af10
マークアップ言語,https://www.fe-siken.com/keyword/2/2-5/#980d36646bf93ab6fbcd9d9c5fce00e043a77aad
マクシミン原理,https://www.fe-siken.com/keyword/22/22-2/#4db9b12bf6de4733022e3d3f92d2992569c03151
マクロウイルス,https://www.fe-siken.com/keyword/11/11-1/#aca29c8c747a90d544f1e36877603ac8562b2173
マーケティングミックス,https://www.fe-siken.com/keyword/19/19-2/#76a6e2f40d9cc7fcba78c7a28e90db1f1b00fbc2
マージソート,https://www.fe-siken.com/keyword/2/2-2/#7d8fb6abfb3ccfce7d9422d4d42926d73e07ede4
マスタスケジューラー,https://www.fe-siken.com/keyword/5/5-1/#f9cb816324f02155cb61e4bb9e8e3da9a20ec75a
マスマーケティング,https://www.fe-siken.com/keyword/19/19-2/#037a15ac5541dc3ce9ce1fd19ad7f5788273a23a
待ち行列モデル,https://www.fe-siken.com/keyword/1/1-2/#684f05df6b4832817db9357d221bb1841ef4fa29
待ち時間,https://www.fe-siken.com/keyword/1/1-2/#492bb9b8fd6e41a466bc56cc643128623dcc9d74
マーチャンダイジング,https://www.fe-siken.com/keyword/19/19-2/#db26cc48fc8bf9f7ed74abc4db3109aad6146a54
マトリックス図法,https://www.fe-siken.com/keyword/22/22-2/#5663aa32a8ce793d9ab9daae8177f5512a62cffe
マトリックス組織,https://www.fe-siken.com/keyword/22/22-1/#15d2c2fa06a829375769322781e3b3b98bfca899
マトリックスデータ解析法,https://www.fe-siken.com/keyword/22/22-2/#cf2369db3c00c5d646731a06e578a9b35e24454e
学んだ教訓の記録,https://www.fe-siken.com/keyword/12/12-5/#3bb62ce5ca938c379d965f0f36f885362c3caf53
マネジメントシステム,https://www.fe-siken.com/keyword/15/15-2/#db7808f74badf20e63dfefba02194a32ad147968
魔の川,https://www.fe-siken.com/keyword/20/20-1/#c054dd28b3be2728f1bb318e48adf84d72d6e561
マルインフォメーション,https://www.fe-siken.com/keyword/23/23-4/#f6016596269cf59b75069d75e501d899dd776c2f
マルウェア対策,https://www.fe-siken.com/keyword/11/11-4/#2a8ca1af28f30109791e2418dfe90c985deb9886
マルウェア対策ソフト,https://www.fe-siken.com/keyword/11/11-4/#86fbc937133c9a1b1168f87d75338d926c10ee2c
マルチキャスト,https://www.fe-siken.com/keyword/10/10-3/#71d5f5a388e8fffca3e32ae3ecff83c5cb112df4
マルチコアプロセッサ,https://www.fe-siken.com/keyword/3/3-1/#8842bd07c83fc343d0d16a21eac831889b08f3d4
マルチタスク,https://www.fe-siken.com/keyword/5/5-1/#e76a5f4ca6120bfff5b31cf6278812400a69b362
マルチタッチインタフェース,https://www.fe-siken.com/keyword/7/7-1/#f9f74e45763be91905c9e768836c40ae55fbebb8
マルチブート,https://www.fe-siken.com/keyword/5/5-1/#7d1f6d9da51334a80dbc9d8ccb93512768ee0655
マルチプロセッサシステム,https://www.fe-siken.com/keyword/4/4-1/#c650c8c8d908e4b98bbbe6c26f5e748eec2c2f56
マルチモーダルAI,https://www.fe-siken.com/keyword/21/21-1/#ff463b443aa121a2618fd8e1c87f9bcc2fd1eb60
マルチリンク手順,https://www.fe-siken.com/keyword/10/10-2/#582039ec5b5ce2381c3054e751cb5eda09fc29d2
丸め誤差,https://www.fe-siken.com/keyword/1/1-2/#926681fa5faf3fb1bc7e14fce7211bff85d19cca
満足性,https://www.fe-siken.com/keyword/12/12-2/#e73c1b43e2bce36dbcf42a8b45b9acc71307f011
ミスインフォメーション,https://www.fe-siken.com/keyword/23/23-4/#714353595cabe8986b75470365b13ce857f321a6
水飲み場型攻撃,https://www.fe-siken.com/keyword/11/11-1/#b3f3ac0dfd06c8e2a1200d72f1923ab1781e769d
未知マルウェア検出手法,https://www.fe-siken.com/keyword/11/11-4/#5d9b15111f78da5d6cb9445b08013ef70ed470e5
密結合,https://www.fe-siken.com/keyword/4/4-1/#95740be201f4bfcc0b8f7d98e6ff34ea470108b7
密結合マルチプロセッサシステム,https://www.fe-siken.com/keyword/3/3-1/#5116b8a614b559bf39745715ae5c806e43573717
ミドルウェア,https://www.fe-siken.com/keyword/5/5-1/#8a4a3790a7f6b43a01de16cab12d94788ea2153b
ミニブログ,https://www.fe-siken.com/keyword/21/21-3/#c1535a9330ba5ef9aa10b8b8eab910aee562936c
ミラーリング,https://www.fe-siken.com/keyword/4/4-1/#144486bb54e2c6a039e8c8ecf953293411489978
民生用通信端末機器,https://www.fe-siken.com/keyword/21/21-4/#22ba8fb76a77bda4ada0f670b05b906c94ac9366
無向グラフ,https://www.fe-siken.com/keyword/1/1-2/#174714857992a96bb945e0ef34ff67c8cc0c098d
無人搬送車,https://www.fe-siken.com/keyword/21/21-2/#ee8d276e626c9be5e4c71858070d7d92137457ae
無線LANアクセスポイント,https://www.fe-siken.com/keyword/10/10-1/#c9b73be865c580ff2579ffcbf9172587c8c47b2e
無線LANインタフェースカード,https://www.fe-siken.com/keyword/3/3-5/#f8fd81cadb0f1df50fe4d4ede1bdc0a393e58dc7
ムードボード,https://www.fe-siken.com/keyword/7/7-2/#833a537b2e732e00563766e42a86e4b327fe77cf
命題論理,https://www.fe-siken.com/keyword/1/1-1/#dcfb65a3e86cd6d6fbdc30d4226ae514c2b9e84b
命名規則,https://www.fe-siken.com/keyword/2/2-3/#14fc0556782f0b6a3988f40c5971afe233ac9a1d
命令アドレスレジスタ,https://www.fe-siken.com/keyword/3/3-1/#2cd598dc1b6126d01b73baed73dc1227ddaf61ee
命令の実行手順,https://www.fe-siken.com/keyword/3/3-1/#1813e1d560568f51e690848daec6005e3868cf6c
命令ミックス,https://www.fe-siken.com/keyword/3/3-1/#1ba2e9cc16b9f7084aed4ea55469b0fd63580169
命令網羅,https://www.fe-siken.com/keyword/12/12-3/#d2906c957f259ba4fe863998de1d8809965da314
命令レジスタ,https://www.fe-siken.com/keyword/3/3-1/#cec5937227b8774fb2ef551b95ff9013eeaac63e
迷惑メール,https://www.fe-siken.com/keyword/11/11-1/#07345024f70e328090139c9e90500b0f43856081
メインルーチン,https://www.fe-siken.com/keyword/2/2-3/#8efca40c7cf0326afc3fb0a5ca0fa71dd8aa4f52
メソッド,https://www.fe-siken.com/keyword/12/12-2/#e4ce70a7499d8eb877f31292091f586e58a953d4
メタデータ,https://www.fe-siken.com/keyword/9/9-2/#70d21e27ee0c39617722c08e876ba687aff5fbe9
メタバース,https://www.fe-siken.com/keyword/8/8-2/#1f3a06dd50a247d3c3b7d5dbc2fcd4fa5e0048eb
メッシュWi-Fi,https://www.fe-siken.com/keyword/10/10-3/#0ca5d3e35c198c2ceee00b1fa5e9d8bd4eab29e4
メッセージダイジェスト,https://www.fe-siken.com/keyword/11/11-1/#28b1829ba4c0627ac9f7d670a25bd3544e90676a
メッセージ認証,https://www.fe-siken.com/keyword/11/11-1/#11ade7ca28fae6772e3f7720622e6d0ff1591301
メディアクエリ,https://www.fe-siken.com/keyword/7/7-2/#8777230e87eadb444fa42abd8de6578599f23c25
メディアリテラシー,https://www.fe-siken.com/keyword/17/17-4/#b86a96fc3f80959acbe906e820ca5affff5ef10a
メトリクス計測,https://www.fe-siken.com/keyword/12/12-3/#b95465295905a80832a3e170ab1e13e4423c299a
メモリインターリーブ,https://www.fe-siken.com/keyword/3/3-2/#8b244a80f6cf2870132f2c42261b1d8ab12d9701
メモリバス,https://www.fe-siken.com/keyword/3/3-3/#0a70bc3415cfadb183059039e72daf9f05368f4f
メンタリング,https://www.fe-siken.com/keyword/22/22-1/#547ee0e54094e1104f78ba356f0ee0793eb18c38
メンバ変数,https://www.fe-siken.com/keyword/2/2-3/#15f1bee7d1ebad7e419ef41eaa9412ab46b5dc84
目的プログラム,https://www.fe-siken.com/keyword/1/1-3/#acc320390a187179b668233befa6df94c8b5a215
目的変数,https://www.fe-siken.com/keyword/1/1-2/#8ae2ff5fa2fe36cdcd2df06f82f2d7aded1c3af2
モザイク図,https://www.fe-siken.com/keyword/22/22-2/#7d2de910344fbab7282ddd2688df0f0bcd87a014
文字型,https://www.fe-siken.com/keyword/2/2-3/#5a5f3b24d8dab7ddd8091bc78de37bf5d8f26de7
文字コード,https://www.fe-siken.com/keyword/23/23-5/#b852c7dea887fdf22b2b33c933607cc7f885c063
モジュール言語,https://www.fe-siken.com/keyword/9/9-3/#82495d356a8b09800cd270275324e6573b8362fc
モジュール再分割,https://www.fe-siken.com/keyword/12/12-2/#326b9d287d68e976bfbdbb134d704d26ecf3ad39
モジュール仕様,https://www.fe-siken.com/keyword/12/12-3/#576aafd0c24570956b23c23c47fc82b8497bb409
モジュール独立性,https://www.fe-siken.com/keyword/2/2-3/#fe5af0190303b72d07ead475769d6c37758b7f6b
モジュールの影響領域,https://www.fe-siken.com/keyword/12/12-2/#8c3a828e56587f6da3753e89ea5039c9de14a166
モジュールの制御領域,https://www.fe-siken.com/keyword/12/12-2/#47dbba021106f2eaffd86e1e2b06d73549203c64
モジュールの独立性,https://www.fe-siken.com/keyword/13/13-1/#3d6859ef52cc66bbf92615d0c89b47561b5a5814
モジュール分割,https://www.fe-siken.com/keyword/2/2-3/#0d2c2b31818fa31f577a8f71425e97d437d43571
モーションキャプチャー,https://www.fe-siken.com/keyword/8/8-2/#f50699bffef9fba23f20f42bf1a6ce7b1e9818b0
文字列型,https://www.fe-siken.com/keyword/2/2-3/#88216fd58df56b35d4aec2cf59d168e9589fa3cc
文字列照合,https://www.fe-siken.com/keyword/2/2-2/#cb135814a9ab682fd3b0cd5c0136e1c3ccdefdc3
モーター,https://www.fe-siken.com/keyword/1/1-5/#79642e5e7ef92d0a2d725dc06d219ad31827a4ef
持分会社,https://www.fe-siken.com/keyword/22/22-1/#3f19d3542158f0d2b4ce36604c12060b06d752c6
モックアップ,https://www.fe-siken.com/keyword/12/12-1/#7b76b824afd26f262bff7e252088b11016dc3eab
モデル化,https://www.fe-siken.com/keyword/22/22-2/#7a2109d5d3f7a64731dda56ddde3c8e173fa6cbd
モデレーター,https://www.fe-siken.com/keyword/12/12-2/#4651ee8de99f816de670fc06d873d5f726ac167f
戻り値,https://www.fe-siken.com/keyword/2/2-3/#1b3533d71646dbd0ba1e634f45bc35c3c3e8c50e
モニタリング,https://www.fe-siken.com/keyword/4/4-2/#857cc4fc4083cc8364b46b42f1bbd46b092058f6
モニタリング指標,https://www.fe-siken.com/keyword/17/17-1/#db165ce636c63413db78b922da9bb2bd73796c6d
モノリシックカーネル,https://www.fe-siken.com/keyword/5/5-1/#50f22716064238f9b759dda499adea8d8c6f43a1
モバイル端末用OS,https://www.fe-siken.com/keyword/5/5-1/#bfac121dc2c12450671d040047615ec96f24babd
モバイル用Webアプリケーションソフトウェア,https://www.fe-siken.com/keyword/13/13-1/#49a70b22cdeb6968367c641b986e77b61d224a9f
モブプログラミング,https://www.fe-siken.com/keyword/13/13-1/#1a5ebbc310608f154a6bcb0b981cadbef5a5a4a1
モラル,https://www.fe-siken.com/keyword/23/23-4/#74583f6f9565a102961f6074af484c50c8cc37ba
モラルハザード,https://www.fe-siken.com/keyword/11/11-2/#190331ab6375a3886ca3e7a64649c9b307b5e081
問題解決支援,https://www.fe-siken.com/keyword/17/17-3/#910dd7aceb92259ca6b9b664b92fe5b1f46b814c
問題管理,https://www.fe-siken.com/keyword/15/15-2/#7c39a38657ee7a30920774d270cd528177e506ce
問題管理手続の確立,https://www.fe-siken.com/keyword/12/12-6/#9ab3cd79e706300307ac457e25b6d5e715d7237a
問題の再現又は検証,https://www.fe-siken.com/keyword/12/12-6/#40de727f23f873fe3e6efe0fbd3b611897ab9fc6
問題の是正,https://www.fe-siken.com/keyword/12/12-6/#dcd37d9c44368c83c8e1b1f82a3619786d9a6238
問題発見,https://www.fe-siken.com/keyword/14/14-1/#663f554134a106e8f97c9f52c6a43e99b411a902
問題報告,https://www.fe-siken.com/keyword/14/14-1/#2e6c68bcc679ec519f98edabc0a16b13652e4d64
問題報告又は修正依頼の分析,https://www.fe-siken.com/keyword/12/12-6/#c89a9f8708b96ad48af2415d129adca4f60cca0c
モンテカルロ法,https://www.fe-siken.com/keyword/22/22-2/#3999934ccab3e783cc3ccfa2a076f42af2f87f8f
役務提供委託,https://www.fe-siken.com/keyword/23/23-3/#5a8196f325055c21a483ab22031d747707753a2c
やり取り型攻撃,https://www.fe-siken.com/keyword/11/11-1/#257abd90ea0f5b66206314eb8fbbf9a8464ef312
油圧シリンダ,https://www.fe-siken.com/keyword/1/1-5/#b7d3ea610fadb9379f0758eaa6fbaed6c30e3fea
有意水準,https://www.fe-siken.com/keyword/1/1-2/#e6596483b8dd828b95ffae1eaf26dfe429b7c081
有価証券報告書,https://www.fe-siken.com/keyword/23/23-4/#42749d67a1eaf407bfe1f595ab5a9f52be220a47
有機ELディスプレイ,https://www.fe-siken.com/keyword/3/3-5/#e6f3fab5e5ea19a267e368429c05e7e20c34b94c
有限オートマトン,https://www.fe-siken.com/keyword/1/1-3/#0c5504e071a8b2868a4fccea77d437bc16c4598b
有向グラフ,https://www.fe-siken.com/keyword/1/1-2/#b350cd78f983d9a3355bf67db398a0150773830a
有効性,https://www.fe-siken.com/keyword/12/12-2/#de96099f6d63e406acb0b3284bdbd8b06b2bd6b9
優先順,https://www.fe-siken.com/keyword/5/5-1/#98a048c010032eb863ebb81d679e3684346659ee
優先順位,https://www.fe-siken.com/keyword/15/15-2/#de1c72390aaf6c48f3e9395b039dbdcee994dc37
優先順位付けされたリスク,https://www.fe-siken.com/keyword/14/14-8/#caee3ec3ce0bcbd3e25091be983f6a182c13265b
プロジェクトのリスク,https://www.fe-siken.com/keyword/14/14-8
優先度,https://www.fe-siken.com/keyword/15/15-2/#edf69de9e405e36ed4ed4703019ea42701fdcde7
有線LANインタフェースカード,https://www.fe-siken.com/keyword/3/3-5/#b97c32dc1dcb2f4dd2b97fcc8ef125d70116233c
尤度,https://www.fe-siken.com/keyword/1/1-2/#85b3e888d42dcbd8855544e8e9dd93cc4338aed9
愉快犯,https://www.fe-siken.com/keyword/11/11-1/#8c4ca5745b50b5460fec76d20f9508861be73200
ユーザーアカウント,https://www.fe-siken.com/keyword/5/5-1/#195ea6a0dfcd77af0d06a7cfe5e05e24a196570f
ユーザーインタフェース,https://www.fe-siken.com/keyword/12/12-2/#b7501aaf05fc5935110e0f5bdd7e3a83c691616a
ユーザーストーリー,https://www.fe-siken.com/keyword/12/12-1/#3410b8d94903a3429631f123cf31952a1aac6aea
ユーザー操作の分析,https://www.fe-siken.com/keyword/7/7-1/#0cf62395d816882266896834cccdde0f55ff9b66
ユーザーニーズ調査,https://www.fe-siken.com/keyword/18/18-2/#d1680fffe3b294da100a2c5ff8cbcf88479d4b33
ユーザビリティ,https://www.fe-siken.com/keyword/7/7-1/#b1fd8f13302cad182932ba21c110c1accb442f9d
ユーザビリティテスト,https://www.fe-siken.com/keyword/7/7-2/#67dcadb79dd70f776782b51b753bf0503080f8a5
ユーザーモード,https://www.fe-siken.com/keyword/5/5-1/#72f6333c28d373dd44dd67c7ee6b27a39dc6effc
輸出関連法規,https://www.fe-siken.com/keyword/23/23-4/#719fbcb1b2e70b00dbd962e64793f8c786c51778
ユースケース,https://www.fe-siken.com/keyword/12/12-1/#54800ce9fab21803d2de114426eba0453ed44b11
ユースケース図,https://www.fe-siken.com/keyword/12/12-1/#e5b697187d7659b1a89dfe1428f663c310860815
輸送問題,https://www.fe-siken.com/keyword/22/22-2/#e349ffd755cd7c2936298ae1abc45aabb20585aa
ユニキャスト,https://www.fe-siken.com/keyword/10/10-3/#f0cf3477f6ffef48e5f57ccea8cd99ae98e7aa0a
ユニークインデックス,https://www.fe-siken.com/keyword/9/9-4/#42a78d2b4006ee7603cdd25f93eae9cb848387ad
ユニットテスト,https://www.fe-siken.com/keyword/12/12-3/#24ac0411c687979683b211ecda6744d511f0ac85
ユニバーサルデザイン,https://www.fe-siken.com/keyword/21/21-1/#3698c2c91e0fb25009180e4453d4e7a3596a5758
ユニバーサルデザインフォント,https://www.fe-siken.com/keyword/7/7-2/#3c9a052df5f9b1aa73c4dfdb01b358be2eaf4aab
ユビキタス言語,https://www.fe-siken.com/keyword/12/12-2/#581c4ac2ae0dafba661307d5bf7865859486beee
ユビキタスコンピューティング,https://www.fe-siken.com/keyword/21/21-1/#e511936f6ef887b578317fd1c64ad07d112ab397
要員教育計画,https://www.fe-siken.com/keyword/18/18-1/#1d4d4c446987d82704fd3757501383699384df4f
要求仕様書,https://www.fe-siken.com/keyword/18/18-2/#144b5a69063327b144135326e2b11f4d8768dd22
要配慮個人情報,https://www.fe-siken.com/keyword/23/23-2/#50530c2e3707e036cb1ce9e6f488fcb087f33ea7
容量・能力管理,https://www.fe-siken.com/keyword/4/4-2/#ecbcd190dd8e43cb1f7b2879d70c3b1df6e8164a
予算,https://www.fe-siken.com/keyword/14/14-7/#176f656223c5d8184e91e3afacd077a41bf2b05d
予算業務,https://www.fe-siken.com/keyword/15/15-2/#755597ace0acd32d4f9e209587fe9a3dd6f471b0
予算の作成,https://www.fe-siken.com/keyword/14/14-7/#5e2102934fd8c581b12448acab258048c139fbd2
予想コスト,https://www.fe-siken.com/keyword/14/14-7/#3f0e86b38630412c1090549138f0b8e0fc636dba
予防処置,https://www.fe-siken.com/keyword/14/14-9/#c97a998c83e504b62392c793c930e32caa60658f
予防保守,https://www.fe-siken.com/keyword/12/12-6/#c0057eab0db4ce4db86ba0f0a8d4f2a2d737a860
読出し専用型,https://www.fe-siken.com/keyword/3/3-2/#cd749937c85c4d763dfa5528bd3745b5d282d65d
読取り書込み機構,https://www.fe-siken.com/keyword/3/3-2/#10bd91d6b7620aa21ca3ad0589589c2eb343a879
より対線,https://www.fe-siken.com/keyword/10/10-1/#0de6b3d63b7adf57efca4d1664bd63c9607fa3f4
ライセンサー,https://www.fe-siken.com/keyword/13/13-2/#12bfcf66b8e6c7a0c23bb4a325ce088246d33461
ライセンシー,https://www.fe-siken.com/keyword/13/13-2/#5dd827d017792205b30a5248142b146c81f02632
ライセンス管理,https://www.fe-siken.com/keyword/18/18-3/#fc98ac9e0c39f57adfce2b92ee4a81eb1620a8e9
ライセンス契約,https://www.fe-siken.com/keyword/18/18-3/#8fb7d87e95de7bcc1bea50b26bb3fab3b365400e
ライセンスマネジメント,https://www.fe-siken.com/keyword/15/15-2/#deaa2b0de92c1dd3730300967f6787fdcb766010
ライトスルー,https://www.fe-siken.com/keyword/3/3-2/#02525e72ba1bf91c07f26da894ee10ff997c7131
ライトバック,https://www.fe-siken.com/keyword/3/3-2/#8f3835b0ed1b6612344d54f8afdaef087a3268af
ライフサイクルエクステンション,https://www.fe-siken.com/keyword/19/19-2/#673bc7fc13530989b0957782591a0daa298cee44
ライフサイクルの評価,https://www.fe-siken.com/keyword/12/12-6/#874d4e2667996b9c1a4f39756ea60d77a735d0ea
ライフログ,https://www.fe-siken.com/keyword/21/21-3/#8757fb85498b96cc8088beaa6766ef6ad1753015
ラインアンドスタッフ組織,https://www.fe-siken.com/keyword/22/22-1/#76deb18e7a855253459442d81a964fec228e8d73
ラインプリンター,https://www.fe-siken.com/keyword/3/3-5/#1f8bcaff0ac8a93b0f0faea3e5b9e7fdc57ee7b8
ラウンドロビン,https://www.fe-siken.com/keyword/5/5-1/#1b2aea5b7d665e98acd2a2247be78523e8800f7d
ラグ,https://www.fe-siken.com/keyword/14/14-6/#de4c92f6e1fb220a6cc679bcaafd69a4bf1118c4
ラジオボタン,https://www.fe-siken.com/keyword/7/7-1/#6564c5a20449f60980c509556c555193d487bc5a
ラスターデータ,https://www.fe-siken.com/keyword/8/8-1/#ebccd4ff9735a486470c4bad17d52b4cd7251637
ラベル,https://www.fe-siken.com/keyword/7/7-1/#82126c46a44bd337f3199428cf4ae41a7cb0efa9
ランサムウェア,https://www.fe-siken.com/keyword/11/11-1/#56235005882ef6a4d1e21c18e2f98b9caf13755a
ランサムウェア対策,https://www.fe-siken.com/keyword/11/11-4/#bd0244d9ae7c3832df365c489c9d65c011e467cb
ランダム性,https://www.fe-siken.com/keyword/21/21-1/#0141eac56c214e2587c815abf14dd9814a27ae78
ランダムフォレスト,https://www.fe-siken.com/keyword/1/1-3/#a778b0eee2b21638acd4ceb04ab96f7b77d2dad8
ランニングコスト,https://www.fe-siken.com/keyword/4/4-2/#3a890612e96c10c3dc09c539b1d4d6869890b1d8
リアルタイムOS,https://www.fe-siken.com/keyword/1/1-5/#ab56fb6f88cb845734352e21eea21a7cf258e3c9
リアルタイム処理,https://www.fe-siken.com/keyword/4/4-1/#005c47dddecf61221f18023bf35acebbe007e08c
リアルタイム制御,https://www.fe-siken.com/keyword/21/21-4/#54309467498e338c072125c84bd6a1f97daede2e
リカレントニューラルネットワーク,https://www.fe-siken.com/keyword/1/1-3/#d41deb31c72d3d865021b66274b10c8fe8d0171b
力量,https://www.fe-siken.com/keyword/15/15-2/#043b41ab7d676582b6a7cd3ff6635e700a498923
リサイクル法,https://www.fe-siken.com/keyword/23/23-4/#fdabacd3bf13b9280f52c331deda655eb351a55a
リスキリング,https://www.fe-siken.com/keyword/22/22-1/#541c21e09ad71c0887b25bbec2ffe2397ca510bd
リスク,https://www.fe-siken.com/keyword/16/16-1/#27fef4cf26aff0a1e8d643ed48411ef5c1cdaf01
リスクアセスメントのプロセス,https://www.fe-siken.com/keyword/11/11-2/#928e4a492c0c619f22a4c5854a248b2fe21c2050
リスクアプローチ,https://www.fe-siken.com/keyword/16/16-1/#5f0fb58bc219e344d639d07ca28da49c4f23235a
リスク回避,https://www.fe-siken.com/keyword/11/11-2/#98f56e86fe2f48354f3898745476f5579afc2c41
リスク回避性,https://www.fe-siken.com/keyword/12/12-2/#a55d8a3ea285bdb706024198f214ce8da2d30cec
リスク管理,https://www.fe-siken.com/keyword/14/14-1/#93601fd1b58f86dd0aa32ff782caed1f7e73a222
リスク基準,https://www.fe-siken.com/keyword/11/11-2/#46df374209f27dfdb03fc57ffce2d9d25c76637d
リスク共有,https://www.fe-siken.com/keyword/11/11-2/#f43a8b2230689ff9be07e4ab4a64c96e24b51821
リスク源,https://www.fe-siken.com/keyword/11/11-2/#0ae4cc176862333f7d48fcf7ec5635eb29d770a0
リスクコミュニケーション,https://www.fe-siken.com/keyword/11/11-2/#86bc4da1804d9da69feabd68852326ac0a174799
リスクコントロール,https://www.fe-siken.com/keyword/11/11-2/#d153e8db8336df6a9890c8a9ff41a1fc2e71e076
リスク集約,https://www.fe-siken.com/keyword/11/11-2/#b27e112f43f1de0a385a4a37487bf547acac1603
リスク所有者,https://www.fe-siken.com/keyword/11/11-2/#956aa0e9e3bf0863cdc4eb562872ad1bf545a9c4
リスク対応計画,https://www.fe-siken.com/keyword/11/11-2/#1a2ac46426cd0c522ce85ebb4005a6245c4177dc
リスク登録簿,https://www.fe-siken.com/keyword/11/11-2/#6bb9eaaeb54eff32c8443caf794a4e8079c2fcb8
リスクの管理,https://www.fe-siken.com/keyword/14/14-8/#d794fd4c9d7cbf03c03a91f3894f0425c8c53479
リスクの対象群,https://www.fe-siken.com/keyword/14/14-1/#924bd2c1db562c96a7ebdfabac424b5808c427c5
リスクの定性的分析,https://www.fe-siken.com/keyword/11/11-2/#239abeed82e9469a48779b91c0a79b531951b2ef
リスクの定性的分析技法,https://www.fe-siken.com/keyword/14/14-8/#28fc3058f6dfbcf57d51f211659e635c7ecbb438
リスクの定量的分析,https://www.fe-siken.com/keyword/11/11-2/#881508915c7ac4a3195c7aabf71c60fab7d53c0f
リスクの定量的分析技法,https://www.fe-siken.com/keyword/14/14-8/#9acc0c668b13add7236a030e41f8266e07323bc9
リスクの特定,https://www.fe-siken.com/keyword/14/14-8/#7a10f2cbfb25def76768c9eb8208f73fa9908e00
リスクの評価,https://www.fe-siken.com/keyword/14/14-8/#ae2573a63d91b02e472ec2fc78dc311fb0604941
リスクファイナンシング,https://www.fe-siken.com/keyword/11/11-2/#e2afbed596fda027c3d40879a01357d3c3240a16
リスクベース認証,https://www.fe-siken.com/keyword/11/11-1/#c551ac4dd5d8ec008c5f21d949e07682257dbc8e
リスクヘッジ,https://www.fe-siken.com/keyword/11/11-2/#e875545606b44c5c40ca4ec1cd7ad0f65d55b3b8
リスクへの対応,https://www.fe-siken.com/keyword/14/14-8/#6e20e7ad506100809c7228b6fe94de17311122c7
リスク保有,https://www.fe-siken.com/keyword/11/11-2/#8e6635378dbddf06991adcd4befad7bbc3d9b531
リスクマトリックス,https://www.fe-siken.com/keyword/11/11-2/#4df3ffb4151d5f6450f9ab2faa09a2dd77fb8249
リスクマネジメント,https://www.fe-siken.com/keyword/11/11-2/#4a2786e6cab8dfee771039377d3591c2669e1b66
リスクレベル,https://www.fe-siken.com/keyword/11/11-2/#1107de8d4e2a069c1be1b0816a3262347fcde9f6
リスタート,https://www.fe-siken.com/keyword/5/5-1/#dfdd718e2092f51d7e562abed1b94980c9cc520a
リスティング広告,https://www.fe-siken.com/keyword/19/19-2/#29513c0432d75a52f11fccb415b2d5a01e06e0b4
リスト,https://www.fe-siken.com/keyword/2/2-1/#b096d14061757613f9bb4fc3fdebeed1df3d7feb
リストボックス,https://www.fe-siken.com/keyword/7/7-1/#9554273ef03c3b076a36148f54928a2dbfbe0cc1
リーダーシップ,https://www.fe-siken.com/keyword/11/11-2/#ee95fe951788f625f7e537a18efee1da9dd96369
リッチクライアント,https://www.fe-siken.com/keyword/2/2-3/#83e6ad2aeb3e824678aeb75b959b5d575562f181
リテンション,https://www.fe-siken.com/keyword/22/22-1/#5c83834adb11790ead42fbf6b6602c22c2453e61
リテンション率,https://www.fe-siken.com/keyword/19/19-2/#8a6347e5ee9f22bf7b7f0b411626f8c0c01f5963
リード,https://www.fe-siken.com/keyword/14/14-6/#c98104b18c6c4e5f48905b7557c27217d1f30723
リバースエンジニアリング,https://www.fe-siken.com/keyword/12/12-6/#4004949c7fee5722f6fb15d2f85e40acb6a6c273
リバースブルートフォース攻撃,https://www.fe-siken.com/keyword/11/11-1/#f8954b64409f7c3862525ab5aad0d4c1c5395c8c
リバースプロキシ,https://www.fe-siken.com/keyword/11/11-5/#45d960d202cb1f39c1ff03f7b9444e58629d9623
リバースプロキシサーバ,https://www.fe-siken.com/keyword/10/10-2/#8f5073af6b8e77312b95025c8534779b602e0447
リピータ,https://www.fe-siken.com/keyword/10/10-2/#0bb7f5584f2c1fe82e21fd44d713383eac7d0327
リファクタリング,https://www.fe-siken.com/keyword/12/12-6/#6504815ce8421cf376b5918af2dc071319aa7b61
リポジトリ,https://www.fe-siken.com/keyword/9/9-5/#a9656786d1ee143c305054daab368c714b76fee5
リミットチェック,https://www.fe-siken.com/keyword/7/7-2/#1bf1953c857ae588d49588020b42773d14ff4981
流通情報システム,https://www.fe-siken.com/keyword/21/21-1/#4bdc8334dc1365e5548b509ab34b87a5a03a77ae
流動資産,https://www.fe-siken.com/keyword/22/22-3/#403648a0df1cb6f351ad362722532c50c1a5bf4c
流動比率,https://www.fe-siken.com/keyword/22/22-3/#ec4fefbac60cdb832d1a7bb5a82af7ea5a204cc0
流動負債,https://www.fe-siken.com/keyword/22/22-3/#a68c291aaad8ba93b5fb8d639cb442493a02ad15
量的データ,https://www.fe-siken.com/keyword/22/22-2/#2bf8395e7867a57b299ee4bca51d9ced155ba38a
利用者作業範囲,https://www.fe-siken.com/keyword/12/12-2/#3e578985b6d765192a584a38a1a1be4eb3a9bda7
利用者テスト,https://www.fe-siken.com/keyword/12/12-5/#2dfc0672bb9afa9b4b82af0fd1f93ebb4a551fd1
利用者の管理,https://www.fe-siken.com/keyword/15/15-4/#5451f51ca8bf7bd5a705177c522d032ec4fc48e3
利用者マニュアル,https://www.fe-siken.com/keyword/17/17-4/#bd45fb748d5cdaf87618e6d39e5cad1341485e16
利用者用文書類,https://www.fe-siken.com/keyword/12/12-5/#60ef9aadcdfb2f057bdc7381f22e61b978e9b8c9
利用状況網羅性,https://www.fe-siken.com/keyword/12/12-2/#c1115b840ab52a9594c1c113ef512f18e410e4de
利用の状況,https://www.fe-siken.com/keyword/12/12-1/#8dbb08150402b80bf25cb01e60b666adc07e07b8
利用部門,https://www.fe-siken.com/keyword/12/12-5/#2b78de7a6c446b13e2a029467291246e8395894d
リリース,https://www.fe-siken.com/keyword/15/15-2/#938d86a39fd7b06b6a08e9021bac3b6af44650fe
リリース及び展開管理,https://www.fe-siken.com/keyword/15/15-2/#ed0ba04eebbf48fff12d2e609b5cf21a57309172
リリースの受入れ基準,https://www.fe-siken.com/keyword/15/15-2/#b83ebd0fbc24801ca9e4472d0c7b4d56700749c3
リレーションシップ,https://www.fe-siken.com/keyword/9/9-2/#bb457102b23e2fd694a8ed1d05299f1eb6c686cb
リレーションシップマーケティング,https://www.fe-siken.com/keyword/19/19-2/#39f1543e2375d59f1ef6f1122c2852acbad53c1f
リンカ,https://www.fe-siken.com/keyword/5/5-4/#f9bcdb4d581ab603b140218566909df3082ec407
リング型,https://www.fe-siken.com/keyword/10/10-2/#614a89ebb77a6fd855a954ee64225e259d83e0be
リーンスタートアップ,https://www.fe-siken.com/keyword/20/20-1/#5a0d91bb2e33cbedc4366896ed6d323aab658c32
倫理的・法的・社会的な課題,https://www.fe-siken.com/keyword/23/23-4/#a8675ad83bb8ec121fe58ddd1b2ae96e49354560
類推見積り,https://www.fe-siken.com/keyword/14/14-6/#c5a42a6fcc8b540d675c0306cd8c19cbddf3b616
ルータ,https://www.fe-siken.com/keyword/10/10-2/#90b2e9ed1c132596cc8c134a5b05cafef4f6efc3
ルーティング制御,https://www.fe-siken.com/keyword/10/10-2/#370c2e4b54d411429d99f2cf39ffa5af6fb02618
ルートキット,https://www.fe-siken.com/keyword/11/11-1/#dfc83a89b45d778a02459c7c5195c8a7ad63256d
ルート証明書,https://www.fe-siken.com/keyword/11/11-1/#af58dfdbb58e828323695d6d575c7b1cd8cf0d79
ルートディレクトリ,https://www.fe-siken.com/keyword/5/5-3/#253d560ffea59b27f267836d7e10ca351b4f5994
例外の規程,https://www.fe-siken.com/keyword/11/11-2/#8b048ae5181ac1f8f48045e279a9376ec2ccc735
レイヤー,https://www.fe-siken.com/keyword/8/8-2/#5387a4dd3e8955e2637dc9c7cc2f4372a96517b4
レイヤー3スイッチ,https://www.fe-siken.com/keyword/10/10-2/#272efe1d73092600b80c71799d9007f8f9f17dd1
レイヤー2スイッチ,https://www.fe-siken.com/keyword/10/10-2/#5b3338d35df12685c0c0fb346fb7f8eabd3f2d0f
レコード,https://www.fe-siken.com/keyword/9/9-2/#fe4e4afd01155bae345313f09ae6f5c76bb34def
レコメンデーション,https://www.fe-siken.com/keyword/19/19-2/#225a608a8583e5b837bb26038c8229fbc422aaea
レーザープリンター,https://www.fe-siken.com/keyword/3/3-5/#85ba4c39730ef0d7690a31535fa0f955ec114c85
レジスタ,https://www.fe-siken.com/keyword/3/3-1/#75b7103993dc305c8689f83123805bc756fb1d84
レスポンシブWebデザイン,https://www.fe-siken.com/keyword/7/7-2/#7e3b12445b4fe94f62697b8d25319ab8709b615c
レスポンスタイム,https://www.fe-siken.com/keyword/4/4-2/#fabbb4a3d311e0c26c0a507e335115b6718cad87
レーダーチャート,https://www.fe-siken.com/keyword/22/22-2/#590a0599982133a84ea4574c826d490c3401fc14
列指向データベース,https://www.fe-siken.com/keyword/9/9-1/#cabb9837ec8a0dd4c5f2a407d13b357c67da6390
レビュー参加者,https://www.fe-siken.com/keyword/12/12-1/#13f7c202cff3ac15db0d423d2127127028a25022
レピュテーションリスク,https://www.fe-siken.com/keyword/22/22-1/#2cbf806b28524396ee32a53d4b915d3849ebe5d9
レビュー方式,https://www.fe-siken.com/keyword/12/12-1/#393d2d2faa9d167aa047ad4e0c2460f6216aad06
レプリケーション,https://www.fe-siken.com/keyword/9/9-5/#2815abf38e85440cbaaae124cb29ed0a1aa0f775
連関図法,https://www.fe-siken.com/keyword/22/22-2/#c9aef8c07d8b6e299e723bdd3006e3c9ea5e6b37
労働安全衛生法,https://www.fe-siken.com/keyword/23/23-3/#17f8c76b85a8e678329aac8a09298ca4bb60845a
労働基準法,https://www.fe-siken.com/keyword/16/16-1/#e6b957fb062b13192688890620af00c4b9978b0d
労働契約法,https://www.fe-siken.com/keyword/23/23-3/#27fdf5a86de15b0ab865c5186a0a3303bfdebd40
労働施策総合推進法,https://www.fe-siken.com/keyword/23/23-3/#3a3e38d320d1248c4b53fca2972a7ee75ffaaf5d
労働者派遣契約,https://www.fe-siken.com/keyword/23/23-3/#88f4a6296022ad9accbd9ade08b0a26a19f04747
ローカル5G,https://www.fe-siken.com/keyword/10/10-5/#832099057291761a343eef10cba015d2abdcddbd
ロギング機能,https://www.fe-siken.com/keyword/5/5-1/#be3488fd612079c285c214a69936aa7057aaf997
ログイン,https://www.fe-siken.com/keyword/11/11-1/#417181d1aebb2ac3210d3c85737797e7f67f3aea
ログ監視,https://www.fe-siken.com/keyword/17/17-4/#391a18be124e987bf45e010079caac31002ad4e4
ログの取得,https://www.fe-siken.com/keyword/11/11-5/#a597f56511dbe92811029406879aafaf01d0ab96
ログ分析,https://www.fe-siken.com/keyword/17/17-4/#4d5b8c47c8a62c453fd135a362b74e95d1ff5579
ローコードツール,https://www.fe-siken.com/keyword/5/5-4/#2e0d2c1d70d7f6b1010bdcd70f28bd9cb259db5f
ロジカルシンキング,https://www.fe-siken.com/keyword/22/22-1/#bca649f932eed5b2d599b0925aae41b222f7ede9
ロジスティック回帰,https://www.fe-siken.com/keyword/1/1-3/#ad1c82432c96f780dcd9f15ef639d3d878fe058b
ロジックツリー,https://www.fe-siken.com/keyword/22/22-2/#702188017b83eab5bb1ba49498c5ef1f42e3f040
ロジックマッシュアップ,https://www.fe-siken.com/keyword/13/13-1/#70fe05dd8d0b8377a032bcea5675e54d48206933
ローダ,https://www.fe-siken.com/keyword/5/5-4/#922d738e9849881ad54dc91a80fe012b4d005c05
ロック方式,https://www.fe-siken.com/keyword/9/9-4/#5abcb64070b44e239526ddd88a5bdb9506e3a6a4
ロック粒度,https://www.fe-siken.com/keyword/9/9-4/#93638ad91153afb2d0cb02354e3819b5fd7d5683
ロードシェアリングシステム,https://www.fe-siken.com/keyword/4/4-1/#ca73c17bbd97ae0e28fe1671db5491ec21c40cc3
ロードモジュール,https://www.fe-siken.com/keyword/5/5-4/#4f641abc83c7a97cb8748c6211c801bfd4928071
ロードライブラリ,https://www.fe-siken.com/keyword/5/5-2/#84701856d2c87ec3b10888c23caa706a7c6062de
ロボット,https://www.fe-siken.com/keyword/21/21-5/#10f3e14d0162ed0a3d92dbfa75c7b03a70130e7a
ロボット型検索エンジン,https://www.fe-siken.com/keyword/10/10-5/#2a0ee20f24a5d634efa1213d3feae0267ff3a702
ロボティクス,https://www.fe-siken.com/keyword/21/21-4/#657856a6e8183a38e90e6cfe448c7978d6454ed4
ローミング,https://www.fe-siken.com/keyword/10/10-5/#6d41ed53cc43c411a8f61a7e2fc0fb686319c316
ロールアウト,https://www.fe-siken.com/keyword/5/5-1/#da24168dd935c46ce5d5401b45de65f9b73c45b6
ロールイン,https://www.fe-siken.com/keyword/5/5-1/#085e1fb8ae9f4f265e4101fa5f19c4c504e4539e
ロールバック,https://www.fe-siken.com/keyword/9/9-4/#19641c718c2e37cf4c597036860346055a2ad325
ロールフォワード,https://www.fe-siken.com/keyword/9/9-4/#891fe53ea7bf7c75dc819e1f17ba2f364cc4494d
ロール名,https://www.fe-siken.com/keyword/2/2-5/#e4b079da613bfccba6e91d0f6e7baa79da375fc4
ロングテール,https://www.fe-siken.com/keyword/21/21-3/#0411427ba9f70800c51730cf30a26d6ab1646c38
論理演算,https://www.fe-siken.com/keyword/2/2-3/#754ee8d0663dd710f05810c2af387eb073cf9921
論理演算命令,https://www.fe-siken.com/keyword/3/3-1/#8286b129164e412b54a18bc6b5ed075990613d63
論理型,https://www.fe-siken.com/keyword/2/2-3/#970f3750aeaefddcbf20cf206a95111b107f1e9a
論理関数,https://www.fe-siken.com/keyword/1/1-1/#c52d419e8275eb23ea0e60329bc1821864d95d76
論理式,https://www.fe-siken.com/keyword/6/6-1/#859a5d8eba7b3ca50a25ee4ce5e581726d9d0f31
論理シフト,https://www.fe-siken.com/keyword/1/1-1/#1920b050e12dbf476705ae844551caa258e925a0
論理積,https://www.fe-siken.com/keyword/1/1-1/#9932a9a5e6c4bfa57ef653f4dbb8aa23d6c3749c
論理データ構造のマッピング,https://www.fe-siken.com/keyword/9/9-2/#6e253cf3ee11152efb40e03d9005122e6c50370c
論理データモデル,https://www.fe-siken.com/keyword/9/9-1/#0ee000e41b788ede6af83393260a2a97473fb848
論理和,https://www.fe-siken.com/keyword/1/1-1/#62e01b009619fc89ccc2c048ed14be08b9e3d3b8
歪度,https://www.fe-siken.com/keyword/1/1-2/#7ee45cd4046b29b68572004b7ac2a2a626b417e3
ワイヤドロジック制御方式,https://www.fe-siken.com/keyword/3/3-1/#f9993cfe7fecb954ecba394537df64d99af0676b
ワイヤーフレーム,https://www.fe-siken.com/keyword/7/7-2/#5e1ae1def3562ab6fc6f60d84a3080e506190a29
分かりやすさ,https://www.fe-siken.com/keyword/12/12-2/#b1eedbd27281735b2f54ea2beaf5f37a4084196d
ワークエンゲージメント,https://www.fe-siken.com/keyword/22/22-1/#740281f51249e595eb96245294cd0472699380b6
ワークサンプリング法,https://www.fe-siken.com/keyword/22/22-2/#af000b3393dc4642bc7938ebf581a242dccc3713
ワークシェアリング,https://www.fe-siken.com/keyword/22/22-1/#83af2cd8a11d0ae2582f7142a0aaedd974a82501
ワークステーション,https://www.fe-siken.com/keyword/3/3-1/#38ef1d98efff080e998228a9dd7d3ff1c23f70f9
ワークパッケージ,https://www.fe-siken.com/keyword/14/14-4/#52f2b1cdb308d595114cb3e7517288fa165ca376
ワークフローシステム,https://www.fe-siken.com/keyword/17/17-2/#dd7b2616c57f8fb3b6bd3d53710610786341b9e6
ワークライフバランス,https://www.fe-siken.com/keyword/22/22-1/#34eb2af025320c7403e0e966ac8d50fc16881286
和集合,https://www.fe-siken.com/keyword/1/1-1/#0e9ba9ad93b48df7268fc634e20a659627f51d23
ワーニエ法,https://www.fe-siken.com/keyword/12/12-2/#813a5ee5a658aa8cc96410379c49956501f72349
ワーム,https://www.fe-siken.com/keyword/11/11-1/#ef801e1e7a3eeefb2b63fc9c88bd16053dea4dd9
割込み,https://www.fe-siken.com/keyword/5/5-1/#c29d7cd425f00a937d6d9c5ba0e5ff8c57a3d757
割れ窓理論,https://www.fe-siken.com/keyword/11/11-1/#ba88be2aad8b841577c9a1c389a11592d56845e1
ワンタイムパスワード,https://www.fe-siken.com/keyword/11/11-1/#d93dd813db3f50d904567aedfd8a55dce542a640
ワントゥワンマーケティング,https://www.fe-siken.com/keyword/19/19-2/#01dcd7b881d59d63fcd8e9e3c1165f7f66336dae
A/Bテスト,https://www.fe-siken.com/keyword/19/19-2/#ba95b3d36a3b92b991a9f5193add8284e46531f8
A/Dコンバータ,https://www.fe-siken.com/keyword/3/3-5/#61406751ec5e2a57eadd4455139e4b6da91b31ee
A/D変換,https://www.fe-siken.com/keyword/1/1-5/#ac810775b4ff8a6bccbcf699e3267ab8c759c52b
ACID特性,https://www.fe-siken.com/keyword/9/9-4/#b2d5ef533a7ea20cc541e32b023ca02534a1f559
Administrator,https://www.fe-siken.com/keyword/5/5-1/#1eda23758be9e36e5e0d2a6a87de584aaca0193f
AES,https://www.fe-siken.com/keyword/11/11-1/#41f215a6d36c7782875bfb5d6d290ebb1e7961df
AIOps,https://www.fe-siken.com/keyword/15/15-4/#c2b53024480759098e2b284ed9a7e3969ee466af
AIそのものを守るセキュリティ技術,https://www.fe-siken.com/keyword/11/11-4/#9a820607d6b7f622551223ddca1ee437f0933f2c
AIによる自動化,https://www.fe-siken.com/keyword/21/21-1/#f384b0e8dafb2758eb16938041c797c6194ad777
AIによる認識,https://www.fe-siken.com/keyword/21/21-1/#6eebef0989e5e5537e7562ea2cdcbbc24a8e7139
AIに対する脅威,https://www.fe-siken.com/keyword/11/11-1/#dfb4eef97b87b6ad231106e71b65b01a51843439
AIの活用,https://www.fe-siken.com/keyword/15/15-4/#0396ab33c0961f00c79d36b2841c27031e690050
AIの社会的受容性,https://www.fe-siken.com/keyword/21/21-1/#5826cfe98101c61bfc84d4634c6f898a4d9dd7be
AIを使ったセキュリティ技術,https://www.fe-siken.com/keyword/11/11-4/#718583193e47920742e309fe6b9084a1d60015f6
AIアシスタント,https://www.fe-siken.com/keyword/21/21-1/#709692e4c1839d5c19617792f81d039a60161c30
AIサービスのオプトアウトポリシー,https://www.fe-siken.com/keyword/21/21-1/#e285cfa0d36389ef8b20c3ac74e6cccbc210826d
AIサービスの責任論,https://www.fe-siken.com/keyword/21/21-1/#0768ef7d93f15b1d591b1f5ff79b393c10edffb2
AI利活用ガイドライン,https://www.fe-siken.com/keyword/21/21-1/#30d7fec9aebbf56b07eee1414ef431c81ebf7c98
AI利用者の関与によるバイアス,https://www.fe-siken.com/keyword/21/21-1/#152f922acffc3450964cd45c736c95aa08f0ced1
AI言語モデルのスケーリング則,https://www.fe-siken.com/keyword/22/22-1/#cd9d46b6a7d7d3119b69b5392149387dabdfecc4
Ajax,https://www.fe-siken.com/keyword/2/2-3/#e96e133edf2417f71af2cbe9a8e32a29e82791b8
AM,https://www.fe-siken.com/keyword/1/1-4/#80d305c58f97edfae92a3627f5a66d9bef4d8d46
AML・CFT,https://www.fe-siken.com/keyword/21/21-3/#08dd287b6ebb8e74e806282b5e2f1dc4705ca217
AND回路,https://www.fe-siken.com/keyword/3/3-1/#3852483bcb8834d6c936f5301cafbf0172b7a605
ANSI,https://www.fe-siken.com/keyword/23/23-5/#09b52ce6d8d3ca14c041a1ecfe44ca34c84c93c5
Apache,https://www.fe-siken.com/keyword/2/2-3/#0b5958b0f53cb499388dd9ee04a106a30b02c5d1
Apacheライセンス,https://www.fe-siken.com/keyword/5/5-5/#fc4ee4d0ba54eba413fddef715c8d1bfc4bdc268
API,https://www.fe-siken.com/keyword/5/5-2/#d93d10ff0fbef1b4aa0ddc24e10e907746d3c85a
APIエコノミー,https://www.fe-siken.com/keyword/20/20-1/#d60bab7b9f8e83e052a680beec7dd78d92780a26
APT,https://www.fe-siken.com/keyword/11/11-1/#cf28a6f2d2e9553e2ead36686de83008043221df
AR,https://www.fe-siken.com/keyword/8/8-2/#62a3ad0fef668c4e2a220f6982de94942fbf1d1e
ARP,https://www.fe-siken.com/keyword/10/10-3/#0fbb7f7297d51908f59bb2fc685f9f7c61e86edd
arp,https://www.fe-siken.com/keyword/10/10-4/#19ddb1621816bdf26c442877b9df5c497f4c6baf
ARグラス,https://www.fe-siken.com/keyword/21/21-4/#c77b3212a5f5c95838a47121e6a4632046f080c2
As-isモデル,https://www.fe-siken.com/keyword/17/17-1/#d3903ac8850728f0276f319420280edf3281f623
ASCIIコード,https://www.fe-siken.com/keyword/1/1-3/#5f86db883d9ad68e6ef97d366a98f01584916609
ASP,https://www.fe-siken.com/keyword/17/17-3/#98bce965fde770505c3bf67b2c2a39baec35720c
ATM,https://www.fe-siken.com/keyword/21/21-5/#03927f700749296a9e4ae0e7794cd87bf645274b
AU,https://www.fe-siken.com/keyword/8/8-1/#acdf41735f790252eae39bee834dcad0de587e3d
AVI,https://www.fe-siken.com/keyword/8/8-1/#9286e99f94774a005693fc2a552f10b5a724b343
AVL木,https://www.fe-siken.com/keyword/2/2-1/#a6acf46c18fc392b1eebb1f57daea9eb0c023b36
B-treeインデックス,https://www.fe-siken.com/keyword/9/9-4/#cff55430f81897182ed8ea47c76755bdc1364d01
BABOK,https://www.fe-siken.com/keyword/18/18-1/#4a8b577f61426199d26a74275895df0f591dfd91
BASIC,https://www.fe-siken.com/keyword/2/2-4/#0893567fc1d8f46c69a1bd9bf54d359d02b5dad7
BCA,https://www.fe-siken.com/keyword/11/11-1/#857768680b742d0a9226898298f4f0a957e7fb6a
BCD,https://www.fe-siken.com/keyword/1/1-1/#8149f2ff540f376a4d55a31e7c34450b76b0488d
BCM,https://www.fe-siken.com/keyword/22/22-1/#4ce94cf99d5520c72e0475e9dfea055baf7d2f36
BCP,https://www.fe-siken.com/keyword/22/22-1/#3d8631e4d9e9eb118072809372fe0231d108f0a7
BI,https://www.fe-siken.com/keyword/22/22-2/#d7713aeb5974b7bfed34766c382b48a76d81bdee
BLE,https://www.fe-siken.com/keyword/3/3-4/#eeffdd52d4cad9195e121fdaa002e3d5161537b6
BLEビーコン,https://www.fe-siken.com/keyword/21/21-4/#8e37d0661c278137c715fb413ef993451ab32807
Bluetooth,https://www.fe-siken.com/keyword/3/3-4/#c3b414887e43ebc5d686bc8947e0318546500908
BMP,https://www.fe-siken.com/keyword/8/8-1/#8306a543f91f1fd548cb382031a57ef6cd3bdffb
BPMS,https://www.fe-siken.com/keyword/17/17-2/#c78e476751ee6bd0056d9d5c6c6b959624784ef4
BPO,https://www.fe-siken.com/keyword/17/17-2/#2833bbcf7e5817821fe05f9991da947f5b4d9d5e
BPR,https://www.fe-siken.com/keyword/17/17-2/#c3cd8d7dbc37a6a8fa335f71cd298e7b217d4459
bps,https://www.fe-siken.com/keyword/10/10-1/#e0433f5016535f2fbaa5bd648d3925caaf6a363b
BSC,https://www.fe-siken.com/keyword/19/19-3/#1a6daf5bd75dd546055bce9221567b56c2da6664
BSDL,https://www.fe-siken.com/keyword/5/5-5/#0cc321608e76491d101768e40128db37303216af
BtoB,https://www.fe-siken.com/keyword/21/21-3/#b8fb64392f49339d0e4b5faeb3729449024d52af
BtoC,https://www.fe-siken.com/keyword/21/21-3/#d01a0c2ecd16950c9be9552ed48ff5d8653c2a24
BYOD,https://www.fe-siken.com/keyword/17/17-4/#2fd0a5ddf867f9f5075559e46e19c2d7459b580d
B木,https://www.fe-siken.com/keyword/2/2-1/#6a3dc5d875c4af62a93604665a2d80c4a16e3c89
C,https://www.fe-siken.com/keyword/2/2-4/#32096c2e0eff33d844ee6d675407ace18289357d
C&Cサーバ,https://www.fe-siken.com/keyword/11/11-1/#98c84430f4be42641b1776523350afb35a1490f7
C++,https://www.fe-siken.com/keyword/2/2-4/#fc2b4216164cfb01ac45112054b3fedda8b56c86
CA,https://www.fe-siken.com/keyword/11/11-1/#09acbb7d1da8aa3daff4c1ec8076713606974c64
CAD,https://www.fe-siken.com/keyword/8/8-2/#b821b203c038c046376e4b93c2e6663d2c992111
CAE,https://www.fe-siken.com/keyword/21/21-2/#ab04b1505e1b231780d068054ecd31564e803e7d
CAL,https://www.fe-siken.com/keyword/23/23-3/#691d7d5cb02920b958438dd0bc7c0f3017531999
CAM,https://www.fe-siken.com/keyword/21/21-2/#bb82c679881ea41592ef7c4b72a28bae7987cf61
CAP,https://www.fe-siken.com/keyword/21/21-2/#e477f54c3e8f747a211f3f9a8d818d6619991218
CAPP,https://www.fe-siken.com/keyword/21/21-2/#544e6f6f03a3905f658f2c209069a4ae44fe7d0f
CAPTCHA,https://www.fe-siken.com/keyword/11/11-1/#2d91cbf686b351676576ac028972d6cfd03500fe
CASE,https://www.fe-siken.com/keyword/21/21-5/#55c417bda058d7601349aeb7556e3d8607c77f5d
CBC,https://www.fe-siken.com/keyword/11/11-1/#56fe21163209fd8398405601090c40cdb82370d1
CCB,https://www.fe-siken.com/keyword/14/14-2/#248ea194b9e7377aead4817734ab4b11e04cfc87
CD,https://www.fe-siken.com/keyword/3/3-2/#07306c8e3c85378f3f7ab169c6863cdf220910c0
CD-R/RWドライブ,https://www.fe-siken.com/keyword/3/3-5/#42c92e4bee9651a3d62c07300bf303bd7922060a
CDN,https://www.fe-siken.com/keyword/21/21-1/#67b6c4b8addee6f0bec9b64fdc066f75fd594e81
CDO,https://www.fe-siken.com/keyword/17/17-1/#f5d838d92d8c18aead2114ad149b769fe5a5ef9c
CEO,https://www.fe-siken.com/keyword/22/22-1/#7a9fec60195477c930a09035192fb1a805a371e9
CFO,https://www.fe-siken.com/keyword/22/22-1/#f3f1496ddec9a3395d5cc8a46da56055563e05ea
CG,https://www.fe-siken.com/keyword/8/8-2/#fcebe90d638555b22eb34e8946fc51ec92611ca4
CGI,https://www.fe-siken.com/keyword/10/10-5/#422f720e7d72716b7017e69268406be073cfc7c1
CGM,https://www.fe-siken.com/keyword/21/21-3/#43b0e9c8170862f4820ff29d879e6574525e3c6e
CIDR,https://www.fe-siken.com/keyword/10/10-3/#36977700f4822e3e205bf0238bce67dbe3b91b01
CIM,https://www.fe-siken.com/keyword/21/21-2/#ae7ad2c85f91ab5892b444a69c9f0f88a737dbf6
CIO,https://www.fe-siken.com/keyword/16/16-2/#803cf5e56a030ace676d4ec190667a793e3c9d0b
CISC,https://www.fe-siken.com/keyword/3/3-1/#9394512b7254c8bd0b2beb0622cb5ece3d33876c
CISO,https://www.fe-siken.com/keyword/16/16-2/#c812345a0cf76205dcdd45b8733a630ee28603de
CMMI,https://www.fe-siken.com/keyword/13/13-1/#3064105debe32326310a15b925893566acdd3ff6
COBIT,https://www.fe-siken.com/keyword/17/17-1/#e2b0ea7c61e9e2ef3ae6408ad86c6338d6c0f8a2
COBOL,https://www.fe-siken.com/keyword/2/2-4/#90a2fc9d8928d812fbfa67cc8815fa975746d710
COCOMO,https://www.fe-siken.com/keyword/14/14-7/#46411aafdac67fed4a2d5ea9d6e0bad9d8375ca8
COCOMOⅡ,https://www.fe-siken.com/keyword/14/14-7/#5591b3c76c3bf0444ca4922713745559ebbf057a
COO,https://www.fe-siken.com/keyword/22/22-1/#3789be3d4be210c6ba239ed789a85ce0ff2ea4ba
cookie,https://www.fe-siken.com/keyword/10/10-5/#59c826fc854197cbd4d1083bce8fc00d0761e8b3
CORBA,https://www.fe-siken.com/keyword/5/5-2/#5c6e3e6a00681e68b5d48d144f73ad91043a310b
COSOフレームワーク,https://www.fe-siken.com/keyword/16/16-2/#062a125e14e57a4588f227380db16770ff264ead
CPAN,https://www.fe-siken.com/keyword/5/5-5/#ea0b6538392d829d8b749d944b7acd94dee0ddb6
CPI,https://www.fe-siken.com/keyword/3/3-1/#22b698df67591c55e545afce3c77fb9a309072d3
CPM,https://www.fe-siken.com/keyword/14/14-6/#58736669aa59428c3fbb12750693781461d0ecaa
CPO,https://www.fe-siken.com/keyword/22/22-1/#d944519ddf47587a6808d442f550bd409903ffca
CPRM,https://www.fe-siken.com/keyword/13/13-2/#e23c9c7399c929027ecd952296e851ac71649d81
CPU,https://www.fe-siken.com/keyword/3/3-1/#ff221d4752ce05f5a91bbf1d28b78a7bf7e2ddaa
CRC,https://www.fe-siken.com/keyword/1/1-4/#3841eeac1c198558bc461d49e9cd17c10d49aad4
CRM,https://www.fe-siken.com/keyword/17/17-1/#2a13d05eafbca696358dac2f2d62668ecb928796
CRMソリューション,https://www.fe-siken.com/keyword/17/17-3/#60c5ea5149f89399802f20f78b7747f6bd4811ee
CRYPTREC,https://www.fe-siken.com/keyword/11/11-2/#7b801f29cba4d2e402a63ee4a212feec6302ac9f
CRYPTREC暗号リスト,https://www.fe-siken.com/keyword/11/11-1/#6977a010769a83b158d7d95f382a2f146fc2cf42
CS,https://www.fe-siken.com/keyword/19/19-1/#0e0bd9224cae3992bdb822021f1daed06a2e0a72
CSA,https://www.fe-siken.com/keyword/16/16-2/#74ee33598f44bc3b85b722d5891406f07b44e359
CSF,https://www.fe-siken.com/keyword/15/15-3/#26a272d368f7a0ded2093637af1121af91bae4b3
CSIRT,https://www.fe-siken.com/keyword/11/11-2/#4aec7f7e14f7788d0965a3d96ddd441a866d79e2
CSMA/CD,https://www.fe-siken.com/keyword/10/10-2/#b897930a9639014636e1106ca528faea4c901953
CSR,https://www.fe-siken.com/keyword/23/23-4/#b8a8f8f527393b413ffb7f73b7c9c1ef02ef17c7
CSR報告書,https://www.fe-siken.com/keyword/22/22-1/#c4ea10c93ecbec835f4625c0f4d11abaa7903b2e
CSS,https://www.fe-siken.com/keyword/2/2-5/#194e13da720a1f025685e5d677eba8a1aff3860a
CTI,https://www.fe-siken.com/keyword/15/15-4/#a677da8eae0f25f7477a67244eb2a2c0e176204a
CtoC,https://www.fe-siken.com/keyword/21/21-3/#fe5fffb9cd67645b0594a4a8466f54576516a2df
CTR,https://www.fe-siken.com/keyword/11/11-1/#f9c744e8c0ecb712753e6342db41d199b59d9bf6
CVC,https://www.fe-siken.com/keyword/20/20-1/#a2a1b4ca576c6778aadca9ecdea60bb7ac93308f
CVR,https://www.fe-siken.com/keyword/19/19-2/#a085b6acc93fd37f7ee95cefd6aefd3fffeeafb7
CVSS,https://www.fe-siken.com/keyword/11/11-3/#57c970ca38aa3553dd9554f82b7d81a9db82abd5
D/Aコンバータ,https://www.fe-siken.com/keyword/3/3-5/#4a843f6bdc957622d47c7bab21545885cbb68f01
D/A変換,https://www.fe-siken.com/keyword/1/1-5/#cf151c09a6452f86cce2dcb3ae00bde2bdaecec7
DBMS,https://www.fe-siken.com/keyword/5/5-2/#7f7c57b6e99b6c28efd2fa06c31f8dffd3eb83f1
DDL,https://www.fe-siken.com/keyword/9/9-3/#20db4a1cb2d7d593c0c80b080392fcfcde5643e7
DDoS攻撃,https://www.fe-siken.com/keyword/11/11-1/#52a52250dc0d9579c66d55c27140ec090590b733
DE&I,https://www.fe-siken.com/keyword/22/22-1/#d81f6f26e471ca59759d39edce95396334552e55
DELETE文,https://www.fe-siken.com/keyword/9/9-3/#f2b0cd97ad40cfa29a133c84efc499b6422e555e
DevOps,https://www.fe-siken.com/keyword/13/13-1/#7f3f11f5478a9e233c7c8cac100e2bfaec97f4b5
DevSecOps,https://www.fe-siken.com/keyword/13/13-1/#d4236f4a269f15637ea12bb2402aacfbf16199b2
DFD,https://www.fe-siken.com/keyword/12/12-1/#847514237242f41bd83fa4ac58c791d5de59a090
DHCP,https://www.fe-siken.com/keyword/10/10-3/#a73114ea8476250a5278171bdfa0174ef4844d3e
dig,https://www.fe-siken.com/keyword/10/10-4/#9080a51cd6de0d21811853987cfdf739788fa5ef
DIMM,https://www.fe-siken.com/keyword/3/3-2/#1c9d48012e29293f4c12ccc71006acf59e815e06
DisplayPort,https://www.fe-siken.com/keyword/3/3-4/#ca6ad71f5c3be665046595cd0188bb6723579a23
DKIM,https://www.fe-siken.com/keyword/11/11-5/#fbf8f8265fb755fb9f1e049cb5c8b2052d551a12
DLL,https://www.fe-siken.com/keyword/5/5-2/#3508842bf9fb8d593a096c9d3872cc797fab996b
DMARC,https://www.fe-siken.com/keyword/11/11-5/#7023e86cdecbde7a60591d2b65d074f75f07845f
DMA方式,https://www.fe-siken.com/keyword/3/3-4/#cde1f6f20f9f0303f3e0822d9f116f56e6dd3022
DML,https://www.fe-siken.com/keyword/9/9-3/#52e0d1833c10d186f3a859c9dc8bcb81f608365f
DMZ,https://www.fe-siken.com/keyword/11/11-4/#138a224dc4c7d6212159c364335eaa64dfe586ec
DNS,https://www.fe-siken.com/keyword/10/10-1/#3ddc21b1eaa5ad6e57bb26bc517091c9b2d2e86d
DNSSEC,https://www.fe-siken.com/keyword/11/11-5/#a6aefe92c20a20e7ec0fcf6030bcff055df0b218
DNSキャッシュポイズニング,https://www.fe-siken.com/keyword/11/11-1/#c4e3ea6ee724ce3f8a690161dc8cdd5659edf64d
DOA,https://www.fe-siken.com/keyword/18/18-2/#da05e9960a0b7fb58a83f6c66f27ab2382d756e0
DOM,https://www.fe-siken.com/keyword/2/2-5/#61f6f421ef32670498c220ee8ee339df076a5ad9
DoS攻撃,https://www.fe-siken.com/keyword/11/11-1/#fb33799e5967f9811fc2b0f42f9f6fa8b31cf154
dpi,https://www.fe-siken.com/keyword/8/8-2/#2936c1a08885fccd241144eee15d97e0abecd116
DRAM,https://www.fe-siken.com/keyword/3/3-2/#747e8da564983ebb92f23f1119b10ccbe545684f
DRM,https://www.fe-siken.com/keyword/13/13-2/#efc0f9ecdf3bb3f8db54e60b0aa6ae1d7860c137
DTD,https://www.fe-siken.com/keyword/2/2-5/#e89825345af888d019c3ca060aaf072506138fc4
DtoC,https://www.fe-siken.com/keyword/21/21-3/#609aad6deb492688adbbd478e6e77c831929baa5
DVD,https://www.fe-siken.com/keyword/3/3-2/#ed287fcae465557a4fb55a9eae0a1d732023c176
DVD-R/RWドライブ,https://www.fe-siken.com/keyword/3/3-5/#fe173ccecc513824cc7f02866812d1884a70d07a
e-Gov,https://www.fe-siken.com/keyword/21/21-1/#6b290fa8da5f268c6084169ee253ca0939ae196d
E-R図,https://www.fe-siken.com/keyword/12/12-1/#d8492c9b65407faa635b6bfdfe797426b22769dc
e-ラーニング,https://www.fe-siken.com/keyword/17/17-4/#7a1444948012cc6aca1a385c91b1b93e222c243e
e-文書法,https://www.fe-siken.com/keyword/23/23-4/#851a1dc33298a7d2ebc35a3bad8305e5fada1d63
EAP,https://www.fe-siken.com/keyword/11/11-5/#8d97d373ab7cecdec12a384d1c799805b45ef049
EAP-TLS,https://www.fe-siken.com/keyword/11/11-5/#581221c5c54e9ae21bee01250b024fda63288798
EC,https://www.fe-siken.com/keyword/10/10-5/#5b2fbd0d968f4666937afc1686c0535f96c71f49
ECC,https://www.fe-siken.com/keyword/1/1-4/#b6bceb369e0cc5e85d219b376e80d087ce08e25c
ECMAScript,https://www.fe-siken.com/keyword/2/2-4/#6d85b2d399967a027efc0d611a548da5bc48a920
ECR,https://www.fe-siken.com/keyword/19/19-4/#1464bf617764d6ce507ddf649c11618c0b7f4d17
経営管理システム,https://www.fe-siken.com/keyword/19/19-4
EDI,https://www.fe-siken.com/keyword/10/10-5/#50a5cbd8f53c478528a6e55414d4350523c8ce76
EDINET,https://www.fe-siken.com/keyword/21/21-1/#f4c0482fa3a74414bed04bf328e74b26343941be
EFT,https://www.fe-siken.com/keyword/21/21-3/#55ebc76e8d84d051bf80051ce89da8656fd30b53
EJB,https://www.fe-siken.com/keyword/23/23-5/#7673028acc5b39722f16378363ca9b08897ef7c9
eKYC,https://www.fe-siken.com/keyword/21/21-3/#4f1e6aabf037113e06e35f38d04a3e5edf363d9b
ELT,https://www.fe-siken.com/keyword/9/9-5/#58f2cbbc8083c2c418aaedaa1353fe0283a0da67
EMS,https://www.fe-siken.com/keyword/21/21-1/#784f232de572564d4c83bd4e91c53dba1186b7c3
EMV3-Dセキュア,https://www.fe-siken.com/keyword/11/11-1/#08185b27e4af9dc46b7b2dced810e1ea9a34fe64
EOQ,https://www.fe-siken.com/keyword/22/22-2/#5c07beff9bfd616c5d556cbcf84210224ff2ef51
ERP,https://www.fe-siken.com/keyword/17/17-1/#6ab65864cb25d75bbcc138522c135b2a2cf96ce0
ESG投資,https://www.fe-siken.com/keyword/19/19-1/#b3b0d09f9af77417ac8aa2fb2382dde9f6d393b2
eSIM,https://www.fe-siken.com/keyword/10/10-5/#dd68a406ba2cc1aa3497eeaca5a57cd1d322ccde
ETL,https://www.fe-siken.com/keyword/9/9-5/#e34bb9491ce9f2cb2bd53db6d846cfd488be52fd
EUC,https://www.fe-siken.com/keyword/1/1-3/#0979861f08f8c62c6b00e5c27ed6a26ba1bd4070
EUD,https://www.fe-siken.com/keyword/5/5-4/#24037c14754ebb0a63310819ffbf5ab0948fcc3b
EVM,https://www.fe-siken.com/keyword/14/14-6/#0a65b5843d00c4b53546914121842c2314cc6bfa
Exif,https://www.fe-siken.com/keyword/8/8-1/#ede836a483186f5e70d719c3729c2378bf2112c0
eマーケットプレイス,https://www.fe-siken.com/keyword/21/21-3/#4a93b4151e258612cece6d1748b0c05b6931fcf0
FaaS,https://www.fe-siken.com/keyword/4/4-1/#93b9986fca4954538ba9e007a0ce67b2ac4948d5
FAQ,https://www.fe-siken.com/keyword/15/15-4/#03688ba6aa340b87549088aa5739944cb6b1dc73
FATファイルシステム,https://www.fe-siken.com/keyword/5/5-3/#b0929fcf283d6a35b5e8743771c6267e2d927290
FAシステム,https://www.fe-siken.com/keyword/21/21-2/#bbe4c16427e3f37bc69e89db7ee4be38b566c2f5
FDM,https://www.fe-siken.com/keyword/1/1-4/#e8cf09538e842893c0a21768b301c40702c7876c
FIDO2,https://www.fe-siken.com/keyword/11/11-1/#0346b3fd6d35d5d47b192f735c20599964825081
FIDO U2F,https://www.fe-siken.com/keyword/11/11-1/#5ea80eebba526a26b218998beda79d9a99012091
FIDO UAF,https://www.fe-siken.com/keyword/11/11-1/#6b4722e036b8995d7ee89cf32d5a67211a12b342
FIFO,https://www.fe-siken.com/keyword/5/5-1/#07c257b16606b468b4287bbfd069963fcb6c04a5
Fit to Standard,https://www.fe-siken.com/keyword/18/18-1/#2ea102650a9cc383b0205bae67e10f675b4ac2c2
FLOPS,https://www.fe-siken.com/keyword/3/3-1/#be5eab02f18ed613b95a70adbc1dfbc951ececc8
FM,https://www.fe-siken.com/keyword/1/1-4/#6621592cdddcdd4b180820c8005d6d74a2d7503d
FMC,https://www.fe-siken.com/keyword/21/21-2/#2348434bbe01ad7e6030a6b7d11bc5779b87db56
FMS,https://www.fe-siken.com/keyword/21/21-2/#9fc598a50308ab5e10e1325175120820b8233332
Fortran,https://www.fe-siken.com/keyword/2/2-4/#c3f0de58c24fd08aad88ca0d5c72e8a6e3685a28
FPGA,https://www.fe-siken.com/keyword/6/6-1/#cef7f9bd367342ef7af7093d320c4256e6710765
FreeBSD,https://www.fe-siken.com/keyword/5/5-5/#b845fdaff1bf49c014dff506cfa6bdc63dadd835
FTP,https://www.fe-siken.com/keyword/10/10-3/#acb28212fba0272ee990cebd571ebe09b463312e
FTTH,https://www.fe-siken.com/keyword/10/10-5/#340f6fabefcdf8213488b7a496b5aea12c1b717e
GIF,https://www.fe-siken.com/keyword/8/8-1/#758f6c9347b91091c38ad698a8eba6aeac47b9c4
GISデータ,https://www.fe-siken.com/keyword/22/22-2/#2a1a203865cd5dff28f1b7b9c45f62cc0633fe38
Go,https://www.fe-siken.com/keyword/2/2-4/#2e0b45f2a456e8db55f08d7b65e87593a3e9a140
GPKI,https://www.fe-siken.com/keyword/11/11-1/#3105daedf192edd18851c4bfb8f24219d3489af5
GPL,https://www.fe-siken.com/keyword/5/5-5/#31fe0bd96e05d07216701ff457b8adaf6462379b
GPS応用システム,https://www.fe-siken.com/keyword/21/21-1/#d37509d2feee383573a938cdd6c9aa7edc50eab3
GPU,https://www.fe-siken.com/keyword/3/3-1/#a6a6318544c9b361fc08c6ed94696c4d207d2748
GRANT文,https://www.fe-siken.com/keyword/9/9-3/#57b5e9c1cdbe2fccce97991a5c2adce202de550b
GtoB,https://www.fe-siken.com/keyword/21/21-3/#1385248583be77bfdfb4ee58399673f6f60b18c3
GtoC,https://www.fe-siken.com/keyword/21/21-3/#d95b7fa00bdf0df3feba1924afd64dd585639a39
GUI,https://www.fe-siken.com/keyword/12/12-1/#75ebc687f6257857cd417c34b00fa35ec1f0c809
GXリーグ基本構想,https://www.fe-siken.com/keyword/22/22-1/#478955d0c89e3443e20dd02112f2ea0d472842e3
GX推進法,https://www.fe-siken.com/keyword/23/23-4/#2af553c4cfe4a0b90b892c055323f3d879349454
GX脱炭素電源法,https://www.fe-siken.com/keyword/23/23-4/#ef3afb4bbe816cf28f1d2488b1fe972397a919bb
H.264,https://www.fe-siken.com/keyword/8/8-1/#809a0963338740ca23d7a9024cb9dd13f2c8f732
H.265,https://www.fe-siken.com/keyword/8/8-1/#2686c0ae52f19c64ed8aa6d8971cd1430e71bade
HDB,https://www.fe-siken.com/keyword/9/9-1/#d0b40a7d5b4e7e4685e62fe78ca405e3f8cc9335
HDLC,https://www.fe-siken.com/keyword/10/10-2/#2a7f09e3b8f0838f05ab54c38b2529e6a31b6d85
HDMI,https://www.fe-siken.com/keyword/3/3-4/#aa7cc8a0ecca6d861b249485921eb7eb57fbf5e4
HEIF,https://www.fe-siken.com/keyword/8/8-1/#9d1c9ad7e2220050f18cf4c5021cf5b69cbdeb6c
HEMS,https://www.fe-siken.com/keyword/21/21-4/#cd46f07b426c7124cec46d2beadbd867257dfe91
HEVC,https://www.fe-siken.com/keyword/8/8-1/#58045d560cedbee68e40a80acbb778de7cf0b2a3
HIPO,https://www.fe-siken.com/keyword/12/12-2/#cb4ac7cf66d2d32f548a1913a9516675fab46052
HPI,https://www.fe-siken.com/keyword/22/22-1/#59b38e73c8af473ed6fd82b49c6778f85b9a017c
HRテック,https://www.fe-siken.com/keyword/22/22-1/#cf7620f46753b3d1f38312984f79c13eaaef9e57
HTML,https://www.fe-siken.com/keyword/2/2-5/#9f738ce8457f291b18ee47e665e96baa84f38fcd
HTMLメール,https://www.fe-siken.com/keyword/10/10-5/#edc27fa79ca920c7be0444281da51eb9b4addf67
HTTP,https://www.fe-siken.com/keyword/10/10-3/#f40b27d6b8b9a4fc3827264c1da16a04ecf4d094
HTTP/2,https://www.fe-siken.com/keyword/10/10-3/#396826d4135990391d3176f7b40c9091eed2c0d3
HTTP/3,https://www.fe-siken.com/keyword/10/10-3/#2499263118a97afeb92c95d38b1bf9a02a952c16
HTTPS,https://www.fe-siken.com/keyword/10/10-5/#f52698c28f0d2036450e02a85451ee4f5be02442
IaaS,https://www.fe-siken.com/keyword/4/4-1/#176058cc24e2e9786b1547210b72d03ef45480c7
IaC,https://www.fe-siken.com/keyword/4/4-1/#aca5adb7342ad6e6819c821eb63a537d82da7ac7
IC,https://www.fe-siken.com/keyword/6/6-1/#94ce9e96603988fed3a5ea95b3e90629808719d5
ICE,https://www.fe-siken.com/keyword/5/5-4/#97e6907b70a51197746c7a59244053494e95092c
ICMP,https://www.fe-siken.com/keyword/10/10-3/#05eceda6422a03ec5753d0eadfaabf336216fa00
ICカード,https://www.fe-siken.com/keyword/11/11-1/#df6831849810ec8f555d188ba3672dae24f82c41
ICカード・RFID応用システム,https://www.fe-siken.com/keyword/21/21-3/#702ed228e72c851891febefc137164b866a08ca5
ICカード読取装置,https://www.fe-siken.com/keyword/3/3-5/#59128dcc6825c20594c086b0250cf7aa81fed30c
IDE,https://www.fe-siken.com/keyword/5/5-4/#6b4059c9b5820041f826f688b6e57c7201e42d5f
IDF,https://www.fe-siken.com/keyword/10/10-1/#5685cf86242bf47217b18977c898d5a7910606d5
IDS,https://www.fe-siken.com/keyword/11/11-4/#c2741ac6e2ce3a7af8bbcc4308c41045c41a28e8
IEC,https://www.fe-siken.com/keyword/23/23-5/#fab9fa5af6726f4fbc7c7dbc87a28acfc40a63e9
IEEE,https://www.fe-siken.com/keyword/23/23-5/#91e003cabbbc52544795f505584d809fe4bf1cdc
IEEE802.11a/b/g/n/ac/ax,https://www.fe-siken.com/keyword/10/10-3/#8fbe9fe36e7876e9e569e39377fadbba3bef241c
IETF,https://www.fe-siken.com/keyword/23/23-5/#aea80ada688c48062d55019e094cc1143e3a0adc
ifconfig,https://www.fe-siken.com/keyword/10/10-4/#5d3342dd7f0ce7f842a9784d3e079cab7f270414
IFRS,https://www.fe-siken.com/keyword/22/22-3/#e48c950594973ebabbc60feb6b83ff3272b0e3af
IMAP,https://www.fe-siken.com/keyword/10/10-3/#271f9ef2ea16868dc1f492eb21741835493a94db
IMAP4,https://www.fe-siken.com/keyword/10/10-5/#2acf2c31a300a0e2ed57748e4ae294dd7cc577b1
INSERT文,https://www.fe-siken.com/keyword/9/9-3/#e399bf8387c5cb4685fa36b0cdea4d40ee04d2dd
IoT,https://www.fe-siken.com/keyword/12/12-1/#a96d281ca3e6d196b4f9c21b9437327246b024a0
IoTのセキュリティ,https://www.fe-siken.com/keyword/11/11-4/#a4806c2cd3f83056652c3c5f0a32226b852c81d2
IoTエリアネットワーク,https://www.fe-siken.com/keyword/10/10-5/#054030d2769a6bada3eda53c1969f4bcbeed27f6
IoTセキュリティガイドライン,https://www.fe-siken.com/keyword/11/11-2/#5ff4345f85e66d1f78c0010eedac82de71a1c13a
ip,https://www.fe-siken.com/keyword/10/10-4/#f9aba3f1299b4a48e75ee40ef3baf522152a817c
IP-VPN,https://www.fe-siken.com/keyword/10/10-5/#f0c61ba76fe0030ef7a9e985ba05dd56ddc72887
IPAセキュリティセンター,https://www.fe-siken.com/keyword/11/11-2/#2031142c2994967e63c51784aaf04b475c931a74
IPoE,https://www.fe-siken.com/keyword/10/10-3/#a39858e27735e591d1ec1f0decb920dd156e9660
IPS,https://www.fe-siken.com/keyword/11/11-4/#d5c8985199ee3d58f28db8438697c38a66311ee3
IPsec,https://www.fe-siken.com/keyword/11/11-5/#7b6db74172ffd7f57f60ec45ee638082a2585f02
IPv4,https://www.fe-siken.com/keyword/10/10-1/#f8a4e52fe170a6b87d8e8f324c9e46497e3e1a1e
IPv6,https://www.fe-siken.com/keyword/10/10-1/#76b87a32829da0e088c31c0164cdf7f5b10ecba9
IPアドレス,https://www.fe-siken.com/keyword/10/10-3/#b2197f34b8dde58fb1214d52f247e55f0ce26963
IPスプーフィング,https://www.fe-siken.com/keyword/11/11-1/#b511ee398f5fc443454c69755d58f4df58c2c04f
IP電話,https://www.fe-siken.com/keyword/10/10-5/#8ba1970620612034bd4cdb9fefe6c160df042621
IR,https://www.fe-siken.com/keyword/22/22-1/#8d784dbff490cf70da1e54986bdf5fcda5b9036d
IrDA,https://www.fe-siken.com/keyword/3/3-4/#c9e999a4213cbec0cd73c5ccc9b56600cbd05eee
IRDS,https://www.fe-siken.com/keyword/9/9-5/#9448df056b94ae8af6c3f0f7e8373fda10b8c606
IS,https://www.fe-siken.com/keyword/23/23-5/#ec4a2a5056d72d8e03345caaebf4607d163e6dd7
ISAC,https://www.fe-siken.com/keyword/11/11-2/#dcc17d82b70b27a1df9f293f46e987d4e0fedf57
ISBNコード,https://www.fe-siken.com/keyword/23/23-5/#5461cfe4b03718fa9732335f941def344be06813
ISMS認証,https://www.fe-siken.com/keyword/11/11-2/#84947c037f4bfd9f2cf768a50d279f6eb60a322b
ISMS適合性評価制度,https://www.fe-siken.com/keyword/11/11-2/#15b89a8995dc83f0d3c7c5e30fa299a90b1e70f3
ISMS適用範囲,https://www.fe-siken.com/keyword/11/11-2/#e79b3e7277b0dadce9f983484f34970b54acdc29
ISO,https://www.fe-siken.com/keyword/23/23-5/#4f325d995b6d028ccc75771b1679537b623521c4
ISO/IEC15408,https://www.fe-siken.com/keyword/11/11-3/#40e75412022b9c4adcddc64b8b68d17ad0f32b00
ISO 9000,https://www.fe-siken.com/keyword/12/12-2/#3ea748e4ac31ad56e9b0febbf885112fb54ebc3b
ISO 14000,https://www.fe-siken.com/keyword/23/23-5/#9a1aec48ff1d90a812693912f65f37b69eb10c6e
ITFコード,https://www.fe-siken.com/keyword/23/23-5/#fd662cee478b1621cd8ef673d54c4b5e96f21dfd
ITIL,https://www.fe-siken.com/keyword/17/17-1/#fc6d24823f7ec5c6d5f85cb32a600cf23723cdf3
ITS,https://www.fe-siken.com/keyword/21/21-1/#44a6cf60bebc850da97b32992db610a916743e5d
ITU,https://www.fe-siken.com/keyword/23/23-5/#5775b600af426bba84f3fc7ff9704558c0ba4958
ITが内部統制に果たす役割,https://www.fe-siken.com/keyword/16/16-2/#6ff125f1841938167d67bad9b630e1752a1f36ad
ITへの対応,https://www.fe-siken.com/keyword/16/16-2/#d4bfac5ccb61642501ff6286e60957258c0377d1
ITガバナンス,https://www.fe-siken.com/keyword/17/17-1/#8571fdac2b43f9cecc74bfc862e5e00c3cee9eab
ITポートフォリオ,https://www.fe-siken.com/keyword/18/18-1/#37c8c78f5daf1ab3a0ee5813441102576729ef35
ITリテラシー,https://www.fe-siken.com/keyword/17/17-4/#caa5457ffeefb6d8b125c824a0754ecfb29c1765
IT投資マネジメント,https://www.fe-siken.com/keyword/17/17-1/#4d96a6fad98476424c1c93f896671071378e9bef
IT統制,https://www.fe-siken.com/keyword/16/16-2/#f6780da730c535552482d8f8c547aa5f26f7118b
IT製品の調達におけるセキュリティ要件リスト,https://www.fe-siken.com/keyword/11/11-3/#69b456ed15c163ded49297b2a6299dc678a74a59
J-CSIP,https://www.fe-siken.com/keyword/11/11-2/#d0629ab937bfc5fd898195c490f29a139f572b12
JANコード,https://www.fe-siken.com/keyword/23/23-5/#590b12cd2d243bc9d9cc9cdf2ba5bd5bb7ef926f
Java,https://www.fe-siken.com/keyword/2/2-4/#e027e57610f85225767aafbbf23fed7457e55828
Java Beans,https://www.fe-siken.com/keyword/5/5-2/#28910741086a77b957781bcd12e6c63850560cd8
JCA手順,https://www.fe-siken.com/keyword/21/21-3/#661dc8752514cba6ed0ba9f6a3e68a15b69ee51a
JCMVP,https://www.fe-siken.com/keyword/11/11-3/#ce4dd7efca737b4f714ee7b2862aaa5604f3d98f
JIS,https://www.fe-siken.com/keyword/23/23-5/#0b9078e9d8e3423fda709337cb5b51cf6325d7f7
JISC,https://www.fe-siken.com/keyword/23/23-5/#dedcd5eb6219475181b6fdf3e4598383565cc4ce
JISEC,https://www.fe-siken.com/keyword/11/11-3/#a6277abe033951ddcc82393be30bd3bf89ae055d
JIS Q 9001,https://www.fe-siken.com/keyword/15/15-2/#1d5fb0169c00d77635a9f9dde087da7d842d10a5
JIS Q 14001,https://www.fe-siken.com/keyword/23/23-5/#bbbacf8a632a00c06feed45f8b511947b48c20ef
JIS Q 15001,https://www.fe-siken.com/keyword/16/16-1/#e9aab42af2ca3bd8d025c2e509c7d27f935667b6
JIS Q 19011,https://www.fe-siken.com/keyword/16/16-1/#5cc375cfd27bb8f68996ea43a63a47c5a7410c7a
JIS Q 20000規格群,https://www.fe-siken.com/keyword/15/15-1/#71a0f764650541fe9c5d03ca46ea50ee1e146432
JIS Q 21500,https://www.fe-siken.com/keyword/14/14-1/#5e3c6bbf6028fb2aa1e9eb485489d972d49a87df
JIS Q 22301,https://www.fe-siken.com/keyword/22/22-1/#626278eff0cfafcdba14d6465bed786cb57b677a
JIS Q 27001,https://www.fe-siken.com/keyword/11/11-2/#acfa3f1ea242e792e698d2d38c6c2210769bb860
JIS Q 27002,https://www.fe-siken.com/keyword/11/11-2/#03151fba23406d5a5e7192535e43ca7b1b3e377d
JIS Q 38500,https://www.fe-siken.com/keyword/16/16-2/#60dcdff9d4bc105e3583f5a725196e38c989fdf6
JIS Q部門,https://www.fe-siken.com/keyword/23/23-5/#0b63e47a4254801e517ec82946c4f84f164681b2
JIS X 0160,https://www.fe-siken.com/keyword/13/13-1/#62059368e5566fadcc7a6efb5faa7e42be72d7f0
JIS X 0170,https://www.fe-siken.com/keyword/23/23-5/#ca6b575dfc256b7aea1dd76df7806e0a4f589f22
JIS X 7011-1,https://www.fe-siken.com/keyword/21/21-3/#aef16c37597d51c4cdc8f0a4e0bb5dd885e5e345
JIS X 7012-1,https://www.fe-siken.com/keyword/21/21-3/#b0aaf3b075360e3db0a473c8db7a7c92877042a2
JIS X 8341,https://www.fe-siken.com/keyword/7/7-2/#83eb26b6a7a6eab6fb20b82df65c0621bd81cef9
JIS X 25010,https://www.fe-siken.com/keyword/12/12-2/#36f8ca2612a80caabc9e36d9e88a5bf58dffd112
JIS X部門,https://www.fe-siken.com/keyword/23/23-5/#7e55ce6f9cef7018d64f9c8d50f9548c590d7ac3
JIS Z 8530,https://www.fe-siken.com/keyword/7/7-2/#6c24fbb44584567a3094312b07de900f1a9482f4
JISコード,https://www.fe-siken.com/keyword/1/1-3/#1e5cf493a971be0cdea95a430d901968d8e4fce4
JIT,https://www.fe-siken.com/keyword/21/21-2/#eb5d2f4a58038c71155ddcf3cea35dc3c6d34501
JPCERTコーディネーションセンター,https://www.fe-siken.com/keyword/11/11-2/#1acc3f68b1a8c5f772f0294d4bebb065b5a20c35
JPEG,https://www.fe-siken.com/keyword/8/8-1/#a45885aac538290762a4f7f3317abf411bb16059
jQuery,https://www.fe-siken.com/keyword/5/5-5/#00853d73f19844948fadbc48d500f997c46f7ee4
JSA,https://www.fe-siken.com/keyword/23/23-5/#e2efc2206159f2d25062d654cb0dfc121cf087c3
JSON,https://www.fe-siken.com/keyword/2/2-5/#031a4e76f0b39d0df073d934da5fc48da8d737e5
Julia,https://www.fe-siken.com/keyword/2/2-4/#e64d664b335757ab1b0ed70dc6883a5f412be34b
JVN,https://www.fe-siken.com/keyword/11/11-2/#3497a7701213f880f2ab9109ed1e9196da618f5c
Jアラート,https://www.fe-siken.com/keyword/21/21-1/#0e9bf4700e3d395abd5e93da2a34b3ffb290da83
KGI,https://www.fe-siken.com/keyword/15/15-3/#63833ec11d2b264ea80366947bbdedee352cd20c
KM,https://www.fe-siken.com/keyword/19/19-4/#728b37fe524bbd27f3f78e1ada48125386eebad5
KMS,https://www.fe-siken.com/keyword/17/17-1/#25e1e91f7bc0a7ae63020fce163abd400ece7454
KPI,https://www.fe-siken.com/keyword/15/15-3/#bfe8b8d109494c9e6d94bf2c2024ad1caef0c82c
KPT,https://www.fe-siken.com/keyword/13/13-1/#3b2c1e35f9b41c23b09ba80f0bccacb98eb42de8
LAMP/LAPP,https://www.fe-siken.com/keyword/5/5-5/#bd0fc95b7bc3ce4db23216ad888579fdb4e2cb3a
LAN,https://www.fe-siken.com/keyword/5/5-1/#2ecd17a073dedc8b4eecfdeda828d8fa0f3a7c11
LDAP,https://www.fe-siken.com/keyword/5/5-1/#d8343c683ae1584c96390fa627005bc1bb0719cd
LED,https://www.fe-siken.com/keyword/6/6-1/#ff13c9e7f8618ddae38a679e53311efe7523605c
LGPL,https://www.fe-siken.com/keyword/23/23-3/#380cc220ddef5b24102ae9df5e0a03fc4c2aec19
LGWAN,https://www.fe-siken.com/keyword/21/21-1/#0af5db7cac2bbc70c28ba7b3ece92d75335cdff5
Linux,https://www.fe-siken.com/keyword/5/5-5/#83ad8510bbd3f22363d068e1c96f82fd0fcccd31
Linuxカーネル,https://www.fe-siken.com/keyword/5/5-5/#afd55ee8d20dd4f69a974724187f3d909095a7f1
LOC法,https://www.fe-siken.com/keyword/14/14-7/#a2ef619fadf5d0701a17e2f97ac6a550b75ddf4f
LPO,https://www.fe-siken.com/keyword/19/19-2/#eae5e4c21d63934583095ee49167b43ed2a69982
LPWA,https://www.fe-siken.com/keyword/10/10-5/#4a735352d7876ab9f5baa782404f383d9a2f84a1
LRU,https://www.fe-siken.com/keyword/5/5-1/#843ecc562e3b5bdf78adf1295d7c5b57d55df82d
LSI,https://www.fe-siken.com/keyword/6/6-1/#81ae0bd27d8c4981391736de958a0f16374f48e6
LTE,https://www.fe-siken.com/keyword/10/10-5/#5e997a47e552db36eb0db3c627573ed20ae33cb8
M&A,https://www.fe-siken.com/keyword/19/19-1/#ea3d67993a10be2a3041144f7301bd2eab76754b
M2M,https://www.fe-siken.com/keyword/21/21-5/#19793c9e3a4cddf84a62d2673e9a3c0d3aa00c94
MaaS,https://www.fe-siken.com/keyword/21/21-5/#b7cfd207aba22d2933e6661675fcda2a1b5b43f9
MAC,https://www.fe-siken.com/keyword/11/11-1/#a8df7b671cd72e7f847737d5b5be88444ad977a4
MACアドレスフィルタリング,https://www.fe-siken.com/keyword/11/11-5/#e09435f629f388b8ecb0aa24a00ed2fdd51908fb
MDF,https://www.fe-siken.com/keyword/10/10-1/#34e6e022a644e48b962b5775720a66bc0abf4120
MDM,https://www.fe-siken.com/keyword/11/11-4/#23b24269e89416fecace4d2f47e81419e10dd283
MIB,https://www.fe-siken.com/keyword/10/10-4/#ccb6fc454a0e30cb965e263e24286941ecc26dd0
MIDI,https://www.fe-siken.com/keyword/8/8-1/#fa92afe0f3c6456fc1e6f68f3cf40a689aed3313
MIMD,https://www.fe-siken.com/keyword/3/3-1/#56d15d7d801923c4cae763764f2d2ea617024411
MIME,https://www.fe-siken.com/keyword/10/10-5/#2d4aa5a5271bf55bf5139dda546f0f30ba06a6bd
MIMO,https://www.fe-siken.com/keyword/10/10-5/#0e1d9d250b938b0c5102d55f5d40caac53139b6c
MIPS,https://www.fe-siken.com/keyword/3/3-1/#e69ddd7787e218de32ca0ba8719ec655813924e7
MISD,https://www.fe-siken.com/keyword/3/3-1/#56009076438b821a919865b48634a4c55bde89ae
MITB攻撃,https://www.fe-siken.com/keyword/11/11-1/#cb480242fce022b9a9e80ea66b73b40bcab2aead
MLOps,https://www.fe-siken.com/keyword/13/13-1/#d9482180f59e79174eca8f187d2751487abbb564
MMR,https://www.fe-siken.com/keyword/8/8-1/#bea07f9ffaa7ed0c405670612890feff14b4f689
MOT,https://www.fe-siken.com/keyword/20/20-1/#a433857a492fb4457141c4c30d43b73061b25215
MP3,https://www.fe-siken.com/keyword/8/8-1/#79786dc4274256d750539eb61831a9e5fc83b5d8
MPEG,https://www.fe-siken.com/keyword/8/8-1/#0a61a8417f960842a78a980ce6b338cf4d68a63b
MPL,https://www.fe-siken.com/keyword/5/5-5/#ef0a94b9a62b3668568cf82267088e679c5044bd
MR,https://www.fe-siken.com/keyword/8/8-1/#208a402074139f6a27db5b2cd0c17efc5aec6579
MRP,https://www.fe-siken.com/keyword/21/21-2/#cd74a166634bc79f8de3010a3a6d52d6e975107c
MRグラス,https://www.fe-siken.com/keyword/21/21-4/#4928caa06398323a69371b3d9f2a955feade56f3
MTBF,https://www.fe-siken.com/keyword/4/4-2/#76ec7769f2b0334b2952582dbb8fb00941d0e08c
MTTR,https://www.fe-siken.com/keyword/4/4-2/#b97d336788fa32b139976f7d9205c166d7e786c8
MVCモデル,https://www.fe-siken.com/keyword/12/12-2/#869d875952b7c983ed204db133e3f99049548e9b
MVV,https://www.fe-siken.com/keyword/19/19-3/#6ea6a38ec2b02d3078ef59c390e53f0b3ee8c38c
n-gram,https://www.fe-siken.com/keyword/2/2-2/#01d4204bf1aebc4d38e7afabc48f118b7ec8b0a7
NAND回路,https://www.fe-siken.com/keyword/3/3-1/#3a6aead5a550620dea6c4fc58e09bbb41944ce3d
NAPT,https://www.fe-siken.com/keyword/10/10-1/#48dafa254590f2838144fd9ef23b66ec9809c71d
NAS,https://www.fe-siken.com/keyword/4/4-1/#e75dedcc315971ca035b9f33d5ff4a268f0acad9
NAT,https://www.fe-siken.com/keyword/10/10-1/#4d4833f5f70b39eb378a07ac01ffa31503c10b2d
NC,https://www.fe-siken.com/keyword/21/21-2/#ee2493b90e1342d0219ace167d7fdfeb9ab6a044
NDA,https://www.fe-siken.com/keyword/23/23-3/#0359f69eae4f3eb3531ad5b0a0d43cd002d42e11
NDB,https://www.fe-siken.com/keyword/9/9-1/#72ae5854fd5c8bb7385e0a152a24dfc3412d9290
NetBSD,https://www.fe-siken.com/keyword/5/5-5/#3e9e1f6f189ff8e4d505c81b54a796d5e66a2542
netstat,https://www.fe-siken.com/keyword/10/10-4/#2d6501955c06e0e61d7a5183c5c587c20883c010
NFC,https://www.fe-siken.com/keyword/3/3-4/#65f7a7975a56db5ec358ccb0b002dc4ac813a5a6
NFT,https://www.fe-siken.com/keyword/21/21-3/#39321b8dd320c3f9382a97f922a58893492e573a
NFV,https://www.fe-siken.com/keyword/10/10-4/#73fe425370cdc33230d0ba665f8fe284b9503a86
NoSQLデータベース,https://www.fe-siken.com/keyword/12/12-2/#873b84af52996f330eaa7eb1bdbae742841904e4
NOT回路,https://www.fe-siken.com/keyword/3/3-1/#554d849440c654bcc8c91166c967ff01e1ffce12
NS図,https://www.fe-siken.com/keyword/12/12-2/#815b89fc6fc34a7e31ca1975c1b649e0d4614253
NTFS,https://www.fe-siken.com/keyword/5/5-3/#ff5890de187c00f053bb83dbdff663ba4666cae1
NTP,https://www.fe-siken.com/keyword/10/10-3/#78a61edc526d45fb768660995e2f6179b5b3cb7b
NUI,https://www.fe-siken.com/keyword/7/7-1/#509fd3a76034dd5b5d415be682275faaf2d96177
NULL,https://www.fe-siken.com/keyword/9/9-2/#eef19c54306daa69eda49c0272623bdb5e2b341f
OAuth,https://www.fe-siken.com/keyword/11/11-5/#ec55bb4c0abfdf374833bccaf8cca81f159223e2
OBS,https://www.fe-siken.com/keyword/14/14-5/#e7905f3b1b9dc20623e0b483a14e2f3949529d2c
OCR,https://www.fe-siken.com/keyword/3/3-5/#fd470836e08bcf4a40da632828e76937db00e760
OCSP,https://www.fe-siken.com/keyword/11/11-1/#de199d427bc328423fa21cd12bd85249ff81018e
OC曲線,https://www.fe-siken.com/keyword/22/22-2/#47af8c67a4bd0107b1c99be3c228893b98c98ba1
OECDプライバシーガイドライン,https://www.fe-siken.com/keyword/23/23-2/#685731104e74da9f63283a7247ff827f15630938
OLTP,https://www.fe-siken.com/keyword/9/9-5/#751cc96735bf8b84aef2fec3e06efb1b1a5b1ccc
OMG,https://www.fe-siken.com/keyword/23/23-5/#7982013e6d3b7ed1408275836be0c6acb1917bfc
OMO,https://www.fe-siken.com/keyword/21/21-3/#ba67c7b99c0bc8b4c29d51bc19fb9f05f15cc389
OMR,https://www.fe-siken.com/keyword/3/3-5/#afb75a62048a852eaef1d2ce00662e9cea088c59
OODB,https://www.fe-siken.com/keyword/9/9-1/#7510302c25700c4d67a5c8e633eb21ac2835d0ef
OP25B,https://www.fe-siken.com/keyword/11/11-5/#dca5adcfa6af46a0e91be9f081bf07a179d76332
OpenBSD,https://www.fe-siken.com/keyword/5/5-5/#db3951317261fd51cb4c1a3e01c4748b4896c421
OpenFlow,https://www.fe-siken.com/keyword/10/10-4/#418d366f2e53425ab2c4a9a3bea014e690545550
OR回路,https://www.fe-siken.com/keyword/3/3-1/#4f8eee6a549049c3ea2b2424c46a074080d75c4d
OS,https://www.fe-siken.com/keyword/5/5-1/#de8aa86286dbb8eb74d2748c7b6d4486d0458203
OSGi,https://www.fe-siken.com/keyword/5/5-2/#f5bd86a2929ff840c45d76159d984c1239906a9d
OSI基本参照モデル,https://www.fe-siken.com/keyword/5/5-1/#414a21f4da09f7ffd30de15c17fce4d7ea6b0419
OSS,https://www.fe-siken.com/keyword/5/5-5/#47752e2b042c3dee3657a7caaecfedf3d65e772a
OSSライセンス,https://www.fe-siken.com/keyword/23/23-3/#eea52f80bc6df2d084ae8ff0bf67ff07791f4d19
OSコマンドインジェクション,https://www.fe-siken.com/keyword/11/11-1/#361de788dc0965838f0c5a47edade15c7eff78f4
OtoO,https://www.fe-siken.com/keyword/21/21-3/#0fca1eca3a0aa6ad0fe43bc1fbc4d26f456f9806
PaaS,https://www.fe-siken.com/keyword/4/4-1/#dec7615f742b218df3e23dd8ffdefe258d7cdb6a
Pacal,https://www.fe-siken.com/keyword/2/2-4/#796e0220610025b0d6b54c2b36a8bb8457722e3e
PCI,https://www.fe-siken.com/keyword/3/3-3/#eb178d7c754cced4e4f77d9ce387f0648bed3c8d
PCI DSS,https://www.fe-siken.com/keyword/11/11-2/#436108341ec283b3c50028dfe65b6d562c8ff2fb
PCM,https://www.fe-siken.com/keyword/1/1-4/#865c26a20a2058975b0ac048ddfbcce3a9ece1c0
PC用OS,https://www.fe-siken.com/keyword/5/5-1/#1155bb5aab8711e344726287b1be656f432814de
PDCA,https://www.fe-siken.com/keyword/15/15-2/#bd0fe7552d5d7450581e0837190dad77b5fbbdbd
PDF,https://www.fe-siken.com/keyword/8/8-1/#d613d88cb2d86f484f6f82d44ac1fc60722abe20
PDM,https://www.fe-siken.com/keyword/21/21-2/#935fa08f88a9ce2ce32ede7f7c6fc71e762c9a47
PDPC,https://www.fe-siken.com/keyword/22/22-2/#fec653eebce0f40afd2d7c819367c8183432e168
PEAP,https://www.fe-siken.com/keyword/11/11-5/#9f1edfa9e33c1629c8c9b691510db1c4bcd86ccb
PEAR,https://www.fe-siken.com/keyword/5/5-5/#145c01c620170c3ab3ab1215a0dfe84a56338dba
Perl,https://www.fe-siken.com/keyword/2/2-4/#f111d810e7ca920bda8f128569fc002610c45314
PERT,https://www.fe-siken.com/keyword/14/14-6/#23e1cac0fe517cb214633d3eace6b9cd782fcee9
PGP,https://www.fe-siken.com/keyword/11/11-5/#2460371cadc0d6f23254bf903769955151941104
PHP,https://www.fe-siken.com/keyword/2/2-4/#7daf403c7589f4927632ed3b6af762a992f09b78
ping,https://www.fe-siken.com/keyword/10/10-4/#572982bbc4f29ee92ae2d65a9edc2453d2c9170c
PINコード,https://www.fe-siken.com/keyword/11/11-1/#24636741c18d1611775a43a47f1013bde9d55672
PKI,https://www.fe-siken.com/keyword/11/11-1/#905a25c12c295c9036ea409d6e4a0f05648c92a4
PL法,https://www.fe-siken.com/keyword/23/23-4/#e188d74f5776dda7e67e170e904a1fcd38bc14b4
PM,https://www.fe-siken.com/keyword/1/1-4/#0c95dc6163ff0d09e82f44e7c50db7ad6b089bf3
PMBOK,https://www.fe-siken.com/keyword/14/14-1/#76dc61c92890ffd3259cf25205916b4a116c7011
PMO,https://www.fe-siken.com/keyword/14/14-1/#a784f558e9ef0d6d4af147fa2e3eadc1b1f12975
PNG,https://www.fe-siken.com/keyword/8/8-1/#70fe60b7dfe0837f2c69677bfef128c134937b16
PoC,https://www.fe-siken.com/keyword/20/20-1/#0c28ea345123e1c4170780e2224d2dc01dbf7f2e
POP,https://www.fe-siken.com/keyword/10/10-3/#c7ba2dc1ed7e11ee4d4055fc0b60a43933fd7ba8
POP3,https://www.fe-siken.com/keyword/10/10-5/#97662c7da0968355c9e651f10847918c850ef0f0
POSシステム,https://www.fe-siken.com/keyword/21/21-1/#8b37b59459fdab6c2a8293aeb10ef396d3a7f58c
PoV,https://www.fe-siken.com/keyword/20/20-1/#a5a7674f5e5fbfde9b4d822afd7186902a125ac9
ppi,https://www.fe-siken.com/keyword/8/8-2/#9e4b7e843f60cd051e5470668c8a0fd9a3388d06
PPM,https://www.fe-siken.com/keyword/19/19-1/#c69fa2f474b2a6fc84d801465fd61d74825cf309
PPP,https://www.fe-siken.com/keyword/10/10-3/#045240b6e36beb506efe8d0149db18e7cfca8953
PPPoE,https://www.fe-siken.com/keyword/10/10-3/#acd88297c74a39baff4d3db0d87acf89bc1e5027
PSIRT,https://www.fe-siken.com/keyword/11/11-2/#4b4aa0a42c95d2667814c2a30d6ba1f1685b131f
PTS法,https://www.fe-siken.com/keyword/22/22-2/#af657037fde8a9fea126396c050933be1598219b
PWA,https://www.fe-siken.com/keyword/13/13-1/#5484bed69c66a0cc45d1641b02838c8aed485043
PWM制御,https://www.fe-siken.com/keyword/6/6-1/#91c8ffa6794532802c4a103de7f003a0339a4ebc
Python,https://www.fe-siken.com/keyword/2/2-4/#6e3604888c4b4ec08e2837913d012fe2834ffa83
QoS,https://www.fe-siken.com/keyword/10/10-1/#4c6ef0ac2230460c5b47c8e1bc9abaa4f7e4475a
QRコード,https://www.fe-siken.com/keyword/23/23-5/#a4f3eed064231e33da59b7062f99e675da9b72d2
QuickTime,https://www.fe-siken.com/keyword/8/8-1/#35a6c149c04903423fb72d827f60dd137d1672f6
R,https://www.fe-siken.com/keyword/2/2-4/#06576556d1ad802f247cad11ae748be47b70cd9c
R&D,https://www.fe-siken.com/keyword/20/20-1/#58ae9caf6d25f6f5e332d20ec45ca9b09b14e31b
RADIUS,https://www.fe-siken.com/keyword/10/10-1/#69ea47baa82d4063decd9c78ab5ff860bdf2915e
RAID0,https://www.fe-siken.com/keyword/4/4-1/#90218e73dbf4e794abd751a709a7794696099885
RAID1,https://www.fe-siken.com/keyword/4/4-1/#188679ac5f4fd50a31cfd3ffcb04f9fd95dec8b3
RAID2,https://www.fe-siken.com/keyword/4/4-1/#493c09519ed6baf6b5242599ddd3087aea608788
RAID3,https://www.fe-siken.com/keyword/4/4-1/#84ed3794e531e1de0ea45197b8d7735b9ebb54f4
RAID4,https://www.fe-siken.com/keyword/4/4-1/#78431f1c5dbc94b02dd39762356d5caf058ff8e9
RAID5,https://www.fe-siken.com/keyword/4/4-1/#fda4ac0f769284754334ca5f35bc5bec63063b13
RAID6,https://www.fe-siken.com/keyword/4/4-1/#5a7bf5c539ee8c9d3d1636e6ac156941243d54cf
RAID10,https://www.fe-siken.com/keyword/4/4-1/#b13c5225fadb90a6b4c5d44035036ee37ccd1aa6
RAM,https://www.fe-siken.com/keyword/3/3-2/#ac698b848e1df138672f7b030cbeb3215de68fe2
RAMファイル,https://www.fe-siken.com/keyword/3/3-2/#2561490ba2503053b82cc1973448105605243d1a
RASIS,https://www.fe-siken.com/keyword/4/4-2/#469d729460d5d92b7cb34136d8bf1592a8d10bc8
RAT,https://www.fe-siken.com/keyword/11/11-1/#fe92a797905da1d89e3743cae63892f776619dfb
RDB,https://www.fe-siken.com/keyword/9/9-1/#10bf8c1db60ad9a4e517a6983663c3987cec12c3
RFI,https://www.fe-siken.com/keyword/18/18-3/#3f16317cce5551d524f1d04282e610e7c8b5415b
RFP,https://www.fe-siken.com/keyword/18/18-3/#34cfa302d369c852f87be7dcdb0534ac7522d8a7
RFQ,https://www.fe-siken.com/keyword/18/18-3/#97619681ade981f2d9f33435b51ccaa95b9c8917
RISC,https://www.fe-siken.com/keyword/3/3-1/#00c5669bee6aea2450701c99a4ec164a0e72d247
RLO,https://www.fe-siken.com/keyword/15/15-2/#c75dff3aa48cb2ccd5b96f81ad5690623ffbeffa
ROA,https://www.fe-siken.com/keyword/22/22-3/#8133ce0644b6605d89fe2273f1a2b735ee3d3105
ROC曲線,https://www.fe-siken.com/keyword/1/1-3/#c53f612f6936cf4041cfdb952342a8dc8ef6ffa9
ROE,https://www.fe-siken.com/keyword/22/22-3/#e3cb09f562badbf843fdff694766aac25893993f
ROM,https://www.fe-siken.com/keyword/3/3-2/#476e4f998f3a68f8bb5c3f5898775dc56754afba
root,https://www.fe-siken.com/keyword/5/5-1/#dc76e9f0c0006e8f919e0c515c66dbba3982f785
RPA,https://www.fe-siken.com/keyword/17/17-2/#b0b0367f3d63be803ffbe7dc85fe8d93e40417e3
RPC,https://www.fe-siken.com/keyword/4/4-1/#c3282cbbcba660116d62c007822229220838a1c6
RPO,https://www.fe-siken.com/keyword/15/15-2/#21a0cf7f22021acdfaedf8cc76e21bdc5f278999
RS-232C,https://www.fe-siken.com/keyword/3/3-4/#430adfd11ca4af20000afcb7673b20e31c7ad43a
RSA暗号,https://www.fe-siken.com/keyword/11/11-1/#01fc33e12c6dbc453a43c4169d0a4e8a3440a452
RTO,https://www.fe-siken.com/keyword/15/15-2/#3210ebe04160503199cd8e8f5bd904803634943c
Ruby,https://www.fe-siken.com/keyword/2/2-4/#b217e98c3bf70f3cf4633a5447d6587eea974ba1
S/MIME,https://www.fe-siken.com/keyword/11/11-5/#1c4037966b5bd032994ff203591bcb2d97d002e5
SaaS,https://www.fe-siken.com/keyword/4/4-1/#5c278c2e4b2b72dd8f74e273d5a7a30bdd46f3ef
SAN,https://www.fe-siken.com/keyword/4/4-1/#c1c15b71455bc9924240afec627d1b5e9012ca1c
SAX,https://www.fe-siken.com/keyword/2/2-5/#3c42d7ffd4943233a88136373cf6a6762518582e
SBOM,https://www.fe-siken.com/keyword/13/13-4/#bc385b715b3eb611f05cad68344aaa1d98e28577
SCM,https://www.fe-siken.com/keyword/17/17-1/#9aa5449df2c27f8c453076898c93afa895c00117
SDGs,https://www.fe-siken.com/keyword/19/19-1/#25875a40b10a8136cc64d9c6fdab962d933f911f
SDN,https://www.fe-siken.com/keyword/10/10-4/#6662956f2d6b5d4c07abcebf71350b9941e1110f
SDカードリーダー,https://www.fe-siken.com/keyword/3/3-5/#a67297b1ae03a56f9fe3edd8444887fbe10ab4bd
SECIモデル,https://www.fe-siken.com/keyword/19/19-4/#4a1fbcc77ec8a9f4290a7f5e7582bf049a9e5f10
SECURITY ACTION,https://www.fe-siken.com/keyword/11/11-2/#0e0045af3474c67645854fdd2383c6b3a80e3e02
SELECT文,https://www.fe-siken.com/keyword/9/9-3/#e557f91df4f2de1acac641d851a4446db709952b
SEO,https://www.fe-siken.com/keyword/19/19-2/#0607869e05567e53ae50120a9680bb55fdf9d803
SEOポイズニング,https://www.fe-siken.com/keyword/11/11-1/#14a28d1756de86ad8dad743056b50aa439e88eae
SFA,https://www.fe-siken.com/keyword/17/17-1/#0360eae101b021bed9535fd2bd4ccce7762dbf02
SGML,https://www.fe-siken.com/keyword/2/2-5/#4b9079dcb3b5d1ef1e40482f9c01179073a53f17
SIEM,https://www.fe-siken.com/keyword/11/11-4/#9bd91395b7b8464210807c84b7698b90099083b4
SIMD,https://www.fe-siken.com/keyword/3/3-1/#6de691384f5963f51651150662473268acfe159d
SIMカード,https://www.fe-siken.com/keyword/10/10-5/#88a12d2ed550e7a4c88a8ee350705e030c6a9040
SISD,https://www.fe-siken.com/keyword/3/3-1/#7047e196b20d8d909a668f10d6dc063b404dbd55
SLA,https://www.fe-siken.com/keyword/15/15-1/#62b12a5b3d7d042be2370e553d5af5c27ba5ed08
SLCP,https://www.fe-siken.com/keyword/13/13-4/#a6700fe97644b2d7c69f9c6b90caa26e855e606c
SLCP-JCF,https://www.fe-siken.com/keyword/13/13-1/#86247fcf4dfc160dab8819c72681ac547d20a7d4
SLI,https://www.fe-siken.com/keyword/15/15-1/#ff501cb38db19529bc3eb7fd5759f3844626fdf6
SLO,https://www.fe-siken.com/keyword/15/15-1/#001ca9f0dc37846e15a294619f40d08d0ffc7dbc
SMTP,https://www.fe-siken.com/keyword/10/10-3/#efff9ccaa6b15ff9425eb5792bbcb44d1319adc9
SMTP-AUTH,https://www.fe-siken.com/keyword/11/11-5/#e7915039a2e0f4a3964f855c32d7f4bfb302a857
SNMPエージェント,https://www.fe-siken.com/keyword/10/10-4/#a270b13f82ddb589bb5e082f7a2f8746ccf7b679
SNMP管理ステーション,https://www.fe-siken.com/keyword/10/10-4/#f5ea1abb7993c4052c6aa25b3597092f73cec427
SNS,https://www.fe-siken.com/keyword/21/21-3/#e14d3b1405adce3749c6f78def02dd037f658726
SNSによる情報発信のリスク,https://www.fe-siken.com/keyword/11/11-2/#79722441dfd36b00273f38abdbd52e23c9315479
SNSの悪用,https://www.fe-siken.com/keyword/11/11-1/#a976ece4e536d8bede6d628c9bf5e8cb847c7ef5
SO-DIMM,https://www.fe-siken.com/keyword/3/3-2/#e2e84d40c4c6713e5b4c4e94583cef4b411d876b
SOA,https://www.fe-siken.com/keyword/17/17-1/#15db3050f70ca1a4e142ac96720cf7dd0be25354
SOAP,https://www.fe-siken.com/keyword/2/2-5/#2d4012e4dab8287d12a2889789984334fc5c8763
SOC,https://www.fe-siken.com/keyword/11/11-2/#f387eb74d0544f1a41a4abaa0ad24b7cd78ed5f8
Society5.0,https://www.fe-siken.com/keyword/22/22-1/#24dd2d3f00dd70e5e4894d830202a1ea45aab115
SoE,https://www.fe-siken.com/keyword/18/18-1/#86b713d732958dfad65f16bc9777fcfe47241625
SoI,https://www.fe-siken.com/keyword/18/18-1/#872f9d82929eb76fa9c65e9dd4cae9e951fa6e20
SoR,https://www.fe-siken.com/keyword/18/18-1/#e580d04f790cf27a670723587d8dcd4f3029df0f
SPECfp,https://www.fe-siken.com/keyword/4/4-2/#4d64a17ab6c25e2ae5e2b2964aa8fec2b74de383
SPECint,https://www.fe-siken.com/keyword/4/4-2/#5a9592ea1bb36a99efd85bb19b3aeb147aa27021
SPF,https://www.fe-siken.com/keyword/11/11-5/#db2b55b7f6234e54851fa1df114534103d24515a
SPOC,https://www.fe-siken.com/keyword/15/15-4/#33f772c59c0a7e9bac6e98fd51e0af28126bf110
SQL,https://www.fe-siken.com/keyword/9/9-3/#2064cb643caa8d9e1de12eea7f3e143ca9f8680d
SQLインジェクション,https://www.fe-siken.com/keyword/11/11-1/#4d327ab27a2863b4a810d193c490810cf90595c7
SQLインジェクション対策,https://www.fe-siken.com/keyword/11/11-5/#b4ff85f06c4802bcc83737a3889c7d90af5c95c2
SRAM,https://www.fe-siken.com/keyword/3/3-2/#50d235e4decef77b763dbc9485a20f2d09419a67
SRE,https://www.fe-siken.com/keyword/13/13-1/#a1659538a591328c25e2020177c139f494211c7b
SRI,https://www.fe-siken.com/keyword/22/22-1/#ec23d6845ec529a4ba7c10becc0ba77118d50cea
ss,https://www.fe-siken.com/keyword/10/10-4/#c1c93f88d273660be5358cd4ee2df2c2f3f0e8e7
SSD,https://www.fe-siken.com/keyword/3/3-2/#7475228222f23a99d94e3e2736fe801230d81195
SSH,https://www.fe-siken.com/keyword/11/11-5/#839226786b62bf95c9258e79140ac43890ceae07
SSID,https://www.fe-siken.com/keyword/10/10-1/#a5eb8edab8ed50a80a42a5963a6686ca340aa58b
SSL/TLS,https://www.fe-siken.com/keyword/11/11-5/#ccc10a67da6933e92affe5c902fea7d24d9202da
SSL/TLSアクセラレーター,https://www.fe-siken.com/keyword/11/11-4/#e39b2c4a5612dc308dcafb2fa0a1cb291ce7b6f6
STEP,https://www.fe-siken.com/keyword/21/21-3/#0c9b85f563579fedda40c8a1de1e54a014733cf6
STN液晶,https://www.fe-siken.com/keyword/3/3-5/#0d9647c74c8fa21b300833f2b55040ad2122e107
STP分析,https://www.fe-siken.com/keyword/19/19-2/#5d3e18446f0d57b363d1bf2ea754cdf6d0df9f63
STS分割,https://www.fe-siken.com/keyword/12/12-2/#61d88cc56ce10b6f846b18cfb4e1d791066395de
SVC割込み,https://www.fe-siken.com/keyword/3/3-1/#af90227937f94569096d9966ac719e5d592fe5b4
SVG,https://www.fe-siken.com/keyword/2/2-5/#50fce6d02899850101b1865a947b45128c5350eb
SVGA,https://www.fe-siken.com/keyword/3/3-5/#028e234160268d8f1954dbb41778ee2004a53639
SWOT分析,https://www.fe-siken.com/keyword/19/19-1/#2df2dcc553a85e36e69d9fa890aa3ce9f8de4632
SYN同期,https://www.fe-siken.com/keyword/1/1-4/#207396745e051bd411dba0b2455bec7ce9d2e9a3
SysML,https://www.fe-siken.com/keyword/12/12-1/#8b31111fd8c37c33df1a6857bee95d8cc2b2fe9b
TCO,https://www.fe-siken.com/keyword/4/4-2/#7128ea3ba4b2d7f1af3f1abe37641a876a7d4b8b
TCP,https://www.fe-siken.com/keyword/10/10-3/#f544fb304c83e23652a63e1bb1b28f4fcc7f6ac0
TCP/IP,https://www.fe-siken.com/keyword/5/5-1/#88da89e91381b190bd9878177d6d1952a36ddc55
TDM,https://www.fe-siken.com/keyword/1/1-4/#b85a3b4e0d8e66f050b350e80c406b9c5618688f
TDMA,https://www.fe-siken.com/keyword/10/10-2/#65171e0c39bca6d71be43f45d85510322ea19788
TELNET,https://www.fe-siken.com/keyword/10/10-3/#70938a2243e44c69dccfa458fdb2557b42a81432
TFT液晶,https://www.fe-siken.com/keyword/3/3-5/#ed4a4606f7c5bdd4f706ddc765c501deced91b13
The Open Group,https://www.fe-siken.com/keyword/5/5-5/#ce0d32e439688aac56cfaef4a15f82022598cad7
Thunderbolt,https://www.fe-siken.com/keyword/3/3-4/#adddee8d342e63a62af12850e9ccbcd4cb2449ba
TIFF,https://www.fe-siken.com/keyword/8/8-1/#a775b64f2cd6a88a198986d46d44e0a021785125
TLD,https://www.fe-siken.com/keyword/10/10-1/#09d82bcbd3c93b91f31891979e98129951118acb
To-beモデル,https://www.fe-siken.com/keyword/17/17-1/#f7dd09b503bcc66adf504921e07dc14c25743171
TOB,https://www.fe-siken.com/keyword/19/19-1/#e64c644acd699011999f0731e8e76b0ece82d3a4
TPC,https://www.fe-siken.com/keyword/4/4-2/#8c658426f6e9645ac24a7cc07d9404747aa712b3
TPモニター,https://www.fe-siken.com/keyword/5/5-2/#9b5978f72731bac0c0eb875ca2c957630436610a
TQM,https://www.fe-siken.com/keyword/19/19-3/#5f462a1b1cbe2b02961134a9c37089022a2436a4
traceroute,https://www.fe-siken.com/keyword/10/10-4/#4807910cb0442251fc5851b9c1651d8b9f81fcb6
TR分割,https://www.fe-siken.com/keyword/12/12-2/#5826880d3b5bac60e8ed91a36c0fc242b43b0bd1
UCS,https://www.fe-siken.com/keyword/1/1-3/#e80de0851d29f92f6e9e34856bbc13a9b674c12b
UDP,https://www.fe-siken.com/keyword/10/10-3/#e9a6f622e340090feb219eb5c94b0df756e8e486
UML,https://www.fe-siken.com/keyword/12/12-1/#e145670208b007cb6046775cc948c427e5976533
Unicode,https://www.fe-siken.com/keyword/1/1-3/#9ab0bd9a6126ee4b9d7538d5c6cba7aa587f31ed
UNIX,https://www.fe-siken.com/keyword/5/5-1/#039571ef60c9b1a6527c96a684dccfc0e4f32a75
UPDATE文,https://www.fe-siken.com/keyword/9/9-3/#7b4ae5c6b6b7398b4b4479fc63e614ff134eb380
UPS,https://www.fe-siken.com/keyword/11/11-4/#979fe91b552588d71419b6db4374e114077d82d9
URL,https://www.fe-siken.com/keyword/10/10-5/#0e2d9b0777a485c1276de0803c12a7d76fbc5c39
URLフィルタリング,https://www.fe-siken.com/keyword/11/11-4/#1440c073602d7c3d06947fa6a4c1bf53f68b0630
USB,https://www.fe-siken.com/keyword/3/3-4/#09716c44992b8bceefcd6d77921ff9ec06e2764d
USBキー,https://www.fe-siken.com/keyword/11/11-4/#7ecc0fb5d105fe49790fa602613d4b32af34de3d
User-Agent,https://www.fe-siken.com/keyword/13/13-1/#170c6d2e56e8b4e9ec094b58afe212ec6e8296a6
UTM,https://www.fe-siken.com/keyword/11/11-4/#22a15aa0c12f5b950d695efedecda6e5a0e586ea
UX,https://www.fe-siken.com/keyword/19/19-2/#c16dbbcd3f4ba73091fb7f6b400c58c2f23465e9
UXデザイン,https://www.fe-siken.com/keyword/7/7-2/#860a281db7b4fa20228bfa0217eafbe04f6db195
UXデザインの五段階モデル,https://www.fe-siken.com/keyword/7/7-2/#d436d65c4a1cb55bc0ae05c2d6439802386e7f22
UXライティング,https://www.fe-siken.com/keyword/7/7-2/#518a00600d977fad97ebc1e0e88015f7cfcfc939
VC,https://www.fe-siken.com/keyword/20/20-1/#d6788b0715b89d9781e90f4df364ac624d78e439
VDI,https://www.fe-siken.com/keyword/4/4-1/#d87203ea76c5db4054ebda6b210c032d74d8fbdf
VDMTools,https://www.fe-siken.com/keyword/13/13-1/#7b62a4482189c2f635b423fe29d82a39ca4f65b8
VGA,https://www.fe-siken.com/keyword/3/3-5/#f1c8283ea2d740a7c807b5f276f709cf337b4a2f
VLAN,https://www.fe-siken.com/keyword/10/10-3/#560367fe85a6953e5e9421c92c7667f1718a56bf
VLIW,https://www.fe-siken.com/keyword/3/3-1/#071d0c546421f1540fa020528f3eb2fe6dc4cfa0
VLSI,https://www.fe-siken.com/keyword/6/6-1/#765c2ab060f17f821594f00fa841bc4646db381a
VM,https://www.fe-siken.com/keyword/4/4-1/#494e5398b739ace80c2800a4e5b3cd1fb68001cf
VoIP,https://www.fe-siken.com/keyword/10/10-1/#2ff4f370384a792eb83aff4c0a522bcc9c412075
VoLTE,https://www.fe-siken.com/keyword/10/10-5/#bb5db21289ef4f87522accc555f5e4311db46d9b
VPN,https://www.fe-siken.com/keyword/10/10-5/#33b7378d2e6a0283c4aeb4f875c30c3ade6d7654
VR,https://www.fe-siken.com/keyword/8/8-2/#5a762d0482a08bd6fa559fb2c5dca5ebd3da85a3
VRIO分析,https://www.fe-siken.com/keyword/19/19-1/#316cf605bbc22514f9faed37a6305e005221727b
VRゴーグル,https://www.fe-siken.com/keyword/21/21-4/#0fdcb7b749e7f0ff62351d59663c550b7fa08684
VUI,https://www.fe-siken.com/keyword/7/7-1/#6a37ac9c017b898c2221ee9ffaf81c98d9dd3617
W3C,https://www.fe-siken.com/keyword/23/23-5/#0a49502e4e64f0909fd4faaab12f4f056e7d99ae
WAF,https://www.fe-siken.com/keyword/11/11-4/#47f21a592bd313aad9891f164861043fd170e366
WAI,https://www.fe-siken.com/keyword/7/7-2/#520fa48ae13914f4e0e81c8daf12a18616f6ef8a
WAN,https://www.fe-siken.com/keyword/5/5-1/#329d58e881e7e6014107bc55a32c9992f8071e0a
WBS,https://www.fe-siken.com/keyword/14/14-4/#4b089c265c1c83bc019fe76c95955472bcd0954c
WBSの作成,https://www.fe-siken.com/keyword/14/14-4/#aa85b9a28db8b64e4511a2347489e58e30023fc9
WBS辞書,https://www.fe-siken.com/keyword/14/14-4/#61c03706f33c23be79a2077c3d28206486b55fe9
WCAG,https://www.fe-siken.com/keyword/7/7-2/#3354373068a65230be0efcf6468f02a4db93217b
WDM,https://www.fe-siken.com/keyword/10/10-2/#bbf5931846b3a9ba17431c1415a80bde26b52557
Web-EDI,https://www.fe-siken.com/keyword/21/21-3/#c1b044ef64a7b89c978649b037463709321390d5
Webクローリング,https://www.fe-siken.com/keyword/22/22-2/#fa3180b6f52ba978393f3d1219037eec3dd95675
Webコンテンツ,https://www.fe-siken.com/keyword/8/8-1/#15134edbbd54ed41b94b123ede56cb020fe71146
Webサーバ,https://www.fe-siken.com/keyword/4/4-1/#19700cbc10a837b7cf0f451a91bfb7023dc3280c
Webシステム,https://www.fe-siken.com/keyword/4/4-1/#6a534481a2fe6aafeef699ba8464b762867d3ddb
Webシステムのセキュリティ対策,https://www.fe-siken.com/keyword/11/11-5/#f2a764c2683a961a9f047d05274fc7f00367eee0
Webブラウザ,https://www.fe-siken.com/keyword/4/4-1/#527b25412c3482906882c126e35ee2d33792e9f3
Webプログラミング,https://www.fe-siken.com/keyword/2/2-3/#e0b35135edd49ac31602b9835d6b8fa9d3061752
Webメール,https://www.fe-siken.com/keyword/10/10-5/#def7907756946b3fb8b7b9124b38154d4195e96f
Web会議システム,https://www.fe-siken.com/keyword/21/21-1/#7efacd2279ccdaddb80f4f4880e0d7de3994d856
WFA,https://www.fe-siken.com/keyword/17/17-1/#2bbc9d0823a38d088b3eadb0c5fac4280892adca
Wi-Fi4/5/6/6E,https://www.fe-siken.com/keyword/10/10-3/#4b550725cc31446c5f987f5b2bef56401ea0b9b6
WORM,https://www.fe-siken.com/keyword/11/11-4/#08c0a0dbeb7f3a512799a8c6874cf514c0ea15c8
WPA2,https://www.fe-siken.com/keyword/11/11-5/#a0b8bd47333e4cb93de5a990074450bcd318893e
WPA3,https://www.fe-siken.com/keyword/11/11-5/#4a681e9394919fd0c99358c98cd68358cb089600
XBRL,https://www.fe-siken.com/keyword/21/21-1/#5cc23e8ed46aca9671ec6146bdebcaecfe12e52e
XGA,https://www.fe-siken.com/keyword/3/3-5/#994c9ffa88da1a1b66fabb88aaed3aca5c01acb0
XHTML Basic,https://www.fe-siken.com/keyword/2/2-5/#0942290a03f6db5f57f50930bedd61f0247e5c47
XHTML Modularization,https://www.fe-siken.com/keyword/2/2-5/#e37629cafdf0dcb882844300eb8219ff086a7ea9
XML,https://www.fe-siken.com/keyword/2/2-5/#c0aa9ef764d832b80428d756a731a94251b0e3a1
XML-EDI,https://www.fe-siken.com/keyword/21/21-3/#cc82f3f5cf32473e536aedd0a6aa7c6cf754fbce
XML Schema,https://www.fe-siken.com/keyword/2/2-5/#e910704d1c1ee0cbef6b9de0f82aa9249c122c2c
XMLデジタル署名,https://www.fe-siken.com/keyword/11/11-1/#e5dc1e9f27b8ef1d6df685ce4a7649e2c3a10a6f
XMLデータベース,https://www.fe-siken.com/keyword/9/9-1/#e2f19fbd4915523aeb8d6935c3ee6436cfd239ef
XP,https://www.fe-siken.com/keyword/13/13-1/#53af638931269c4d42a734447fc2f279cbb976ce
XSL,https://www.fe-siken.com/keyword/2/2-5/#2227877b1cac5e85ed4a05d3fb95b7550b0c3900
XY理論,https://www.fe-siken.com/keyword/22/22-1/#eadad513c368b3151b7c6535d9e7769c7d5041bc
YAGNI,https://www.fe-siken.com/keyword/13/13-1/#fe990a5f6c0df8268277d7dbbc0f99b9f554ea8c
YAML,https://www.fe-siken.com/keyword/2/2-5/#ffbcb202b09db426bae56cf2ffb88f18594f2258
ZigBee,https://www.fe-siken.com/keyword/3/3-4/#beb4bc1e0eba8d07f8ef608ac1e97ef0ad99c3d8
ZIP,https://www.fe-siken.com/keyword/8/8-1/#d9d220ab2925c9b97a98a9d9b35059f864dbe73a
1次データ,https://www.fe-siken.com/keyword/22/22-2/#59531af380423673738b0a7a5598f2431a419e74
10BASE-T,https://www.fe-siken.com/keyword/10/10-3/#e284d17b94d20cc807e75574369f7718fd2e665e
10GBASE-T,https://www.fe-siken.com/keyword/10/10-3/#ade953b0d7bb29b2e1c8abc6e97f24f7af48e39a
100BASE-TX,https://www.fe-siken.com/keyword/10/10-3/#cbd39b39f7f703b14e20c32d3756a13a2ec0f372
1000BASE-T,https://www.fe-siken.com/keyword/10/10-3/#53c8484a7d88d4edffb49f3e5ffafbbbefd11802
2の補数,https://www.fe-siken.com/keyword/1/1-1/#e144584053f7835827882c86614a4ae5ad13828d
2分探索木,https://www.fe-siken.com/keyword/2/2-1/#62427ad625feb85682eb574dfddfaaa58f456711
2分探索法,https://www.fe-siken.com/keyword/2/2-2/#da5f60fc57c97e03e254d98144e486a21ca964d3
2分木,https://www.fe-siken.com/keyword/2/2-1/#41f5d90950fb3a8ee2439d20467266034f543e36
2次データ,https://www.fe-siken.com/keyword/22/22-2/#ddb82ba2a287a1109d3b9adde9973ed96b290bd6
2相コミットメント,https://www.fe-siken.com/keyword/9/9-4/#baa1cb902cd1d55b21981f28700a8ad149e3934d
2軸グラフ,https://www.fe-siken.com/keyword/22/22-2/#e880ee3be90077193fadc74ac54d2df5f02fef76
3-2-1ルール,https://www.fe-siken.com/keyword/11/11-4/#9178947072a99b69b52e49d1655b62dfa164d8c6
3C分析,https://www.fe-siken.com/keyword/19/19-2/#b7db1cc2c1b6fc53f7b645c829a8e4108c976001
3Dプリンター,https://www.fe-siken.com/keyword/3/3-5/#c1db9957312c19ae38d97be0d26455ffd90db852
3層スキーマ構造,https://www.fe-siken.com/keyword/9/9-1/#fa3870da277feb1504b1b33a67e358d8f98727cb
3次元映像,https://www.fe-siken.com/keyword/8/8-2/#673395233162a9baa66f8acb3b5fc328de48dfa9
36協定,https://www.fe-siken.com/keyword/23/23-3/#07111c125ff288bed162a7ebd669c072fa62875d
4K/8K,https://www.fe-siken.com/keyword/8/8-1/#d0eb9cae810bca19a346cf2600c68a66bee9df9b
5G,https://www.fe-siken.com/keyword/10/10-5/#8a85fe387e2c50917fb2e7b7087aebd0c843e48f
